feature_1,feature_2,value_1,value_2,partial_dependence
vdd,charge_share_ratio,0.7272236739551361,0.08041915192272486,0.21272083167169994
vdd,charge_share_ratio,0.7272236739551361,0.0915039667034035,0.19711768852686362
vdd,charge_share_ratio,0.7272236739551361,0.10258878148408211,0.18167992269456498
vdd,charge_share_ratio,0.7272236739551361,0.11367359626476074,0.16627395791306174
vdd,charge_share_ratio,0.7272236739551361,0.12475841104543936,0.15104641898520008
vdd,charge_share_ratio,0.7272236739551361,0.135843225826118,0.13607142035186082
vdd,charge_share_ratio,0.7272236739551361,0.14692804060679662,0.12129921315927518
vdd,charge_share_ratio,0.7272236739551361,0.15801285538747523,0.10678528875463678
vdd,charge_share_ratio,0.7272236739551361,0.16909767016815386,0.09258257680136447
vdd,charge_share_ratio,0.7272236739551361,0.1801824849488325,0.07854267311386492
vdd,charge_share_ratio,0.7272236739551361,0.19126729972951112,0.06481869804694611
vdd,charge_share_ratio,0.7272236739551361,0.20235211451018975,0.0512649906236956
vdd,charge_share_ratio,0.7272236739551361,0.21343692929086838,0.03793809139920021
vdd,charge_share_ratio,0.7272236739551361,0.224521744071547,0.024908208095779472
vdd,charge_share_ratio,0.7272236739551361,0.23560655885222562,0.012211869371056432
vdd,charge_share_ratio,0.7272236739551361,0.24669137363290425,-0.00023272202633500485
vdd,charge_share_ratio,0.7272236739551361,0.25777618841358285,-0.012309870701788858
vdd,charge_share_ratio,0.7272236739551361,0.26886100319426154,-0.023947550025001124
vdd,charge_share_ratio,0.7272236739551361,0.2799458179749401,-0.03505246089008782
vdd,charge_share_ratio,0.7272236739551361,0.29103063275561875,-0.04573716006156116
vdd,charge_share_ratio,0.7559253680144262,0.08041915192272486,0.27807630633193053
vdd,charge_share_ratio,0.7559253680144262,0.0915039667034035,0.262642325600235
vdd,charge_share_ratio,0.7559253680144262,0.10258878148408211,0.24723095400501477
vdd,charge_share_ratio,0.7559253680144262,0.11367359626476074,0.23200133648532686
vdd,charge_share_ratio,0.7559253680144262,0.12475841104543936,0.21684449886263651
vdd,charge_share_ratio,0.7559253680144262,0.135843225826118,0.20187284777187156
vdd,charge_share_ratio,0.7559253680144262,0.14692804060679662,0.18712964414337702
vdd,charge_share_ratio,0.7559253680144262,0.15801285538747523,0.1725739598417534
vdd,charge_share_ratio,0.7559253680144262,0.16909767016815386,0.15823802452593777
vdd,charge_share_ratio,0.7559253680144262,0.1801824849488325,0.14410957193086285
vdd,charge_share_ratio,0.7559253680144262,0.19126729972951112,0.13015267685812407
vdd,charge_share_ratio,0.7559253680144262,0.20235211451018975,0.11639613190635581
vdd,charge_share_ratio,0.7559253680144262,0.21343692929086838,0.10293209853161389
vdd,charge_share_ratio,0.7559253680144262,0.224521744071547,0.08969793211979542
vdd,charge_share_ratio,0.7559253680144262,0.23560655885222562,0.07690339561057916
vdd,charge_share_ratio,0.7559253680144262,0.24669137363290425,0.06456624278115002
vdd,charge_share_ratio,0.7559253680144262,0.25777618841358285,0.05261604657292249
vdd,charge_share_ratio,0.7559253680144262,0.26886100319426154,0.04099270576892082
vdd,charge_share_ratio,0.7559253680144262,0.2799458179749401,0.029692382009545208
vdd,charge_share_ratio,0.7559253680144262,0.29103063275561875,0.018795220373718228
vdd,charge_share_ratio,0.7846270620737162,0.08041915192272486,0.340413321414408
vdd,charge_share_ratio,0.7846270620737162,0.0915039667034035,0.32546021763321553
vdd,charge_share_ratio,0.7846270620737162,0.10258878148408211,0.31051026834398937
vdd,charge_share_ratio,0.7846270620737162,0.11367359626476074,0.29547055086753043
vdd,charge_share_ratio,0.7846270620737162,0.12475841104543936,0.28040619995488913
vdd,charge_share_ratio,0.7846270620737162,0.135843225826118,0.26536235876666525
vdd,charge_share_ratio,0.7846270620737162,0.14692804060679662,0.2503844887836322
vdd,charge_share_ratio,0.7846270620737162,0.15801285538747523,0.2356154872219483
vdd,charge_share_ratio,0.7846270620737162,0.16909767016815386,0.2209772379509812
vdd,charge_share_ratio,0.7846270620737162,0.1801824849488325,0.2066202052782074
vdd,charge_share_ratio,0.7846270620737162,0.19126729972951112,0.19255089722043256
vdd,charge_share_ratio,0.7846270620737162,0.20235211451018975,0.17880370589282346
vdd,charge_share_ratio,0.7846270620737162,0.21343692929086838,0.16537899194541233
vdd,charge_share_ratio,0.7846270620737162,0.224521744071547,0.1522714722698706
vdd,charge_share_ratio,0.7846270620737162,0.23560655885222562,0.13945198556224583
vdd,charge_share_ratio,0.7846270620737162,0.24669137363290425,0.12685680250274922
vdd,charge_share_ratio,0.7846270620737162,0.25777618841358285,0.1146442431243444
vdd,charge_share_ratio,0.7846270620737162,0.26886100319426154,0.10278543693102911
vdd,charge_share_ratio,0.7846270620737162,0.2799458179749401,0.09132624517760984
vdd,charge_share_ratio,0.7846270620737162,0.29103063275561875,0.08024731598077944
vdd,charge_share_ratio,0.8133287561330064,0.08041915192272486,0.4010968621069679
vdd,charge_share_ratio,0.8133287561330064,0.0915039667034035,0.38561972288876467
vdd,charge_share_ratio,0.8133287561330064,0.10258878148408211,0.37026671096955305
vdd,charge_share_ratio,0.8133287561330064,0.11367359626476074,0.3550163039326708
vdd,charge_share_ratio,0.8133287561330064,0.12475841104543936,0.3398494058550452
vdd,charge_share_ratio,0.8133287561330064,0.135843225826118,0.3248087711459541
vdd,charge_share_ratio,0.8133287561330064,0.14692804060679662,0.30991784405623973
vdd,charge_share_ratio,0.8133287561330064,0.15801285538747523,0.29528686168119833
vdd,charge_share_ratio,0.8133287561330064,0.16909767016815386,0.2808805738738313
vdd,charge_share_ratio,0.8133287561330064,0.1801824849488325,0.266716805519837
vdd,charge_share_ratio,0.8133287561330064,0.19126729972951112,0.2527120972837095
vdd,charge_share_ratio,0.8133287561330064,0.20235211451018975,0.23886173264447963
vdd,charge_share_ratio,0.8133287561330064,0.21343692929086838,0.2252137884969881
vdd,charge_share_ratio,0.8133287561330064,0.224521744071547,0.21169980798391838
vdd,charge_share_ratio,0.8133287561330064,0.23560655885222562,0.19839995950248726
vdd,charge_share_ratio,0.8133287561330064,0.24669137363290425,0.18541701735349905
vdd,charge_share_ratio,0.8133287561330064,0.25777618841358285,0.17262135320638428
vdd,charge_share_ratio,0.8133287561330064,0.26886100319426154,0.15987038261202915
vdd,charge_share_ratio,0.8133287561330064,0.2799458179749401,0.14744515804849695
vdd,charge_share_ratio,0.8133287561330064,0.29103063275561875,0.13524061278667368
vdd,charge_share_ratio,0.8420304501922965,0.08041915192272486,0.4579381586729551
vdd,charge_share_ratio,0.8420304501922965,0.0915039667034035,0.4427578573959422
vdd,charge_share_ratio,0.8420304501922965,0.10258878148408211,0.4275809603063182
vdd,charge_share_ratio,0.8420304501922965,0.11367359626476074,0.41264214335580346
vdd,charge_share_ratio,0.8420304501922965,0.12475841104543936,0.3978010242110483
vdd,charge_share_ratio,0.8420304501922965,0.135843225826118,0.3826951211717656
vdd,charge_share_ratio,0.8420304501922965,0.14692804060679662,0.36762251261332357
vdd,charge_share_ratio,0.8420304501922965,0.15801285538747523,0.35263785430469313
vdd,charge_share_ratio,0.8420304501922965,0.16909767016815386,0.33770153461288427
vdd,charge_share_ratio,0.8420304501922965,0.1801824849488325,0.32271546389282213
vdd,charge_share_ratio,0.8420304501922965,0.19126729972951112,0.30783397680357355
vdd,charge_share_ratio,0.8420304501922965,0.20235211451018975,0.2932452311995303
vdd,charge_share_ratio,0.8420304501922965,0.21343692929086838,0.2788230903291322
vdd,charge_share_ratio,0.8420304501922965,0.224521744071547,0.26442388947499434
vdd,charge_share_ratio,0.8420304501922965,0.23560655885222562,0.250140023682597
vdd,charge_share_ratio,0.8420304501922965,0.24669137363290425,0.23614909187201466
vdd,charge_share_ratio,0.8420304501922965,0.25777618841358285,0.22242887396227334
vdd,charge_share_ratio,0.8420304501922965,0.26886100319426154,0.20900509188040992
vdd,charge_share_ratio,0.8420304501922965,0.2799458179749401,0.19589218541879155
vdd,charge_share_ratio,0.8420304501922965,0.29103063275561875,0.1829819095981088
vdd,charge_share_ratio,0.8707321442515865,0.08041915192272486,0.5117022860712429
vdd,charge_share_ratio,0.8707321442515865,0.0915039667034035,0.49633411273721034
vdd,charge_share_ratio,0.8707321442515865,0.10258878148408211,0.4806826812637122
vdd,charge_share_ratio,0.8707321442515865,0.11367359626476074,0.4648406315180433
vdd,charge_share_ratio,0.8707321442515865,0.12475841104543936,0.4490456994576763
vdd,charge_share_ratio,0.8707321442515865,0.135843225826118,0.4332655035351781
vdd,charge_share_ratio,0.8707321442515865,0.14692804060679662,0.4174432631821049
vdd,charge_share_ratio,0.8707321442515865,0.15801285538747523,0.4016087015366635
vdd,charge_share_ratio,0.8707321442515865,0.16909767016815386,0.38581683302731246
vdd,charge_share_ratio,0.8707321442515865,0.1801824849488325,0.37018669560459966
vdd,charge_share_ratio,0.8707321442515865,0.19126729972951112,0.354722843893114
vdd,charge_share_ratio,0.8707321442515865,0.20235211451018975,0.3393777192055716
vdd,charge_share_ratio,0.8707321442515865,0.21343692929086838,0.32421969176593785
vdd,charge_share_ratio,0.8707321442515865,0.224521744071547,0.3093521901357155
vdd,charge_share_ratio,0.8707321442515865,0.23560655885222562,0.2947314360287197
vdd,charge_share_ratio,0.8707321442515865,0.24669137363290425,0.28042932852534946
vdd,charge_share_ratio,0.8707321442515865,0.25777618841358285,0.2663355967257038
vdd,charge_share_ratio,0.8707321442515865,0.26886100319426154,0.25252109610613954
vdd,charge_share_ratio,0.8707321442515865,0.2799458179749401,0.2389299987042617
vdd,charge_share_ratio,0.8707321442515865,0.29103063275561875,0.22559745370214204
vdd,charge_share_ratio,0.8994338383108766,0.08041915192272486,0.5593976946177314
vdd,charge_share_ratio,0.8994338383108766,0.0915039667034035,0.5431367574467746
vdd,charge_share_ratio,0.8994338383108766,0.10258878148408211,0.5267293509030799
vdd,charge_share_ratio,0.8994338383108766,0.11367359626476074,0.5101869788915512
vdd,charge_share_ratio,0.8994338383108766,0.12475841104543936,0.49368343674616616
vdd,charge_share_ratio,0.8994338383108766,0.135843225826118,0.4770823859478375
vdd,charge_share_ratio,0.8994338383108766,0.14692804060679662,0.46049230594803564
vdd,charge_share_ratio,0.8994338383108766,0.15801285538747523,0.4441079076025669
vdd,charge_share_ratio,0.8994338383108766,0.16909767016815386,0.4280190290752952
vdd,charge_share_ratio,0.8994338383108766,0.1801824849488325,0.41207782881806526
vdd,charge_share_ratio,0.8994338383108766,0.19126729972951112,0.39617177716677104
vdd,charge_share_ratio,0.8994338383108766,0.20235211451018975,0.3804062935214502
vdd,charge_share_ratio,0.8994338383108766,0.21343692929086838,0.36485675514997684
vdd,charge_share_ratio,0.8994338383108766,0.224521744071547,0.3495151477678847
vdd,charge_share_ratio,0.8994338383108766,0.23560655885222562,0.3345525009512643
vdd,charge_share_ratio,0.8994338383108766,0.24669137363290425,0.3198911617126183
vdd,charge_share_ratio,0.8994338383108766,0.25777618841358285,0.3055812671321578
vdd,charge_share_ratio,0.8994338383108766,0.26886100319426154,0.29153225348301326
vdd,charge_share_ratio,0.8994338383108766,0.2799458179749401,0.2777585304820456
vdd,charge_share_ratio,0.8994338383108766,0.29103063275561875,0.26430893223765367
vdd,charge_share_ratio,0.9281355323701668,0.08041915192272486,0.600083773374559
vdd,charge_share_ratio,0.9281355323701668,0.0915039667034035,0.5830989482360023
vdd,charge_share_ratio,0.9281355323701668,0.10258878148408211,0.5660607878799478
vdd,charge_share_ratio,0.9281355323701668,0.11367359626476074,0.5491143933077769
vdd,charge_share_ratio,0.9281355323701668,0.12475841104543936,0.532323522098588
vdd,charge_share_ratio,0.9281355323701668,0.135843225826118,0.5155392587362564
vdd,charge_share_ratio,0.9281355323701668,0.14692804060679662,0.49876080069764445
vdd,charge_share_ratio,0.9281355323701668,0.15801285538747523,0.48210025364644177
vdd,charge_share_ratio,0.9281355323701668,0.16909767016815386,0.46558832853332616
vdd,charge_share_ratio,0.9281355323701668,0.1801824849488325,0.4492585126614897
vdd,charge_share_ratio,0.9281355323701668,0.19126729972951112,0.4332104583582072
vdd,charge_share_ratio,0.9281355323701668,0.20235211451018975,0.4174212074337294
vdd,charge_share_ratio,0.9281355323701668,0.21343692929086838,0.40175180046989895
vdd,charge_share_ratio,0.9281355323701668,0.224521744071547,0.38628358194977197
vdd,charge_share_ratio,0.9281355323701668,0.23560655885222562,0.3710799730563003
vdd,charge_share_ratio,0.9281355323701668,0.24669137363290425,0.3561685641067979
vdd,charge_share_ratio,0.9281355323701668,0.25777618841358285,0.34148574767486845
vdd,charge_share_ratio,0.9281355323701668,0.26886100319426154,0.3271330447549218
vdd,charge_share_ratio,0.9281355323701668,0.2799458179749401,0.31306047439860046
vdd,charge_share_ratio,0.9281355323701668,0.29103063275561875,0.29921796437700443
vdd,charge_share_ratio,0.9568372264294569,0.08041915192272486,0.6351285591677691
vdd,charge_share_ratio,0.9568372264294569,0.0915039667034035,0.6179216943097601
vdd,charge_share_ratio,0.9568372264294569,0.10258878148408211,0.6008099322735769
vdd,charge_share_ratio,0.9568372264294569,0.11367359626476074,0.5837608666152351
vdd,charge_share_ratio,0.9568372264294569,0.12475841104543936,0.5668104387857815
vdd,charge_share_ratio,0.9568372264294569,0.135843225826118,0.5500074854469008
vdd,charge_share_ratio,0.9568372264294569,0.14692804060679662,0.5332533281007701
vdd,charge_share_ratio,0.9568372264294569,0.15801285538747523,0.5165199265168688
vdd,charge_share_ratio,0.9568372264294569,0.16909767016815386,0.49980062673201503
vdd,charge_share_ratio,0.9568372264294569,0.1801824849488325,0.48320928991756745
vdd,charge_share_ratio,0.9568372264294569,0.19126729972951112,0.46681300701174366
vdd,charge_share_ratio,0.9568372264294569,0.20235211451018975,0.45059027463044776
vdd,charge_share_ratio,0.9568372264294569,0.21343692929086838,0.4345389574734705
vdd,charge_share_ratio,0.9568372264294569,0.224521744071547,0.41865576880849176
vdd,charge_share_ratio,0.9568372264294569,0.23560655885222562,0.4030070596247653
vdd,charge_share_ratio,0.9568372264294569,0.24669137363290425,0.3877130385479498
vdd,charge_share_ratio,0.9568372264294569,0.25777618841358285,0.37269839001113036
vdd,charge_share_ratio,0.9568372264294569,0.26886100319426154,0.3581067246355125
vdd,charge_share_ratio,0.9568372264294569,0.2799458179749401,0.34380697096578616
vdd,charge_share_ratio,0.9568372264294569,0.29103063275561875,0.3297512746918957
vdd,charge_share_ratio,0.9855389204887469,0.08041915192272486,0.6664121499511706
vdd,charge_share_ratio,0.9855389204887469,0.0915039667034035,0.6491686163827175
vdd,charge_share_ratio,0.9855389204887469,0.10258878148408211,0.6319534894883051
vdd,charge_share_ratio,0.9855389204887469,0.11367359626476074,0.6147653526683591
vdd,charge_share_ratio,0.9855389204887469,0.12475841104543936,0.5975299984032605
vdd,charge_share_ratio,0.9855389204887469,0.135843225826118,0.5803093602641899
vdd,charge_share_ratio,0.9855389204887469,0.14692804060679662,0.5630914255843861
vdd,charge_share_ratio,0.9855389204887469,0.15801285538747523,0.5459272221313685
vdd,charge_share_ratio,0.9855389204887469,0.16909767016815386,0.5288774174555643
vdd,charge_share_ratio,0.9855389204887469,0.1801824849488325,0.5120733849996215
vdd,charge_share_ratio,0.9855389204887469,0.19126729972951112,0.49547986300460806
vdd,charge_share_ratio,0.9855389204887469,0.20235211451018975,0.47902178290988856
vdd,charge_share_ratio,0.9855389204887469,0.21343692929086838,0.46280536370610253
vdd,charge_share_ratio,0.9855389204887469,0.224521744071547,0.4468862891629163
vdd,charge_share_ratio,0.9855389204887469,0.23560655885222562,0.43128268187430874
vdd,charge_share_ratio,0.9855389204887469,0.24669137363290425,0.41592760317892863
vdd,charge_share_ratio,0.9855389204887469,0.25777618841358285,0.40084383392343936
vdd,charge_share_ratio,0.9855389204887469,0.26886100319426154,0.3860730125659772
vdd,charge_share_ratio,0.9855389204887469,0.2799458179749401,0.37165427016039454
vdd,charge_share_ratio,0.9855389204887469,0.29103063275561875,0.35759377535799763
vdd,charge_share_ratio,1.014240614548037,0.08041915192272486,0.6936836892165481
vdd,charge_share_ratio,1.014240614548037,0.0915039667034035,0.6760072665992354
vdd,charge_share_ratio,1.014240614548037,0.10258878148408211,0.6584208829142215
vdd,charge_share_ratio,1.014240614548037,0.11367359626476074,0.6408611971108858
vdd,charge_share_ratio,1.014240614548037,0.12475841104543936,0.6234418936878982
vdd,charge_share_ratio,1.014240614548037,0.135843225826118,0.6061520865941603
vdd,charge_share_ratio,1.014240614548037,0.14692804060679662,0.5889847277709764
vdd,charge_share_ratio,1.014240614548037,0.15801285538747523,0.5719330945199549
vdd,charge_share_ratio,1.014240614548037,0.16909767016815386,0.5550438123401885
vdd,charge_share_ratio,1.014240614548037,0.1801824849488325,0.5383871260775629
vdd,charge_share_ratio,1.014240614548037,0.19126729972951112,0.5218327803754872
vdd,charge_share_ratio,1.014240614548037,0.20235211451018975,0.5053864050533415
vdd,charge_share_ratio,1.014240614548037,0.21343692929086838,0.48909282776193824
vdd,charge_share_ratio,1.014240614548037,0.224521744071547,0.47307951146203475
vdd,charge_share_ratio,1.014240614548037,0.23560655885222562,0.4573675297460193
vdd,charge_share_ratio,1.014240614548037,0.24669137363290425,0.4419353500112955
vdd,charge_share_ratio,1.014240614548037,0.25777618841358285,0.42683986893682024
vdd,charge_share_ratio,1.014240614548037,0.26886100319426154,0.41208324201949986
vdd,charge_share_ratio,1.014240614548037,0.2799458179749401,0.3976618016633056
vdd,charge_share_ratio,1.014240614548037,0.29103063275561875,0.3836256657882356
vdd,charge_share_ratio,1.042942308607327,0.08041915192272486,0.7179258538751844
vdd,charge_share_ratio,1.042942308607327,0.0915039667034035,0.7002836820772684
vdd,charge_share_ratio,1.042942308607327,0.10258878148408211,0.6827822046616842
vdd,charge_share_ratio,1.042942308607327,0.11367359626476074,0.6653221201626239
vdd,charge_share_ratio,1.042942308607327,0.12475841104543936,0.6479256987096513
vdd,charge_share_ratio,1.042942308607327,0.135843225826118,0.6306294258278272
vdd,charge_share_ratio,1.042942308607327,0.14692804060679662,0.6133637123866214
vdd,charge_share_ratio,1.042942308607327,0.15801285538747523,0.5962403304251923
vdd,charge_share_ratio,1.042942308607327,0.16909767016815386,0.5793225299339354
vdd,charge_share_ratio,1.042942308607327,0.1801824849488325,0.5626152989829731
vdd,charge_share_ratio,1.042942308607327,0.19126729972951112,0.5460694499852232
vdd,charge_share_ratio,1.042942308607327,0.20235211451018975,0.5296875504111384
vdd,charge_share_ratio,1.042942308607327,0.21343692929086838,0.513504974588397
vdd,charge_share_ratio,1.042942308607327,0.224521744071547,0.4975327182569234
vdd,charge_share_ratio,1.042942308607327,0.23560655885222562,0.4818533191005588
vdd,charge_share_ratio,1.042942308607327,0.24669137363290425,0.4665052990233997
vdd,charge_share_ratio,1.042942308607327,0.25777618841358285,0.4514319981196686
vdd,charge_share_ratio,1.042942308607327,0.26886100319426154,0.43670483377630287
vdd,charge_share_ratio,1.042942308607327,0.2799458179749401,0.4223890334290231
vdd,charge_share_ratio,1.042942308607327,0.29103063275561875,0.408436154383796
vdd,charge_share_ratio,1.0716440026666172,0.08041915192272486,0.7402813400936675
vdd,charge_share_ratio,1.0716440026666172,0.0915039667034035,0.7224586569165996
vdd,charge_share_ratio,1.0716440026666172,0.10258878148408211,0.7047502975319047
vdd,charge_share_ratio,1.0716440026666172,0.11367359626476074,0.6871984778296106
vdd,charge_share_ratio,1.0716440026666172,0.12475841104543936,0.6697926823987915
vdd,charge_share_ratio,1.0716440026666172,0.135843225826118,0.6525210254016928
vdd,charge_share_ratio,1.0716440026666172,0.14692804060679662,0.6353864478734061
vdd,charge_share_ratio,1.0716440026666172,0.15801285538747523,0.6183901967831996
vdd,charge_share_ratio,1.0716440026666172,0.16909767016815386,0.6015811358718348
vdd,charge_share_ratio,1.0716440026666172,0.1801824849488325,0.5849543519160793
vdd,charge_share_ratio,1.0716440026666172,0.19126729972951112,0.5685157797788388
vdd,charge_share_ratio,1.0716440026666172,0.20235211451018975,0.5522712244948822
vdd,charge_share_ratio,1.0716440026666172,0.21343692929086838,0.5362725614248343
vdd,charge_share_ratio,1.0716440026666172,0.224521744071547,0.5205022512083163
vdd,charge_share_ratio,1.0716440026666172,0.23560655885222562,0.5049684946725811
vdd,charge_share_ratio,1.0716440026666172,0.24669137363290425,0.48973607273047126
vdd,charge_share_ratio,1.0716440026666172,0.25777618841358285,0.4748405119024898
vdd,charge_share_ratio,1.0716440026666172,0.26886100319426154,0.4602451016635833
vdd,charge_share_ratio,1.0716440026666172,0.2799458179749401,0.4460504717639795
vdd,charge_share_ratio,1.0716440026666172,0.29103063275561875,0.43220859421103963
vdd,charge_share_ratio,1.1003456967259073,0.08041915192272486,0.760328076265657
vdd,charge_share_ratio,1.1003456967259073,0.0915039667034035,0.742553022666103
vdd,charge_share_ratio,1.1003456967259073,0.10258878148408211,0.7249064695013752
vdd,charge_share_ratio,1.1003456967259073,0.11367359626476074,0.7073982375088674
vdd,charge_share_ratio,1.1003456967259073,0.12475841104543936,0.690069295651045
vdd,charge_share_ratio,1.1003456967259073,0.135843225826118,0.672917697900325
vdd,charge_share_ratio,1.1003456967259073,0.14692804060679662,0.655922886399139
vdd,charge_share_ratio,1.1003456967259073,0.15801285538747523,0.6391016969752795
vdd,charge_share_ratio,1.1003456967259073,0.16909767016815386,0.622539237048227
vdd,charge_share_ratio,1.1003456967259073,0.1801824849488325,0.6062313745396235
vdd,charge_share_ratio,1.1003456967259073,0.19126729972951112,0.5901373807484035
vdd,charge_share_ratio,1.1003456967259073,0.20235211451018975,0.5742072308156251
vdd,charge_share_ratio,1.1003456967259073,0.21343692929086838,0.5584604553223557
vdd,charge_share_ratio,1.1003456967259073,0.224521744071547,0.5429404476138281
vdd,charge_share_ratio,1.1003456967259073,0.23560655885222562,0.5276455833303433
vdd,charge_share_ratio,1.1003456967259073,0.24669137363290425,0.512583295315396
vdd,charge_share_ratio,1.1003456967259073,0.25777618841358285,0.4978198006500038
vdd,charge_share_ratio,1.1003456967259073,0.26886100319426154,0.4833903620527489
vdd,charge_share_ratio,1.1003456967259073,0.2799458179749401,0.46926424207715817
vdd,charge_share_ratio,1.1003456967259073,0.29103063275561875,0.4555076886250904
vdd,charge_share_ratio,1.1290473907851974,0.08041915192272486,0.7792268414436003
vdd,charge_share_ratio,1.1290473907851974,0.0915039667034035,0.7617290832952612
vdd,charge_share_ratio,1.1290473907851974,0.10258878148408211,0.7443014916770723
vdd,charge_share_ratio,1.1290473907851974,0.11367359626476074,0.7270256595607197
vdd,charge_share_ratio,1.1290473907851974,0.12475841104543936,0.7099143566370834
vdd,charge_share_ratio,1.1290473907851974,0.135843225826118,0.6929621458804004
vdd,charge_share_ratio,1.1290473907851974,0.14692804060679662,0.6762116028866862
vdd,charge_share_ratio,1.1290473907851974,0.15801285538747523,0.6596508714394929
vdd,charge_share_ratio,1.1290473907851974,0.16909767016815386,0.64327985861048
vdd,charge_share_ratio,1.1290473907851974,0.1801824849488325,0.6271347775481634
vdd,charge_share_ratio,1.1290473907851974,0.19126729972951112,0.6112032421085446
vdd,charge_share_ratio,1.1290473907851974,0.20235211451018975,0.595497232768002
vdd,charge_share_ratio,1.1290473907851974,0.21343692929086838,0.5799875744903799
vdd,charge_share_ratio,1.1290473907851974,0.224521744071547,0.5646803755814483
vdd,charge_share_ratio,1.1290473907851974,0.23560655885222562,0.5496018686268564
vdd,charge_share_ratio,1.1290473907851974,0.24669137363290425,0.534763534939602
vdd,charge_share_ratio,1.1290473907851974,0.25777618841358285,0.5201747479176592
vdd,charge_share_ratio,1.1290473907851974,0.26886100319426154,0.5058785419673187
vdd,charge_share_ratio,1.1290473907851974,0.2799458179749401,0.49193709998715934
vdd,charge_share_ratio,1.1290473907851974,0.29103063275561875,0.4783032449433011
vdd,charge_share_ratio,1.1577490848444876,0.08041915192272486,0.7981350262604656
vdd,charge_share_ratio,1.1577490848444876,0.0915039667034035,0.7808386570139189
vdd,charge_share_ratio,1.1577490848444876,0.10258878148408211,0.7636308615387987
vdd,charge_share_ratio,1.1577490848444876,0.11367359626476074,0.7465345093462492
vdd,charge_share_ratio,1.1577490848444876,0.12475841104543936,0.7295936775595956
vdd,charge_share_ratio,1.1577490848444876,0.135843225826118,0.7127827090366843
vdd,charge_share_ratio,1.1577490848444876,0.14692804060679662,0.6961597194064563
vdd,charge_share_ratio,1.1577490848444876,0.15801285538747523,0.6797576454281564
vdd,charge_share_ratio,1.1577490848444876,0.16909767016815386,0.663579177863054
vdd,charge_share_ratio,1.1577490848444876,0.1801824849488325,0.6475885163221299
vdd,charge_share_ratio,1.1577490848444876,0.19126729972951112,0.6318454327008662
vdd,charge_share_ratio,1.1577490848444876,0.20235211451018975,0.6163472054720666
vdd,charge_share_ratio,1.1577490848444876,0.21343692929086838,0.601083540463237
vdd,charge_share_ratio,1.1577490848444876,0.224521744071547,0.5860256196208328
vdd,charge_share_ratio,1.1577490848444876,0.23560655885222562,0.5711678006218202
vdd,charge_share_ratio,1.1577490848444876,0.24669137363290425,0.5565198029443023
vdd,charge_share_ratio,1.1577490848444876,0.25777618841358285,0.5420905409511269
vdd,charge_share_ratio,1.1577490848444876,0.26886100319426154,0.527984454750252
vdd,charge_share_ratio,1.1577490848444876,0.2799458179749401,0.5141934294868242
vdd,charge_share_ratio,1.1577490848444876,0.29103063275561875,0.5007275379019915
vdd,charge_share_ratio,1.1864507789037777,0.08041915192272486,0.8163337903865742
vdd,charge_share_ratio,1.1864507789037777,0.0915039667034035,0.7991814216929742
vdd,charge_share_ratio,1.1864507789037777,0.10258878148408211,0.7821881503472855
vdd,charge_share_ratio,1.1864507789037777,0.11367359626476074,0.7653116683471763
vdd,charge_share_ratio,1.1864507789037777,0.12475841104543936,0.7486006943307397
vdd,charge_share_ratio,1.1864507789037777,0.135843225826118,0.7320552621865692
vdd,charge_share_ratio,1.1864507789037777,0.14692804060679662,0.7157035080177244
vdd,charge_share_ratio,1.1864507789037777,0.15801285538747523,0.6995323302397314
vdd,charge_share_ratio,1.1864507789037777,0.16909767016815386,0.6835705335933611
vdd,charge_share_ratio,1.1864507789037777,0.1801824849488325,0.6678259549787532
vdd,charge_share_ratio,1.1864507789037777,0.19126729972951112,0.6522864539014684
vdd,charge_share_ratio,1.1864507789037777,0.20235211451018975,0.6369700695031603
vdd,charge_share_ratio,1.1864507789037777,0.21343692929086838,0.6218706431801824
vdd,charge_share_ratio,1.1864507789037777,0.224521744071547,0.6070065348725615
vdd,charge_share_ratio,1.1864507789037777,0.23560655885222562,0.5923483084451286
vdd,charge_share_ratio,1.1864507789037777,0.24669137363290425,0.577920703971947
vdd,charge_share_ratio,1.1864507789037777,0.25777618841358285,0.5637281547632119
vdd,charge_share_ratio,1.1864507789037777,0.26886100319426154,0.5498154388485126
vdd,charge_share_ratio,1.1864507789037777,0.2799458179749401,0.5361875299031208
vdd,charge_share_ratio,1.1864507789037777,0.29103063275561875,0.5228594893373664
vdd,charge_share_ratio,1.2151524729630676,0.08041915192272486,0.8343580968324429
vdd,charge_share_ratio,1.2151524729630676,0.0915039667034035,0.8173883639795255
vdd,charge_share_ratio,1.2151524729630676,0.10258878148408211,0.800622635907815
vdd,charge_share_ratio,1.2151524729630676,0.11367359626476074,0.7840351763624309
vdd,charge_share_ratio,1.2151524729630676,0.12475841104543936,0.7675580930221491
vdd,charge_share_ratio,1.2151524729630676,0.135843225826118,0.7512295744175113
vdd,charge_share_ratio,1.2151524729630676,0.14692804060679662,0.7351189314811439
vdd,charge_share_ratio,1.2151524729630676,0.15801285538747523,0.7191900969841329
vdd,charge_share_ratio,1.2151524729630676,0.16909767016815386,0.7034526868652545
vdd,charge_share_ratio,1.2151524729630676,0.1801824849488325,0.6879411410326841
vdd,charge_share_ratio,1.2151524729630676,0.19126729972951112,0.672640391863386
vdd,charge_share_ratio,1.2151524729630676,0.20235211451018975,0.6575191534792395
vdd,charge_share_ratio,1.2151524729630676,0.21343692929086838,0.6426230262878295
vdd,charge_share_ratio,1.2151524729630676,0.224521744071547,0.6279315614055467
vdd,charge_share_ratio,1.2151524729630676,0.23560655885222562,0.6134675496532751
vdd,charge_share_ratio,1.2151524729630676,0.24669137363290425,0.5992278730352908
vdd,charge_share_ratio,1.2151524729630676,0.25777618841358285,0.5852365494588093
vdd,charge_share_ratio,1.2151524729630676,0.26886100319426154,0.5714883452914599
vdd,charge_share_ratio,1.2151524729630676,0.2799458179749401,0.5580118453432806
vdd,charge_share_ratio,1.2151524729630676,0.29103063275561875,0.544784518941963
vdd,charge_share_ratio,1.2438541670223577,0.08041915192272486,0.8522951018790447
vdd,charge_share_ratio,1.2438541670223577,0.0915039667034035,0.8355526517382932
vdd,charge_share_ratio,1.2438541670223577,0.10258878148408211,0.8190077304999347
vdd,charge_share_ratio,1.2438541670223577,0.11367359626476074,0.8026177088836299
vdd,charge_share_ratio,1.2438541670223577,0.12475841104543936,0.78635466195123
vdd,charge_share_ratio,1.2438541670223577,0.135843225826118,0.7702763727444384
vdd,charge_share_ratio,1.2438541670223577,0.14692804060679662,0.7543886469699174
vdd,charge_share_ratio,1.2438541670223577,0.15801285538747523,0.7387136187857672
vdd,charge_share_ratio,1.2438541670223577,0.16909767016815386,0.7232624885122789
vdd,charge_share_ratio,1.2438541670223577,0.1801824849488325,0.7079907324416784
vdd,charge_share_ratio,1.2438541670223577,0.19126729972951112,0.6928875729322342
vdd,charge_share_ratio,1.2438541670223577,0.20235211451018975,0.6779775813193973
vdd,charge_share_ratio,1.2438541670223577,0.21343692929086838,0.6632713463351663
vdd,charge_share_ratio,1.2438541670223577,0.224521744071547,0.6487585444504416
vdd,charge_share_ratio,1.2438541670223577,0.23560655885222562,0.6344297917826406
vdd,charge_share_ratio,1.2438541670223577,0.24669137363290425,0.6203907487985119
vdd,charge_share_ratio,1.2438541670223577,0.25777618841358285,0.6065770612251714
vdd,charge_share_ratio,1.2438541670223577,0.26886100319426154,0.5929966513211491
vdd,charge_share_ratio,1.2438541670223577,0.2799458179749401,0.5796300428856208
vdd,charge_share_ratio,1.2438541670223577,0.29103063275561875,0.5665186303452767
vdd,charge_share_ratio,1.2725558610816479,0.08041915192272486,0.8702174978692787
vdd,charge_share_ratio,1.2725558610816479,0.0915039667034035,0.8536803224077096
vdd,charge_share_ratio,1.2725558610816479,0.10258878148408211,0.8373487770636916
vdd,charge_share_ratio,1.2725558610816479,0.11367359626476074,0.8211651458769054
vdd,charge_share_ratio,1.2725558610816479,0.12475841104543936,0.8051326252897361
vdd,charge_share_ratio,1.2725558610816479,0.135843225826118,0.7892724589589819
vdd,charge_share_ratio,1.2725558610816479,0.14692804060679662,0.7736071821230822
vdd,charge_share_ratio,1.2725558610816479,0.15801285538747523,0.7581621978786657
vdd,charge_share_ratio,1.2725558610816479,0.16909767016815386,0.7429341750617624
vdd,charge_share_ratio,1.2725558610816479,0.1801824849488325,0.7278596092841643
vdd,charge_share_ratio,1.2725558610816479,0.19126729972951112,0.7129204765031697
vdd,charge_share_ratio,1.2725558610816479,0.20235211451018975,0.6981936775968225
vdd,charge_share_ratio,1.2725558610816479,0.21343692929086838,0.6836677223993353
vdd,charge_share_ratio,1.2725558610816479,0.224521744071547,0.6693395350533339
vdd,charge_share_ratio,1.2725558610816479,0.23560655885222562,0.6552153266145648
vdd,charge_share_ratio,1.2725558610816479,0.24669137363290425,0.6413298147097075
vdd,charge_share_ratio,1.2725558610816479,0.25777618841358285,0.6276783859579563
vdd,charge_share_ratio,1.2725558610816479,0.26886100319426154,0.6142310088093893
vdd,charge_share_ratio,1.2725558610816479,0.2799458179749401,0.6010023205380056
vdd,charge_share_ratio,1.2725558610816479,0.29103063275561875,0.5880272308378081
vdd,vblpre_ratio,0.7272236739551361,0.36540467914538244,0.27258570964814793
vdd,vblpre_ratio,0.7272236739551361,0.3796759458260152,0.25275354651096327
vdd,vblpre_ratio,0.7272236739551361,0.393947212506648,0.23345652538054742
vdd,vblpre_ratio,0.7272236739551361,0.4082184791872808,0.215195745622005
vdd,vblpre_ratio,0.7272236739551361,0.4224897458679136,0.1983871716751347
vdd,vblpre_ratio,0.7272236739551361,0.4367610125485464,0.18264447387774146
vdd,vblpre_ratio,0.7272236739551361,0.45103227922917916,0.16769001808217962
vdd,vblpre_ratio,0.7272236739551361,0.46530354590981193,0.15387343892156036
vdd,vblpre_ratio,0.7272236739551361,0.4795748125904447,0.1411082106822716
vdd,vblpre_ratio,0.7272236739551361,0.4938460792710775,0.1290882179331774
vdd,vblpre_ratio,0.7272236739551361,0.5081173459517103,0.11786233823953186
vdd,vblpre_ratio,0.7272236739551361,0.522388612632343,0.107586317216986
vdd,vblpre_ratio,0.7272236739551361,0.5366598793129759,0.098149514858343
vdd,vblpre_ratio,0.7272236739551361,0.5509311459936086,0.08931678147942725
vdd,vblpre_ratio,0.7272236739551361,0.5652024126742414,0.08093104553349059
vdd,vblpre_ratio,0.7272236739551361,0.5794736793548743,0.07284287406983957
vdd,vblpre_ratio,0.7272236739551361,0.593744946035507,0.06480858248077655
vdd,vblpre_ratio,0.7272236739551361,0.6080162127161398,0.05701371662569794
vdd,vblpre_ratio,0.7272236739551361,0.6222874793967725,0.04920336684861117
vdd,vblpre_ratio,0.7272236739551361,0.6365587460774054,0.04138006770187173
vdd,vblpre_ratio,0.7559253680144262,0.36540467914538244,0.336268523756175
vdd,vblpre_ratio,0.7559253680144262,0.3796759458260152,0.31751005473384647
vdd,vblpre_ratio,0.7559253680144262,0.393947212506648,0.29917753396653873
vdd,vblpre_ratio,0.7559253680144262,0.4082184791872808,0.2814107400351853
vdd,vblpre_ratio,0.7559253680144262,0.4224897458679136,0.2640364463952601
vdd,vblpre_ratio,0.7559253680144262,0.4367610125485464,0.2473131104633682
vdd,vblpre_ratio,0.7559253680144262,0.45103227922917916,0.2319597791575668
vdd,vblpre_ratio,0.7559253680144262,0.46530354590981193,0.2178003541079883
vdd,vblpre_ratio,0.7559253680144262,0.4795748125904447,0.20453987523156464
vdd,vblpre_ratio,0.7559253680144262,0.4938460792710775,0.19219630577551883
vdd,vblpre_ratio,0.7559253680144262,0.5081173459517103,0.18060902306281537
vdd,vblpre_ratio,0.7559253680144262,0.522388612632343,0.16991001577765602
vdd,vblpre_ratio,0.7559253680144262,0.5366598793129759,0.15995763651527492
vdd,vblpre_ratio,0.7559253680144262,0.5509311459936086,0.1507139266478193
vdd,vblpre_ratio,0.7559253680144262,0.5652024126742414,0.14202860092974215
vdd,vblpre_ratio,0.7559253680144262,0.5794736793548743,0.13355479071947243
vdd,vblpre_ratio,0.7559253680144262,0.593744946035507,0.12520622487937166
vdd,vblpre_ratio,0.7559253680144262,0.6080162127161398,0.11706444988970433
vdd,vblpre_ratio,0.7559253680144262,0.6222874793967725,0.10896543771808993
vdd,vblpre_ratio,0.7559253680144262,0.6365587460774054,0.10070898981972425
vdd,vblpre_ratio,0.7846270620737162,0.36540467914538244,0.39672946368306417
vdd,vblpre_ratio,0.7846270620737162,0.3796759458260152,0.37761636836426876
vdd,vblpre_ratio,0.7846270620737162,0.393947212506648,0.3590683891138739
vdd,vblpre_ratio,0.7846270620737162,0.4082184791872808,0.34170910795067416
vdd,vblpre_ratio,0.7846270620737162,0.4224897458679136,0.32515175966251986
vdd,vblpre_ratio,0.7846270620737162,0.4367610125485464,0.3092269918023968
vdd,vblpre_ratio,0.7846270620737162,0.45103227922917916,0.29413903563523913
vdd,vblpre_ratio,0.7846270620737162,0.46530354590981193,0.2794785150046066
vdd,vblpre_ratio,0.7846270620737162,0.4795748125904447,0.265469479928624
vdd,vblpre_ratio,0.7846270620737162,0.4938460792710775,0.25256731781783287
vdd,vblpre_ratio,0.7846270620737162,0.5081173459517103,0.24072033304090087
vdd,vblpre_ratio,0.7846270620737162,0.522388612632343,0.2295727464309002
vdd,vblpre_ratio,0.7846270620737162,0.5366598793129759,0.21920479214935107
vdd,vblpre_ratio,0.7846270620737162,0.5509311459936086,0.2096173391485668
vdd,vblpre_ratio,0.7846270620737162,0.5652024126742414,0.20041961486256363
vdd,vblpre_ratio,0.7846270620737162,0.5794736793548743,0.19159929210128643
vdd,vblpre_ratio,0.7846270620737162,0.593744946035507,0.18289937887811009
vdd,vblpre_ratio,0.7846270620737162,0.6080162127161398,0.17444136754395367
vdd,vblpre_ratio,0.7846270620737162,0.6222874793967725,0.16617010288793505
vdd,vblpre_ratio,0.7846270620737162,0.6365587460774054,0.1577093232657008
vdd,vblpre_ratio,0.8133287561330064,0.36540467914538244,0.45190178374238393
vdd,vblpre_ratio,0.8133287561330064,0.3796759458260152,0.43462518475428363
vdd,vblpre_ratio,0.8133287561330064,0.393947212506648,0.41763404191867465
vdd,vblpre_ratio,0.8133287561330064,0.4082184791872808,0.40036908985279374
vdd,vblpre_ratio,0.8133287561330064,0.4224897458679136,0.38301483429073074
vdd,vblpre_ratio,0.8133287561330064,0.4367610125485464,0.3666668416824794
vdd,vblpre_ratio,0.8133287561330064,0.45103227922917916,0.3515005455099389
vdd,vblpre_ratio,0.8133287561330064,0.46530354590981193,0.33723758568985235
vdd,vblpre_ratio,0.8133287561330064,0.4795748125904447,0.32378502136576953
vdd,vblpre_ratio,0.8133287561330064,0.4938460792710775,0.3109738055722562
vdd,vblpre_ratio,0.8133287561330064,0.5081173459517103,0.29884635242507895
vdd,vblpre_ratio,0.8133287561330064,0.522388612632343,0.2873307272724411
vdd,vblpre_ratio,0.8133287561330064,0.5366598793129759,0.276610097508982
vdd,vblpre_ratio,0.8133287561330064,0.5509311459936086,0.26666105198076645
vdd,vblpre_ratio,0.8133287561330064,0.5652024126742414,0.2572702539585758
vdd,vblpre_ratio,0.8133287561330064,0.5794736793548743,0.24814358305373663
vdd,vblpre_ratio,0.8133287561330064,0.593744946035507,0.23922337619186013
vdd,vblpre_ratio,0.8133287561330064,0.6080162127161398,0.23035833626003122
vdd,vblpre_ratio,0.8133287561330064,0.6222874793967725,0.2216550060294886
vdd,vblpre_ratio,0.8133287561330064,0.6365587460774054,0.21280247487773182
vdd,vblpre_ratio,0.8420304501922965,0.36540467914538244,0.5013968150977073
vdd,vblpre_ratio,0.8420304501922965,0.3796759458260152,0.4857017170173722
vdd,vblpre_ratio,0.8420304501922965,0.393947212506648,0.46995008703385033
vdd,vblpre_ratio,0.8420304501922965,0.4082184791872808,0.4540439345275574
vdd,vblpre_ratio,0.8420304501922965,0.4224897458679136,0.4385135113457765
vdd,vblpre_ratio,0.8420304501922965,0.4367610125485464,0.4232352105346684
vdd,vblpre_ratio,0.8420304501922965,0.45103227922917916,0.4078576064797067
vdd,vblpre_ratio,0.8420304501922965,0.46530354590981193,0.3929906895886204
vdd,vblpre_ratio,0.8420304501922965,0.4795748125904447,0.37908881238654135
vdd,vblpre_ratio,0.8420304501922965,0.4938460792710775,0.3660716523295373
vdd,vblpre_ratio,0.8420304501922965,0.5081173459517103,0.3537509018092457
vdd,vblpre_ratio,0.8420304501922965,0.522388612632343,0.3423193592611349
vdd,vblpre_ratio,0.8420304501922965,0.5366598793129759,0.33159949415089274
vdd,vblpre_ratio,0.8420304501922965,0.5509311459936086,0.3213435434082863
vdd,vblpre_ratio,0.8420304501922965,0.5652024126742414,0.31148325494561185
vdd,vblpre_ratio,0.8420304501922965,0.5794736793548743,0.3020222952906656
vdd,vblpre_ratio,0.8420304501922965,0.593744946035507,0.29296381832078894
vdd,vblpre_ratio,0.8420304501922965,0.6080162127161398,0.2839218174447509
vdd,vblpre_ratio,0.8420304501922965,0.6222874793967725,0.27489022074572383
vdd,vblpre_ratio,0.8420304501922965,0.6365587460774054,0.2657375227810697
vdd,vblpre_ratio,0.8707321442515865,0.36540467914538244,0.5433300190576773
vdd,vblpre_ratio,0.8707321442515865,0.3796759458260152,0.5301062702169882
vdd,vblpre_ratio,0.8707321442515865,0.393947212506648,0.516204895135171
vdd,vblpre_ratio,0.8707321442515865,0.4082184791872808,0.5018958368686901
vdd,vblpre_ratio,0.8707321442515865,0.4224897458679136,0.4873737123609224
vdd,vblpre_ratio,0.8707321442515865,0.4367610125485464,0.4728097646975891
vdd,vblpre_ratio,0.8707321442515865,0.45103227922917916,0.458646426380583
vdd,vblpre_ratio,0.8707321442515865,0.46530354590981193,0.4449755530566494
vdd,vblpre_ratio,0.8707321442515865,0.4795748125904447,0.43170928773426626
vdd,vblpre_ratio,0.8707321442515865,0.4938460792710775,0.41897373679289934
vdd,vblpre_ratio,0.8707321442515865,0.5081173459517103,0.40680000171376535
vdd,vblpre_ratio,0.8707321442515865,0.522388612632343,0.39508536162394814
vdd,vblpre_ratio,0.8707321442515865,0.5366598793129759,0.3838905700970716
vdd,vblpre_ratio,0.8707321442515865,0.5509311459936086,0.37311393414980376
vdd,vblpre_ratio,0.8707321442515865,0.5652024126742414,0.36266677832126265
vdd,vblpre_ratio,0.8707321442515865,0.5794736793548743,0.3526451523181828
vdd,vblpre_ratio,0.8707321442515865,0.593744946035507,0.34298916842110294
vdd,vblpre_ratio,0.8707321442515865,0.6080162127161398,0.33338759531553075
vdd,vblpre_ratio,0.8707321442515865,0.6222874793967725,0.3237484025211392
vdd,vblpre_ratio,0.8707321442515865,0.6365587460774054,0.31399729649726565
vdd,vblpre_ratio,0.8994338383108766,0.36540467914538244,0.5798523948075456
vdd,vblpre_ratio,0.8994338383108766,0.3796759458260152,0.567523550158432
vdd,vblpre_ratio,0.8994338383108766,0.393947212506648,0.5550793733762273
vdd,vblpre_ratio,0.8994338383108766,0.4082184791872808,0.5426040454570747
vdd,vblpre_ratio,0.8994338383108766,0.4224897458679136,0.5298199694500817
vdd,vblpre_ratio,0.8994338383108766,0.4367610125485464,0.5166717085103231
vdd,vblpre_ratio,0.8994338383108766,0.45103227922917916,0.5035250391842416
vdd,vblpre_ratio,0.8994338383108766,0.46530354590981193,0.49045009172387344
vdd,vblpre_ratio,0.8994338383108766,0.4795748125904447,0.47775540713993403
vdd,vblpre_ratio,0.8994338383108766,0.4938460792710775,0.4654456634465799
vdd,vblpre_ratio,0.8994338383108766,0.5081173459517103,0.4535513583309136
vdd,vblpre_ratio,0.8994338383108766,0.522388612632343,0.4418963811874906
vdd,vblpre_ratio,0.8994338383108766,0.5366598793129759,0.43049045341268266
vdd,vblpre_ratio,0.8994338383108766,0.5509311459936086,0.4196112300216281
vdd,vblpre_ratio,0.8994338383108766,0.5652024126742414,0.40905621858806135
vdd,vblpre_ratio,0.8994338383108766,0.5794736793548743,0.39875140192103814
vdd,vblpre_ratio,0.8994338383108766,0.593744946035507,0.38856884486074145
vdd,vblpre_ratio,0.8994338383108766,0.6080162127161398,0.3785163714374195
vdd,vblpre_ratio,0.8994338383108766,0.6222874793967725,0.3683463232988198
vdd,vblpre_ratio,0.8994338383108766,0.6365587460774054,0.3579570684808758
vdd,vblpre_ratio,0.9281355323701668,0.36540467914538244,0.6118285621576183
vdd,vblpre_ratio,0.9281355323701668,0.3796759458260152,0.6012993477964724
vdd,vblpre_ratio,0.9281355323701668,0.393947212506648,0.5899659676945963
vdd,vblpre_ratio,0.9281355323701668,0.4082184791872808,0.5782243660258368
vdd,vblpre_ratio,0.9281355323701668,0.4224897458679136,0.5661133338954868
vdd,vblpre_ratio,0.9281355323701668,0.4367610125485464,0.5541856290473107
vdd,vblpre_ratio,0.9281355323701668,0.45103227922917916,0.5422847689831461
vdd,vblpre_ratio,0.9281355323701668,0.46530354590981193,0.5305599846435759
vdd,vblpre_ratio,0.9281355323701668,0.4795748125904447,0.5187302558559567
vdd,vblpre_ratio,0.9281355323701668,0.4938460792710775,0.5068667184285051
vdd,vblpre_ratio,0.9281355323701668,0.5081173459517103,0.49524755097808787
vdd,vblpre_ratio,0.9281355323701668,0.522388612632343,0.4840575859701265
vdd,vblpre_ratio,0.9281355323701668,0.5366598793129759,0.47314585890184235
vdd,vblpre_ratio,0.9281355323701668,0.5509311459936086,0.46241556272185064
vdd,vblpre_ratio,0.9281355323701668,0.5652024126742414,0.45180980303881163
vdd,vblpre_ratio,0.9281355323701668,0.5794736793548743,0.44128945795625746
vdd,vblpre_ratio,0.9281355323701668,0.593744946035507,0.43084357693735176
vdd,vblpre_ratio,0.9281355323701668,0.6080162127161398,0.42042488081133783
vdd,vblpre_ratio,0.9281355323701668,0.6222874793967725,0.409870860644394
vdd,vblpre_ratio,0.9281355323701668,0.6365587460774054,0.3990725434397181
vdd,vblpre_ratio,0.9568372264294569,0.36540467914538244,0.637893517008135
vdd,vblpre_ratio,0.9568372264294569,0.3796759458260152,0.6285885638886097
vdd,vblpre_ratio,0.9568372264294569,0.393947212506648,0.6192646647280241
vdd,vblpre_ratio,0.9568372264294569,0.4082184791872808,0.6095001286419535
vdd,vblpre_ratio,0.9568372264294569,0.4224897458679136,0.5989904565571624
vdd,vblpre_ratio,0.9568372264294569,0.4367610125485464,0.5879390409230285
vdd,vblpre_ratio,0.9568372264294569,0.45103227922917916,0.5766509798676775
vdd,vblpre_ratio,0.9568372264294569,0.46530354590981193,0.5654838057578029
vdd,vblpre_ratio,0.9568372264294569,0.4795748125904447,0.5546052436729594
vdd,vblpre_ratio,0.9568372264294569,0.4938460792710775,0.5439071089276273
vdd,vblpre_ratio,0.9568372264294569,0.5081173459517103,0.5330767743120661
vdd,vblpre_ratio,0.9568372264294569,0.522388612632343,0.5225017938017309
vdd,vblpre_ratio,0.9568372264294569,0.5366598793129759,0.5119651148215884
vdd,vblpre_ratio,0.9568372264294569,0.5509311459936086,0.5015521428869208
vdd,vblpre_ratio,0.9568372264294569,0.5652024126742414,0.4911706438848108
vdd,vblpre_ratio,0.9568372264294569,0.5794736793548743,0.4806960099334736
vdd,vblpre_ratio,0.9568372264294569,0.593744946035507,0.47018172951080967
vdd,vblpre_ratio,0.9568372264294569,0.6080162127161398,0.45954851539990843
vdd,vblpre_ratio,0.9568372264294569,0.6222874793967725,0.44869518448128354
vdd,vblpre_ratio,0.9568372264294569,0.6365587460774054,0.4374218603131629
vdd,vblpre_ratio,0.9855389204887469,0.36540467914538244,0.6618608304783369
vdd,vblpre_ratio,0.9855389204887469,0.3796759458260152,0.6533142616345808
vdd,vblpre_ratio,0.9855389204887469,0.393947212506648,0.6443818690871865
vdd,vblpre_ratio,0.9855389204887469,0.4082184791872808,0.6352590755399269
vdd,vblpre_ratio,0.9855389204887469,0.4224897458679136,0.6259135851991128
vdd,vblpre_ratio,0.9855389204887469,0.4367610125485464,0.6167007078083868
vdd,vblpre_ratio,0.9855389204887469,0.45103227922917916,0.6069923310138764
vdd,vblpre_ratio,0.9855389204887469,0.46530354590981193,0.596803079803012
vdd,vblpre_ratio,0.9855389204887469,0.4795748125904447,0.5864353163848718
vdd,vblpre_ratio,0.9855389204887469,0.4938460792710775,0.576229204295432
vdd,vblpre_ratio,0.9855389204887469,0.5081173459517103,0.5660286181698667
vdd,vblpre_ratio,0.9855389204887469,0.522388612632343,0.5559204977857597
vdd,vblpre_ratio,0.9855389204887469,0.5366598793129759,0.5459219738506074
vdd,vblpre_ratio,0.9855389204887469,0.5509311459936086,0.5359664737855598
vdd,vblpre_ratio,0.9855389204887469,0.5652024126742414,0.5259148533806655
vdd,vblpre_ratio,0.9855389204887469,0.5794736793548743,0.5155504493419938
vdd,vblpre_ratio,0.9855389204887469,0.593744946035507,0.5051855257979734
vdd,vblpre_ratio,0.9855389204887469,0.6080162127161398,0.49454730832987137
vdd,vblpre_ratio,0.9855389204887469,0.6222874793967725,0.4836673392620766
vdd,vblpre_ratio,0.9855389204887469,0.6365587460774054,0.47221319420078917
vdd,vblpre_ratio,1.014240614548037,0.36540467914538244,0.6838131535035538
vdd,vblpre_ratio,1.014240614548037,0.3796759458260152,0.6757010476418644
vdd,vblpre_ratio,1.014240614548037,0.393947212506648,0.6674013030784702
vdd,vblpre_ratio,1.014240614548037,0.4082184791872808,0.659090768174143
vdd,vblpre_ratio,1.014240614548037,0.4224897458679136,0.6504191241617279
vdd,vblpre_ratio,1.014240614548037,0.4367610125485464,0.6415652409176087
vdd,vblpre_ratio,1.014240614548037,0.45103227922917916,0.6323134917952994
vdd,vblpre_ratio,1.014240614548037,0.46530354590981193,0.623196901213451
vdd,vblpre_ratio,1.014240614548037,0.4795748125904447,0.6140708454987666
vdd,vblpre_ratio,1.014240614548037,0.4938460792710775,0.60476709733588
vdd,vblpre_ratio,1.014240614548037,0.5081173459517103,0.595319440179141
vdd,vblpre_ratio,1.014240614548037,0.522388612632343,0.5857408459564367
vdd,vblpre_ratio,1.014240614548037,0.5366598793129759,0.5760708767594018
vdd,vblpre_ratio,1.014240614548037,0.5509311459936086,0.5665131019593849
vdd,vblpre_ratio,1.014240614548037,0.5652024126742414,0.5567910643983551
vdd,vblpre_ratio,1.014240614548037,0.5794736793548743,0.5468516436412462
vdd,vblpre_ratio,1.014240614548037,0.593744946035507,0.5365631431698232
vdd,vblpre_ratio,1.014240614548037,0.6080162127161398,0.5259945715544702
vdd,vblpre_ratio,1.014240614548037,0.6222874793967725,0.5150860428123668
vdd,vblpre_ratio,1.014240614548037,0.6365587460774054,0.5037983834622858
vdd,vblpre_ratio,1.042942308607327,0.36540467914538244,0.7045792813116166
vdd,vblpre_ratio,1.042942308607327,0.3796759458260152,0.6966994987457302
vdd,vblpre_ratio,1.042942308607327,0.393947212506648,0.6887352078325772
vdd,vblpre_ratio,1.042942308607327,0.4082184791872808,0.680681201096909
vdd,vblpre_ratio,1.042942308607327,0.4224897458679136,0.672480439234555
vdd,vblpre_ratio,1.042942308607327,0.4367610125485464,0.6642757976635739
vdd,vblpre_ratio,1.042942308607327,0.45103227922917916,0.6558469214325516
vdd,vblpre_ratio,1.042942308607327,0.46530354590981193,0.6472452772801113
vdd,vblpre_ratio,1.042942308607327,0.4795748125904447,0.6383803184368144
vdd,vblpre_ratio,1.042942308607327,0.4938460792710775,0.6294605796580395
vdd,vblpre_ratio,1.042942308607327,0.5081173459517103,0.6206442571553662
vdd,vblpre_ratio,1.042942308607327,0.522388612632343,0.6116265477367682
vdd,vblpre_ratio,1.042942308607327,0.5366598793129759,0.6025555776717686
vdd,vblpre_ratio,1.042942308607327,0.5509311459936086,0.5934366029632132
vdd,vblpre_ratio,1.042942308607327,0.5652024126742414,0.5841521165792548
vdd,vblpre_ratio,1.042942308607327,0.5794736793548743,0.5746862032081071
vdd,vblpre_ratio,1.042942308607327,0.593744946035507,0.5646992770176373
vdd,vblpre_ratio,1.042942308607327,0.6080162127161398,0.5543131815585806
vdd,vblpre_ratio,1.042942308607327,0.6222874793967725,0.5434699580195408
vdd,vblpre_ratio,1.042942308607327,0.6365587460774054,0.5323146868973956
vdd,vblpre_ratio,1.0716440026666172,0.36540467914538244,0.7245485264122711
vdd,vblpre_ratio,1.0716440026666172,0.3796759458260152,0.7167816427526899
vdd,vblpre_ratio,1.0716440026666172,0.393947212506648,0.7089630372788628
vdd,vblpre_ratio,1.0716440026666172,0.4082184791872808,0.7011061538019545
vdd,vblpre_ratio,1.0716440026666172,0.4224897458679136,0.6932458214214641
vdd,vblpre_ratio,1.0716440026666172,0.4367610125485464,0.685306261571017
vdd,vblpre_ratio,1.0716440026666172,0.45103227922917916,0.6772092583061854
vdd,vblpre_ratio,1.0716440026666172,0.46530354590981193,0.6690595092072615
vdd,vblpre_ratio,1.0716440026666172,0.4795748125904447,0.6606745587603948
vdd,vblpre_ratio,1.0716440026666172,0.4938460792710775,0.6521410482247212
vdd,vblpre_ratio,1.0716440026666172,0.5081173459517103,0.6435313981552713
vdd,vblpre_ratio,1.0716440026666172,0.522388612632343,0.6348530954429253
vdd,vblpre_ratio,1.0716440026666172,0.5366598793129759,0.6260407855891258
vdd,vblpre_ratio,1.0716440026666172,0.5509311459936086,0.6171629223949464
vdd,vblpre_ratio,1.0716440026666172,0.5652024126742414,0.6082022605045804
vdd,vblpre_ratio,1.0716440026666172,0.5794736793548743,0.5990280873045952
vdd,vblpre_ratio,1.0716440026666172,0.593744946035507,0.5893720366134698
vdd,vblpre_ratio,1.0716440026666172,0.6080162127161398,0.5792721474530937
vdd,vblpre_ratio,1.0716440026666172,0.6222874793967725,0.5686385800195854
vdd,vblpre_ratio,1.0716440026666172,0.6365587460774054,0.5575092320519527
vdd,vblpre_ratio,1.1003456967259073,0.36540467914538244,0.7437545177301875
vdd,vblpre_ratio,1.1003456967259073,0.3796759458260152,0.7361737318319674
vdd,vblpre_ratio,1.1003456967259073,0.393947212506648,0.7285174758948365
vdd,vblpre_ratio,1.1003456967259073,0.4082184791872808,0.7208056866071544
vdd,vblpre_ratio,1.1003456967259073,0.4224897458679136,0.713007535933108
vdd,vblpre_ratio,1.1003456967259073,0.4367610125485464,0.7051633893453283
vdd,vblpre_ratio,1.1003456967259073,0.45103227922917916,0.6972999592222159
vdd,vblpre_ratio,1.1003456967259073,0.46530354590981193,0.6894008560018259
vdd,vblpre_ratio,1.1003456967259073,0.4795748125904447,0.6813764008969704
vdd,vblpre_ratio,1.1003456967259073,0.4938460792710775,0.6732766791277874
vdd,vblpre_ratio,1.1003456967259073,0.5081173459517103,0.6651008579074261
vdd,vblpre_ratio,1.1003456967259073,0.522388612632343,0.6566992646416879
vdd,vblpre_ratio,1.1003456967259073,0.5366598793129759,0.6481425244382304
vdd,vblpre_ratio,1.1003456967259073,0.5509311459936086,0.6394972234456989
vdd,vblpre_ratio,1.1003456967259073,0.5652024126742414,0.6306852860792177
vdd,vblpre_ratio,1.1003456967259073,0.5794736793548743,0.6216242472864455
vdd,vblpre_ratio,1.1003456967259073,0.593744946035507,0.6122870914302435
vdd,vblpre_ratio,1.1003456967259073,0.6080162127161398,0.6025169166218277
vdd,vblpre_ratio,1.1003456967259073,0.6222874793967725,0.5922171291131608
vdd,vblpre_ratio,1.1003456967259073,0.6365587460774054,0.5812688192404653
vdd,vblpre_ratio,1.1290473907851974,0.36540467914538244,0.7627806458732918
vdd,vblpre_ratio,1.1290473907851974,0.3796759458260152,0.7551098183606849
vdd,vblpre_ratio,1.1290473907851974,0.393947212506648,0.7474157444037252
vdd,vblpre_ratio,1.1290473907851974,0.4082184791872808,0.7397660799168055
vdd,vblpre_ratio,1.1290473907851974,0.4224897458679136,0.7321022137888049
vdd,vblpre_ratio,1.1290473907851974,0.4367610125485464,0.7243858504524351
vdd,vblpre_ratio,1.1290473907851974,0.45103227922917916,0.716608374327953
vdd,vblpre_ratio,1.1290473907851974,0.46530354590981193,0.7088139739936461
vdd,vblpre_ratio,1.1290473907851974,0.4795748125904447,0.700955938104601
vdd,vblpre_ratio,1.1290473907851974,0.4938460792710775,0.6930766846372965
vdd,vblpre_ratio,1.1290473907851974,0.5081173459517103,0.685055291813306
vdd,vblpre_ratio,1.1290473907851974,0.522388612632343,0.676982456282057
vdd,vblpre_ratio,1.1290473907851974,0.5366598793129759,0.668853356424739
vdd,vblpre_ratio,1.1290473907851974,0.5509311459936086,0.6605424338137219
vdd,vblpre_ratio,1.1290473907851974,0.5652024126742414,0.6520301910808083
vdd,vblpre_ratio,1.1290473907851974,0.5794736793548743,0.6432612088607519
vdd,vblpre_ratio,1.1290473907851974,0.593744946035507,0.634234876187069
vdd,vblpre_ratio,1.1290473907851974,0.6080162127161398,0.6247282356841249
vdd,vblpre_ratio,1.1290473907851974,0.6222874793967725,0.6147250981023495
vdd,vblpre_ratio,1.1290473907851974,0.6365587460774054,0.6040635799504321
vdd,vblpre_ratio,1.1577490848444876,0.36540467914538244,0.7815009479961236
vdd,vblpre_ratio,1.1577490848444876,0.3796759458260152,0.7738504102820616
vdd,vblpre_ratio,1.1577490848444876,0.393947212506648,0.7661641425376234
vdd,vblpre_ratio,1.1577490848444876,0.4082184791872808,0.7584848177338049
vdd,vblpre_ratio,1.1577490848444876,0.4224897458679136,0.7508330541949936
vdd,vblpre_ratio,1.1577490848444876,0.4367610125485464,0.7430861931826365
vdd,vblpre_ratio,1.1577490848444876,0.45103227922917916,0.7353589107937217
vdd,vblpre_ratio,1.1577490848444876,0.46530354590981193,0.7276286689485442
vdd,vblpre_ratio,1.1577490848444876,0.4795748125904447,0.7198793807529783
vdd,vblpre_ratio,1.1577490848444876,0.4938460792710775,0.7120877736845017
vdd,vblpre_ratio,1.1577490848444876,0.5081173459517103,0.7042489696676363
vdd,vblpre_ratio,1.1577490848444876,0.522388612632343,0.696399770093504
vdd,vblpre_ratio,1.1577490848444876,0.5366598793129759,0.6885278336820992
vdd,vblpre_ratio,1.1577490848444876,0.5509311459936086,0.6804742050037497
vdd,vblpre_ratio,1.1577490848444876,0.5652024126742414,0.6722726562984513
vdd,vblpre_ratio,1.1577490848444876,0.5794736793548743,0.663869329109374
vdd,vblpre_ratio,1.1577490848444876,0.593744946035507,0.6551540258868593
vdd,vblpre_ratio,1.1577490848444876,0.6080162127161398,0.646054000866756
vdd,vblpre_ratio,1.1577490848444876,0.6222874793967725,0.6363963664615592
vdd,vblpre_ratio,1.1577490848444876,0.6365587460774054,0.6261732337762872
vdd,vblpre_ratio,1.1864507789037777,0.36540467914538244,0.8002000947955861
vdd,vblpre_ratio,1.1864507789037777,0.3796759458260152,0.7923919222308583
vdd,vblpre_ratio,1.1864507789037777,0.393947212506648,0.7846433945000155
vdd,vblpre_ratio,1.1864507789037777,0.4082184791872808,0.7769562789738491
vdd,vblpre_ratio,1.1864507789037777,0.4224897458679136,0.7692851411267808
vdd,vblpre_ratio,1.1864507789037777,0.4367610125485464,0.7615665152124635
vdd,vblpre_ratio,1.1864507789037777,0.45103227922917916,0.7538618930893694
vdd,vblpre_ratio,1.1864507789037777,0.46530354590981193,0.7461498531703444
vdd,vblpre_ratio,1.1864507789037777,0.4795748125904447,0.7384114856298356
vdd,vblpre_ratio,1.1864507789037777,0.4938460792710775,0.730667826596321
vdd,vblpre_ratio,1.1864507789037777,0.5081173459517103,0.7229838374422637
vdd,vblpre_ratio,1.1864507789037777,0.522388612632343,0.715278509976659
vdd,vblpre_ratio,1.1864507789037777,0.5366598793129759,0.7075501691649291
vdd,vblpre_ratio,1.1864507789037777,0.5509311459936086,0.6996909241633251
vdd,vblpre_ratio,1.1864507789037777,0.5652024126742414,0.6916891322974005
vdd,vblpre_ratio,1.1864507789037777,0.5794736793548743,0.6835790849535758
vdd,vblpre_ratio,1.1864507789037777,0.593744946035507,0.675204048463814
vdd,vblpre_ratio,1.1864507789037777,0.6080162127161398,0.6665121573732932
vdd,vblpre_ratio,1.1864507789037777,0.6222874793967725,0.6574341299509902
vdd,vblpre_ratio,1.1864507789037777,0.6365587460774054,0.6477509168743295
vdd,vblpre_ratio,1.2151524729630676,0.36540467914538244,0.8186879138797102
vdd,vblpre_ratio,1.2151524729630676,0.3796759458260152,0.8109013761105034
vdd,vblpre_ratio,1.2151524729630676,0.393947212506648,0.8031548128463453
vdd,vblpre_ratio,1.2151524729630676,0.4082184791872808,0.7953580085263702
vdd,vblpre_ratio,1.2151524729630676,0.4224897458679136,0.7875630481329344
vdd,vblpre_ratio,1.2151524729630676,0.4367610125485464,0.7798093324043989
vdd,vblpre_ratio,1.2151524729630676,0.45103227922917916,0.7720996531222881
vdd,vblpre_ratio,1.2151524729630676,0.46530354590981193,0.7643976488229082
vdd,vblpre_ratio,1.2151524729630676,0.4795748125904447,0.7567041188636774
vdd,vblpre_ratio,1.2151524729630676,0.4938460792710775,0.7490122286368054
vdd,vblpre_ratio,1.2151524729630676,0.5081173459517103,0.7413522543520824
vdd,vblpre_ratio,1.2151524729630676,0.522388612632343,0.7337188698447956
vdd,vblpre_ratio,1.2151524729630676,0.5366598793129759,0.7260463335636963
vdd,vblpre_ratio,1.2151524729630676,0.5509311459936086,0.7183779394612874
vdd,vblpre_ratio,1.2151524729630676,0.5652024126742414,0.7106101466228414
vdd,vblpre_ratio,1.2151524729630676,0.5794736793548743,0.7027336119397632
vdd,vblpre_ratio,1.2151524729630676,0.593744946035507,0.6947036175736698
vdd,vblpre_ratio,1.2151524729630676,0.6080162127161398,0.6863285044834259
vdd,vblpre_ratio,1.2151524729630676,0.6222874793967725,0.677663441295947
vdd,vblpre_ratio,1.2151524729630676,0.6365587460774054,0.6685577957124668
vdd,vblpre_ratio,1.2438541670223577,0.36540467914538244,0.8370529527278674
vdd,vblpre_ratio,1.2438541670223577,0.3796759458260152,0.8291971307827002
vdd,vblpre_ratio,1.2438541670223577,0.393947212506648,0.8213913816799444
vdd,vblpre_ratio,1.2438541670223577,0.4082184791872808,0.8136369031499368
vdd,vblpre_ratio,1.2438541670223577,0.4224897458679136,0.805869726656555
vdd,vblpre_ratio,1.2438541670223577,0.4367610125485464,0.7980734817684336
vdd,vblpre_ratio,1.2438541670223577,0.45103227922917916,0.790272005454537
vdd,vblpre_ratio,1.2438541670223577,0.46530354590981193,0.7825026834031245
vdd,vblpre_ratio,1.2438541670223577,0.4795748125904447,0.7747976981520523
vdd,vblpre_ratio,1.2438541670223577,0.4938460792710775,0.7671355040344743
vdd,vblpre_ratio,1.2438541670223577,0.5081173459517103,0.7595155109680812
vdd,vblpre_ratio,1.2438541670223577,0.522388612632343,0.7519430837151315
vdd,vblpre_ratio,1.2438541670223577,0.5366598793129759,0.7443886183672601
vdd,vblpre_ratio,1.2438541670223577,0.5509311459936086,0.7368089913844741
vdd,vblpre_ratio,1.2438541670223577,0.5652024126742414,0.7291194911705358
vdd,vblpre_ratio,1.2438541670223577,0.5794736793548743,0.7213991480649999
vdd,vblpre_ratio,1.2438541670223577,0.593744946035507,0.7136149807581718
vdd,vblpre_ratio,1.2438541670223577,0.6080162127161398,0.705596119324989
vdd,vblpre_ratio,1.2438541670223577,0.6222874793967725,0.6972372417640045
vdd,vblpre_ratio,1.2438541670223577,0.6365587460774054,0.6885460718988775
vdd,vblpre_ratio,1.2725558610816479,0.36540467914538244,0.8554585843936501
vdd,vblpre_ratio,1.2725558610816479,0.3796759458260152,0.8474971883535499
vdd,vblpre_ratio,1.2725558610816479,0.393947212506648,0.839595910973799
vdd,vblpre_ratio,1.2725558610816479,0.4082184791872808,0.8317543669016871
vdd,vblpre_ratio,1.2725558610816479,0.4224897458679136,0.8239427329830232
vdd,vblpre_ratio,1.2725558610816479,0.4367610125485464,0.8161545162817657
vdd,vblpre_ratio,1.2725558610816479,0.45103227922917916,0.8083743255953314
vdd,vblpre_ratio,1.2725558610816479,0.46530354590981193,0.8006058220748751
vdd,vblpre_ratio,1.2725558610816479,0.4795748125904447,0.7928532671923394
vdd,vblpre_ratio,1.2725558610816479,0.4938460792710775,0.7851778990663725
vdd,vblpre_ratio,1.2725558610816479,0.5081173459517103,0.7775800472504044
vdd,vblpre_ratio,1.2725558610816479,0.522388612632343,0.7700074992052899
vdd,vblpre_ratio,1.2725558610816479,0.5366598793129759,0.7625422775902359
vdd,vblpre_ratio,1.2725558610816479,0.5509311459936086,0.7550777533461481
vdd,vblpre_ratio,1.2725558610816479,0.5652024126742414,0.7475646196478956
vdd,vblpre_ratio,1.2725558610816479,0.5794736793548743,0.7399970950597881
vdd,vblpre_ratio,1.2725558610816479,0.593744946035507,0.7324455359330232
vdd,vblpre_ratio,1.2725558610816479,0.6080162127161398,0.724748733494137
vdd,vblpre_ratio,1.2725558610816479,0.6222874793967725,0.7167263101094983
vdd,vblpre_ratio,1.2725558610816479,0.6365587460774054,0.7084131954076256
vdd,sa_drive_ratio,0.7272236739551361,591574.3980272635,0.2044843488605812
vdd,sa_drive_ratio,0.7272236739551361,1172004.3806020455,0.18853631105038016
vdd,sa_drive_ratio,0.7272236739551361,1752434.3631768278,0.17270422234408442
vdd,sa_drive_ratio,0.7272236739551361,2332864.3457516097,0.1569412470065211
vdd,sa_drive_ratio,0.7272236739551361,2913294.328326392,0.1413598703243775
vdd,sa_drive_ratio,0.7272236739551361,3493724.3109011743,0.12582170023304382
vdd,sa_drive_ratio,0.7272236739551361,4074154.293475956,0.11043084551205146
vdd,sa_drive_ratio,0.7272236739551361,4654584.276050738,0.09524727565194897
vdd,sa_drive_ratio,0.7272236739551361,5235014.25862552,0.08036246555607783
vdd,sa_drive_ratio,0.7272236739551361,5815444.241200303,0.06574076527095404
vdd,sa_drive_ratio,0.7272236739551361,6395874.223775085,0.051576914208250745
vdd,sa_drive_ratio,0.7272236739551361,6976304.206349866,0.03767799253683338
vdd,sa_drive_ratio,0.7272236739551361,7556734.188924649,0.024112287530555963
vdd,sa_drive_ratio,0.7272236739551361,8137164.171499431,0.011078220582421684
vdd,sa_drive_ratio,0.7272236739551361,8717594.154074213,-0.0013785006118399465
vdd,sa_drive_ratio,0.7272236739551361,9298024.136648996,-0.01334622415723551
vdd,sa_drive_ratio,0.7272236739551361,9878454.119223777,-0.02489486993969821
vdd,sa_drive_ratio,0.7272236739551361,10458884.101798559,-0.03587016604353618
vdd,sa_drive_ratio,0.7272236739551361,11039314.084373342,-0.04637650627431158
vdd,sa_drive_ratio,0.7272236739551361,11619744.066948123,-0.056305787107926754
vdd,sa_drive_ratio,0.7559253680144262,591574.3980272635,0.269657347356565
vdd,sa_drive_ratio,0.7559253680144262,1172004.3806020455,0.2539572824186392
vdd,sa_drive_ratio,0.7559253680144262,1752434.3631768278,0.2381648486717079
vdd,sa_drive_ratio,0.7559253680144262,2332864.3457516097,0.22245228754170304
vdd,sa_drive_ratio,0.7559253680144262,2913294.328326392,0.20685189951210797
vdd,sa_drive_ratio,0.7559253680144262,3493724.3109011743,0.19131007909351744
vdd,sa_drive_ratio,0.7559253680144262,4074154.293475956,0.1759096066812091
vdd,sa_drive_ratio,0.7559253680144262,4654584.276050738,0.16073134997184482
vdd,sa_drive_ratio,0.7559253680144262,5235014.25862552,0.1459097686539628
vdd,sa_drive_ratio,0.7559253680144262,5815444.241200303,0.1313474014594817
vdd,sa_drive_ratio,0.7559253680144262,6395874.223775085,0.11711059656017282
vdd,sa_drive_ratio,0.7559253680144262,6976304.206349866,0.1032622855685195
vdd,sa_drive_ratio,0.7559253680144262,7556734.188924649,0.08978555796101788
vdd,sa_drive_ratio,0.7559253680144262,8137164.171499431,0.07679451233850579
vdd,sa_drive_ratio,0.7559253680144262,8717594.154074213,0.06427255877586821
vdd,sa_drive_ratio,0.7559253680144262,9298024.136648996,0.05236855055683399
vdd,sa_drive_ratio,0.7559253680144262,9878454.119223777,0.041048891995853855
vdd,sa_drive_ratio,0.7559253680144262,10458884.101798559,0.030285553777772832
vdd,sa_drive_ratio,0.7559253680144262,11039314.084373342,0.020101478353050376
vdd,sa_drive_ratio,0.7559253680144262,11619744.066948123,0.010353227090934896
vdd,sa_drive_ratio,0.7846270620737162,591574.3980272635,0.3315005341430933
vdd,sa_drive_ratio,0.7846270620737162,1172004.3806020455,0.31532837286783966
vdd,sa_drive_ratio,0.7846270620737162,1752434.3631768278,0.2991785467254975
vdd,sa_drive_ratio,0.7846270620737162,2332864.3457516097,0.2830958870169805
vdd,sa_drive_ratio,0.7846270620737162,2913294.328326392,0.26722127382943905
vdd,sa_drive_ratio,0.7846270620737162,3493724.3109011743,0.2515202521434594
vdd,sa_drive_ratio,0.7846270620737162,4074154.293475956,0.2361331909839795
vdd,sa_drive_ratio,0.7846270620737162,4654584.276050738,0.2210439426750458
vdd,sa_drive_ratio,0.7846270620737162,5235014.25862552,0.20625012748983218
vdd,sa_drive_ratio,0.7846270620737162,5815444.241200303,0.19176290342727362
vdd,sa_drive_ratio,0.7846270620737162,6395874.223775085,0.17763289800373802
vdd,sa_drive_ratio,0.7846270620737162,6976304.206349866,0.163959759477764
vdd,sa_drive_ratio,0.7846270620737162,7556734.188924649,0.1507278792461309
vdd,sa_drive_ratio,0.7846270620737162,8137164.171499431,0.13787300888485335
vdd,sa_drive_ratio,0.7846270620737162,8717594.154074213,0.12555962659397793
vdd,sa_drive_ratio,0.7846270620737162,9298024.136648996,0.11375699330024484
vdd,sa_drive_ratio,0.7846270620737162,9878454.119223777,0.10251923871590331
vdd,sa_drive_ratio,0.7846270620737162,10458884.101798559,0.09186205078854327
vdd,sa_drive_ratio,0.7846270620737162,11039314.084373342,0.08183040261627111
vdd,sa_drive_ratio,0.7846270620737162,11619744.066948123,0.07231112978364118
vdd,sa_drive_ratio,0.8133287561330064,591574.3980272635,0.39018915200180027
vdd,sa_drive_ratio,0.8133287561330064,1172004.3806020455,0.37374030496346133
vdd,sa_drive_ratio,0.8133287561330064,1752434.3631768278,0.35733437223615705
vdd,sa_drive_ratio,0.8133287561330064,2332864.3457516097,0.34097371184854874
vdd,sa_drive_ratio,0.8133287561330064,2913294.328326392,0.32483536554634335
vdd,sa_drive_ratio,0.8133287561330064,3493724.3109011743,0.3089577980054313
vdd,sa_drive_ratio,0.8133287561330064,4074154.293475956,0.2933886628677093
vdd,sa_drive_ratio,0.8133287561330064,4654584.276050738,0.2782373787346241
vdd,sa_drive_ratio,0.8133287561330064,5235014.25862552,0.26332414066467946
vdd,sa_drive_ratio,0.8133287561330064,5815444.241200303,0.2487136316326882
vdd,sa_drive_ratio,0.8133287561330064,6395874.223775085,0.23452950556279667
vdd,sa_drive_ratio,0.8133287561330064,6976304.206349866,0.22081350128762606
vdd,sa_drive_ratio,0.8133287561330064,7556734.188924649,0.20757835307690622
vdd,sa_drive_ratio,0.8133287561330064,8137164.171499431,0.1947607180551776
vdd,sa_drive_ratio,0.8133287561330064,8717594.154074213,0.18254672229336602
vdd,sa_drive_ratio,0.8133287561330064,9298024.136648996,0.17086636496269278
vdd,sa_drive_ratio,0.8133287561330064,9878454.119223777,0.15968502793111555
vdd,sa_drive_ratio,0.8133287561330064,10458884.101798559,0.1490002393136593
vdd,sa_drive_ratio,0.8133287561330064,11039314.084373342,0.1389028796779991
vdd,sa_drive_ratio,0.8133287561330064,11619744.066948123,0.12936181837260374
vdd,sa_drive_ratio,0.8420304501922965,591574.3980272635,0.4459232828388664
vdd,sa_drive_ratio,0.8420304501922965,1172004.3806020455,0.42926747597288567
vdd,sa_drive_ratio,0.8420304501922965,1752434.3631768278,0.4127485968480176
vdd,sa_drive_ratio,0.8420304501922965,2332864.3457516097,0.3963744458649617
vdd,sa_drive_ratio,0.8420304501922965,2913294.328326392,0.3801897309461798
vdd,sa_drive_ratio,0.8420304501922965,3493724.3109011743,0.36434213450439407
vdd,sa_drive_ratio,0.8420304501922965,4074154.293475956,0.3487440376329029
vdd,sa_drive_ratio,0.8420304501922965,4654584.276050738,0.3333373055793373
vdd,sa_drive_ratio,0.8420304501922965,5235014.25862552,0.31814173705831716
vdd,sa_drive_ratio,0.8420304501922965,5815444.241200303,0.3032847847518276
vdd,sa_drive_ratio,0.8420304501922965,6395874.223775085,0.2887389344853097
vdd,sa_drive_ratio,0.8420304501922965,6976304.206349866,0.2745841372924136
vdd,sa_drive_ratio,0.8420304501922965,7556734.188924649,0.26097490112719635
vdd,sa_drive_ratio,0.8420304501922965,8137164.171499431,0.24797660567497698
vdd,sa_drive_ratio,0.8420304501922965,8717594.154074213,0.2355312670063682
vdd,sa_drive_ratio,0.8420304501922965,9298024.136648996,0.22358353569408088
vdd,sa_drive_ratio,0.8420304501922965,9878454.119223777,0.21220043060463362
vdd,sa_drive_ratio,0.8420304501922965,10458884.101798559,0.20139779939294913
vdd,sa_drive_ratio,0.8420304501922965,11039314.084373342,0.19117577953845846
vdd,sa_drive_ratio,0.8420304501922965,11619744.066948123,0.18162948606555718
vdd,sa_drive_ratio,0.8707321442515865,591574.3980272635,0.49909475725109786
vdd,sa_drive_ratio,0.8707321442515865,1172004.3806020455,0.48185447353900673
vdd,sa_drive_ratio,0.8707321442515865,1752434.3631768278,0.4646157676508535
vdd,sa_drive_ratio,0.8707321442515865,2332864.3457516097,0.44750046117369874
vdd,sa_drive_ratio,0.8707321442515865,2913294.328326392,0.43051755322703517
vdd,sa_drive_ratio,0.8707321442515865,3493724.3109011743,0.41377332487272234
vdd,sa_drive_ratio,0.8707321442515865,4074154.293475956,0.3974949831713267
vdd,sa_drive_ratio,0.8707321442515865,4654584.276050738,0.3815873540567166
vdd,sa_drive_ratio,0.8707321442515865,5235014.25862552,0.36600640637402665
vdd,sa_drive_ratio,0.8707321442515865,5815444.241200303,0.3508713214731147
vdd,sa_drive_ratio,0.8707321442515865,6395874.223775085,0.3361781875608156
vdd,sa_drive_ratio,0.8707321442515865,6976304.206349866,0.32202895147587157
vdd,sa_drive_ratio,0.8707321442515865,7556734.188924649,0.3084065397978414
vdd,sa_drive_ratio,0.8707321442515865,8137164.171499431,0.29535555213260345
vdd,sa_drive_ratio,0.8707321442515865,8717594.154074213,0.2828325074638518
vdd,sa_drive_ratio,0.8707321442515865,9298024.136648996,0.27086828666493723
vdd,sa_drive_ratio,0.8707321442515865,9878454.119223777,0.2594817580192651
vdd,sa_drive_ratio,0.8707321442515865,10458884.101798559,0.24864837770255213
vdd,sa_drive_ratio,0.8707321442515865,11039314.084373342,0.23842771576688115
vdd,sa_drive_ratio,0.8707321442515865,11619744.066948123,0.22875666488860777
vdd,sa_drive_ratio,0.8994338383108766,591574.3980272635,0.5425110442612516
vdd,sa_drive_ratio,0.8994338383108766,1172004.3806020455,0.5246060839858744
vdd,sa_drive_ratio,0.8994338383108766,1752434.3631768278,0.5068803944146947
vdd,sa_drive_ratio,0.8994338383108766,2332864.3457516097,0.48948435169702376
vdd,sa_drive_ratio,0.8994338383108766,2913294.328326392,0.4722910172797954
vdd,sa_drive_ratio,0.8994338383108766,3493724.3109011743,0.4554986603156419
vdd,sa_drive_ratio,0.8994338383108766,4074154.293475956,0.43909852550379697
vdd,sa_drive_ratio,0.8994338383108766,4654584.276050738,0.4231147822849868
vdd,sa_drive_ratio,0.8994338383108766,5235014.25862552,0.4074944700632142
vdd,sa_drive_ratio,0.8994338383108766,5815444.241200303,0.39231302684858066
vdd,sa_drive_ratio,0.8994338383108766,6395874.223775085,0.3775776997034677
vdd,sa_drive_ratio,0.8994338383108766,6976304.206349866,0.3632489435734388
vdd,sa_drive_ratio,0.8994338383108766,7556734.188924649,0.34951054745346477
vdd,sa_drive_ratio,0.8994338383108766,8137164.171499431,0.33645048885382345
vdd,sa_drive_ratio,0.8994338383108766,8717594.154074213,0.3239870705336551
vdd,sa_drive_ratio,0.8994338383108766,9298024.136648996,0.31211663906189574
vdd,sa_drive_ratio,0.8994338383108766,9878454.119223777,0.30088178092211804
vdd,sa_drive_ratio,0.8994338383108766,10458884.101798559,0.29024991553223184
vdd,sa_drive_ratio,0.8994338383108766,11039314.084373342,0.28017237320749233
vdd,sa_drive_ratio,0.8994338383108766,11619744.066948123,0.27056772634975806
vdd,sa_drive_ratio,0.9281355323701668,591574.3980272635,0.58119315164823
vdd,sa_drive_ratio,0.9281355323701668,1172004.3806020455,0.5629954446489557
vdd,sa_drive_ratio,0.9281355323701668,1752434.3631768278,0.5450377454628235
vdd,sa_drive_ratio,0.9281355323701668,2332864.3457516097,0.5272918752570276
vdd,sa_drive_ratio,0.9281355323701668,2913294.328326392,0.5098533550459332
vdd,sa_drive_ratio,0.9281355323701668,3493724.3109011743,0.4927861461158281
vdd,sa_drive_ratio,0.9281355323701668,4074154.293475956,0.47613601314529147
vdd,sa_drive_ratio,0.9281355323701668,4654584.276050738,0.4598279456243986
vdd,sa_drive_ratio,0.9281355323701668,5235014.25862552,0.44403089043943905
vdd,sa_drive_ratio,0.9281355323701668,5815444.241200303,0.42879378830849674
vdd,sa_drive_ratio,0.9281355323701668,6395874.223775085,0.41409636727233434
vdd,sa_drive_ratio,0.9281355323701668,6976304.206349866,0.39990686261659586
vdd,sa_drive_ratio,0.9281355323701668,7556734.188924649,0.38617452331064417
vdd,sa_drive_ratio,0.9281355323701668,8137164.171499431,0.37305300888951554
vdd,sa_drive_ratio,0.9281355323701668,8717594.154074213,0.360584228987578
vdd,sa_drive_ratio,0.9281355323701668,9298024.136648996,0.3486825932179437
vdd,sa_drive_ratio,0.9281355323701668,9878454.119223777,0.33737509167328633
vdd,sa_drive_ratio,0.9281355323701668,10458884.101798559,0.3267126872762213
vdd,sa_drive_ratio,0.9281355323701668,11039314.084373342,0.31660637567579736
vdd,sa_drive_ratio,0.9281355323701668,11619744.066948123,0.30710204926476037
vdd,sa_drive_ratio,0.9568372264294569,591574.3980272635,0.6160167390289989
vdd,sa_drive_ratio,0.9568372264294569,1172004.3806020455,0.5973582233203658
vdd,sa_drive_ratio,0.9568372264294569,1752434.3631768278,0.5790053008050068
vdd,sa_drive_ratio,0.9568372264294569,2332864.3457516097,0.560991579594882
vdd,sa_drive_ratio,0.9568372264294569,2913294.328326392,0.5433483312631535
vdd,sa_drive_ratio,0.9568372264294569,3493724.3109011743,0.5261186887093264
vdd,sa_drive_ratio,0.9568372264294569,4074154.293475956,0.5093108498600192
vdd,sa_drive_ratio,0.9568372264294569,4654584.276050738,0.49295806197583475
vdd,sa_drive_ratio,0.9568372264294569,5235014.25862552,0.4771231272266379
vdd,sa_drive_ratio,0.9568372264294569,5815444.241200303,0.46184766990785087
vdd,sa_drive_ratio,0.9568372264294569,6395874.223775085,0.44710217881908043
vdd,sa_drive_ratio,0.9568372264294569,6976304.206349866,0.4329654061023576
vdd,sa_drive_ratio,0.9568372264294569,7556734.188924649,0.4193929617269701
vdd,sa_drive_ratio,0.9568372264294569,8137164.171499431,0.4063436011052128
vdd,sa_drive_ratio,0.9568372264294569,8717594.154074213,0.39397789493768154
vdd,sa_drive_ratio,0.9568372264294569,9298024.136648996,0.3822677098749423
vdd,sa_drive_ratio,0.9568372264294569,9878454.119223777,0.3711270046423952
vdd,sa_drive_ratio,0.9568372264294569,10458884.101798559,0.36059043258113144
vdd,sa_drive_ratio,0.9568372264294569,11039314.084373342,0.3506071344809085
vdd,sa_drive_ratio,0.9568372264294569,11619744.066948123,0.3412561424768126
vdd,sa_drive_ratio,0.9855389204887469,591574.3980272635,0.6462258968926166
vdd,sa_drive_ratio,0.9855389204887469,1172004.3806020455,0.6274835880310199
vdd,sa_drive_ratio,0.9855389204887469,1752434.3631768278,0.6090766078787403
vdd,sa_drive_ratio,0.9855389204887469,2332864.3457516097,0.5909844416664244
vdd,sa_drive_ratio,0.9855389204887469,2913294.328326392,0.5732684299805769
vdd,sa_drive_ratio,0.9855389204887469,3493724.3109011743,0.5559439249414057
vdd,sa_drive_ratio,0.9855389204887469,4074154.293475956,0.5390851766604265
vdd,sa_drive_ratio,0.9855389204887469,4654584.276050738,0.5227536313610263
vdd,sa_drive_ratio,0.9855389204887469,5235014.25862552,0.5069475982930388
vdd,sa_drive_ratio,0.9855389204887469,5815444.241200303,0.4916946092133035
vdd,sa_drive_ratio,0.9855389204887469,6395874.223775085,0.47708103781525946
vdd,sa_drive_ratio,0.9855389204887469,6976304.206349866,0.46304205675365423
vdd,sa_drive_ratio,0.9855389204887469,7556734.188924649,0.4496053306195342
vdd,sa_drive_ratio,0.9855389204887469,8137164.171499431,0.4367446358215135
vdd,sa_drive_ratio,0.9855389204887469,8717594.154074213,0.4244835708279014
vdd,sa_drive_ratio,0.9855389204887469,9298024.136648996,0.41286642461888184
vdd,sa_drive_ratio,0.9855389204887469,9878454.119223777,0.40185005684071345
vdd,sa_drive_ratio,0.9855389204887469,10458884.101798559,0.391403597880702
vdd,sa_drive_ratio,0.9855389204887469,11039314.084373342,0.381574979411025
vdd,sa_drive_ratio,0.9855389204887469,11619744.066948123,0.3723741633824029
vdd,sa_drive_ratio,1.014240614548037,591574.3980272635,0.672336036442114
vdd,sa_drive_ratio,1.014240614548037,1172004.3806020455,0.6534284097794432
vdd,sa_drive_ratio,1.014240614548037,1752434.3631768278,0.6349110020843312
vdd,sa_drive_ratio,1.014240614548037,2332864.3457516097,0.6168355316587891
vdd,sa_drive_ratio,1.014240614548037,2913294.328326392,0.5991642330568488
vdd,sa_drive_ratio,1.014240614548037,3493724.3109011743,0.581996511878834
vdd,sa_drive_ratio,1.014240614548037,4074154.293475956,0.5652435006110662
vdd,sa_drive_ratio,1.014240614548037,4654584.276050738,0.5490049072758981
vdd,sa_drive_ratio,1.014240614548037,5235014.25862552,0.5333417280217116
vdd,sa_drive_ratio,1.014240614548037,5815444.241200303,0.5182759450490813
vdd,sa_drive_ratio,1.014240614548037,6395874.223775085,0.5038442969847097
vdd,sa_drive_ratio,1.014240614548037,6976304.206349866,0.48998038710416936
vdd,sa_drive_ratio,1.014240614548037,7556734.188924649,0.4767563362725757
vdd,sa_drive_ratio,1.014240614548037,8137164.171499431,0.4641140938866944
vdd,sa_drive_ratio,1.014240614548037,8717594.154074213,0.45207710826777897
vdd,sa_drive_ratio,1.014240614548037,9298024.136648996,0.44065037932794804
vdd,sa_drive_ratio,1.014240614548037,9878454.119223777,0.42982408086496066
vdd,sa_drive_ratio,1.014240614548037,10458884.101798559,0.41959238010639555
vdd,sa_drive_ratio,1.014240614548037,11039314.084373342,0.4099131907707768
vdd,sa_drive_ratio,1.014240614548037,11619744.066948123,0.4008514794121702
vdd,sa_drive_ratio,1.042942308607327,591574.3980272635,0.6962194810780744
vdd,sa_drive_ratio,1.042942308607327,1172004.3806020455,0.6774028311211078
vdd,sa_drive_ratio,1.042942308607327,1752434.3631768278,0.6589935434816082
vdd,sa_drive_ratio,1.042942308607327,2332864.3457516097,0.6409683968846474
vdd,sa_drive_ratio,1.042942308607327,2913294.328326392,0.6234239586123946
vdd,sa_drive_ratio,1.042942308607327,3493724.3109011743,0.6063470639463261
vdd,sa_drive_ratio,1.042942308607327,4074154.293475956,0.58983407897408
vdd,sa_drive_ratio,1.042942308607327,4654584.276050738,0.5738137872944824
vdd,sa_drive_ratio,1.042942308607327,5235014.25862552,0.5583340726035377
vdd,sa_drive_ratio,1.042942308607327,5815444.241200303,0.5434473139969997
vdd,sa_drive_ratio,1.042942308607327,6395874.223775085,0.5291963168167351
vdd,sa_drive_ratio,1.042942308607327,6976304.206349866,0.5155014400596752
vdd,sa_drive_ratio,1.042942308607327,7556734.188924649,0.5024639398225084
vdd,sa_drive_ratio,1.042942308607327,8137164.171499431,0.490016915030643
vdd,sa_drive_ratio,1.042942308607327,8717594.154074213,0.478151351022653
vdd,sa_drive_ratio,1.042942308607327,9298024.136648996,0.46689248972373343
vdd,sa_drive_ratio,1.042942308607327,9878454.119223777,0.4562643674996929
vdd,sa_drive_ratio,1.042942308607327,10458884.101798559,0.44620085398700615
vdd,sa_drive_ratio,1.042942308607327,11039314.084373342,0.43671083476067246
vdd,sa_drive_ratio,1.042942308607327,11619744.066948123,0.42784252148134966
vdd,sa_drive_ratio,1.0716440026666172,591574.3980272635,0.7178233625600892
vdd,sa_drive_ratio,1.0716440026666172,1172004.3806020455,0.6990771476936716
vdd,sa_drive_ratio,1.0716440026666172,1752434.3631768278,0.6807304053953728
vdd,sa_drive_ratio,1.0716440026666172,2332864.3457516097,0.6628364411385143
vdd,sa_drive_ratio,1.0716440026666172,2913294.328326392,0.6453958589674033
vdd,sa_drive_ratio,1.0716440026666172,3493724.3109011743,0.6284691728121575
vdd,sa_drive_ratio,1.0716440026666172,4074154.293475956,0.6121297296979555
vdd,sa_drive_ratio,1.0716440026666172,4654584.276050738,0.5963627518949434
vdd,sa_drive_ratio,1.0716440026666172,5235014.25862552,0.5812027006494722
vdd,sa_drive_ratio,1.0716440026666172,5815444.241200303,0.5666637862667173
vdd,sa_drive_ratio,1.0716440026666172,6395874.223775085,0.5526246920746997
vdd,sa_drive_ratio,1.0716440026666172,6976304.206349866,0.5392447017531956
vdd,sa_drive_ratio,1.0716440026666172,7556734.188924649,0.5264773295291799
vdd,sa_drive_ratio,1.0716440026666172,8137164.171499431,0.5142879560718305
vdd,sa_drive_ratio,1.0716440026666172,8717594.154074213,0.5027466888251844
vdd,sa_drive_ratio,1.0716440026666172,9298024.136648996,0.49185877641835896
vdd,sa_drive_ratio,1.0716440026666172,9878454.119223777,0.48148770763874943
vdd,sa_drive_ratio,1.0716440026666172,10458884.101798559,0.47172398237666313
vdd,sa_drive_ratio,1.0716440026666172,11039314.084373342,0.46254349245556736
vdd,sa_drive_ratio,1.0716440026666172,11619744.066948123,0.45388569825315667
vdd,sa_drive_ratio,1.1003456967259073,591574.3980272635,0.7374375930521352
vdd,sa_drive_ratio,1.1003456967259073,1172004.3806020455,0.7188918175890534
vdd,sa_drive_ratio,1.1003456967259073,1752434.3631768278,0.7007890447514046
vdd,sa_drive_ratio,1.1003456967259073,2332864.3457516097,0.6831068802529099
vdd,sa_drive_ratio,1.1003456967259073,2913294.328326392,0.6659004969060471
vdd,sa_drive_ratio,1.1003456967259073,3493724.3109011743,0.64922020207473
vdd,sa_drive_ratio,1.1003456967259073,4074154.293475956,0.6331118760197708
vdd,sa_drive_ratio,1.1003456967259073,4654584.276050738,0.6176494759517154
vdd,sa_drive_ratio,1.1003456967259073,5235014.25862552,0.602756012908591
vdd,sa_drive_ratio,1.1003456967259073,5815444.241200303,0.5884192589203203
vdd,sa_drive_ratio,1.1003456967259073,6395874.223775085,0.5747366844126071
vdd,sa_drive_ratio,1.1003456967259073,6976304.206349866,0.5616576827953771
vdd,sa_drive_ratio,1.1003456967259073,7556734.188924649,0.5491516795467465
vdd,sa_drive_ratio,1.1003456967259073,8137164.171499431,0.5372721246911819
vdd,sa_drive_ratio,1.1003456967259073,8717594.154074213,0.5260071840351059
vdd,sa_drive_ratio,1.1003456967259073,9298024.136648996,0.5153933294263228
vdd,sa_drive_ratio,1.1003456967259073,9878454.119223777,0.5053099535687176
vdd,sa_drive_ratio,1.1003456967259073,10458884.101798559,0.4958337977512607
vdd,sa_drive_ratio,1.1003456967259073,11039314.084373342,0.48690941658255965
vdd,sa_drive_ratio,1.1003456967259073,11619744.066948123,0.478539908569974
vdd,sa_drive_ratio,1.1290473907851974,591574.3980272635,0.7564486658917
vdd,sa_drive_ratio,1.1290473907851974,1172004.3806020455,0.7381565728133898
vdd,sa_drive_ratio,1.1290473907851974,1752434.3631768278,0.720243371103777
vdd,sa_drive_ratio,1.1290473907851974,2332864.3457516097,0.7027970790058148
vdd,sa_drive_ratio,1.1290473907851974,2913294.328326392,0.6858439118760256
vdd,sa_drive_ratio,1.1290473907851974,3493724.3109011743,0.6693870694158232
vdd,sa_drive_ratio,1.1290473907851974,4074154.293475956,0.6535049105747485
vdd,sa_drive_ratio,1.1290473907851974,4654584.276050738,0.6382641796108018
vdd,sa_drive_ratio,1.1290473907851974,5235014.25862552,0.6236430791354535
vdd,sa_drive_ratio,1.1290473907851974,5815444.241200303,0.60959716592253
vdd,sa_drive_ratio,1.1290473907851974,6395874.223775085,0.5961884387389877
vdd,sa_drive_ratio,1.1290473907851974,6976304.206349866,0.583399175011528
vdd,sa_drive_ratio,1.1290473907851974,7556734.188924649,0.5712106211206635
vdd,sa_drive_ratio,1.1290473907851974,8137164.171499431,0.5596416396815244
vdd,sa_drive_ratio,1.1290473907851974,8717594.154074213,0.5486579662014253
vdd,sa_drive_ratio,1.1290473907851974,9298024.136648996,0.5383202529847468
vdd,sa_drive_ratio,1.1290473907851974,9878454.119223777,0.5285258506962442
vdd,sa_drive_ratio,1.1290473907851974,10458884.101798559,0.5193209142380536
vdd,sa_drive_ratio,1.1290473907851974,11039314.084373342,0.5106959572579645
vdd,sa_drive_ratio,1.1290473907851974,11619744.066948123,0.5025546993861802
vdd,sa_drive_ratio,1.1577490848444876,591574.3980272635,0.7751440316207528
vdd,sa_drive_ratio,1.1577490848444876,1172004.3806020455,0.7570536560970486
vdd,sa_drive_ratio,1.1577490848444876,1752434.3631768278,0.7393608458730214
vdd,sa_drive_ratio,1.1577490848444876,2332864.3457516097,0.7221543866219552
vdd,sa_drive_ratio,1.1577490848444876,2913294.328326392,0.7054594644609055
vdd,sa_drive_ratio,1.1577490848444876,3493724.3109011743,0.6892943255501336
vdd,sa_drive_ratio,1.1577490848444876,4074154.293475956,0.6736520744465532
vdd,sa_drive_ratio,1.1577490848444876,4654584.276050738,0.6586179540343129
vdd,sa_drive_ratio,1.1577490848444876,5235014.25862552,0.6441995448897763
vdd,sa_drive_ratio,1.1577490848444876,5815444.241200303,0.6304538713034399
vdd,sa_drive_ratio,1.1577490848444876,6395874.223775085,0.6173562171111849
vdd,sa_drive_ratio,1.1577490848444876,6976304.206349866,0.6048367604360823
vdd,sa_drive_ratio,1.1577490848444876,7556734.188924649,0.5929024572212362
vdd,sa_drive_ratio,1.1577490848444876,8137164.171499431,0.5815841482069535
vdd,sa_drive_ratio,1.1577490848444876,8717594.154074213,0.5709057762562855
vdd,sa_drive_ratio,1.1577490848444876,9298024.136648996,0.560806496598307
vdd,sa_drive_ratio,1.1577490848444876,9878454.119223777,0.5513196939782001
vdd,sa_drive_ratio,1.1577490848444876,10458884.101798559,0.542343601657798
vdd,sa_drive_ratio,1.1577490848444876,11039314.084373342,0.5339557558175058
vdd,sa_drive_ratio,1.1577490848444876,11619744.066948123,0.5260387974874079
vdd,sa_drive_ratio,1.1864507789037777,591574.3980272635,0.7932327622151427
vdd,sa_drive_ratio,1.1864507789037777,1172004.3806020455,0.7754357821862138
vdd,sa_drive_ratio,1.1864507789037777,1752434.3631768278,0.7580338680858404
vdd,sa_drive_ratio,1.1864507789037777,2332864.3457516097,0.7410956032623993
vdd,sa_drive_ratio,1.1864507789037777,2913294.328326392,0.724695274862696
vdd,sa_drive_ratio,1.1864507789037777,3493724.3109011743,0.7088140502454039
vdd,sa_drive_ratio,1.1864507789037777,4074154.293475956,0.693456605041003
vdd,sa_drive_ratio,1.1864507789037777,4654584.276050738,0.6786889838994946
vdd,sa_drive_ratio,1.1864507789037777,5235014.25862552,0.6645679158137644
vdd,sa_drive_ratio,1.1864507789037777,5815444.241200303,0.6510851453275107
vdd,sa_drive_ratio,1.1864507789037777,6395874.223775085,0.638222326232225
vdd,sa_drive_ratio,1.1864507789037777,6976304.206349866,0.6259535546586499
vdd,sa_drive_ratio,1.1864507789037777,7556734.188924649,0.6143388335900164
vdd,sa_drive_ratio,1.1864507789037777,8137164.171499431,0.6033555720668683
vdd,sa_drive_ratio,1.1864507789037777,8717594.154074213,0.5929517489976054
vdd,sa_drive_ratio,1.1864507789037777,9298024.136648996,0.5831426755712562
vdd,sa_drive_ratio,1.1864507789037777,9878454.119223777,0.5738582973623593
vdd,sa_drive_ratio,1.1864507789037777,10458884.101798559,0.5650876010474184
vdd,sa_drive_ratio,1.1864507789037777,11039314.084373342,0.5568902442517241
vdd,sa_drive_ratio,1.1864507789037777,11619744.066948123,0.549255158129974
vdd,sa_drive_ratio,1.2151524729630676,591574.3980272635,0.8112136275103794
vdd,sa_drive_ratio,1.2151524729630676,1172004.3806020455,0.7937191801038013
vdd,sa_drive_ratio,1.2151524729630676,1752434.3631768278,0.7766100807620738
vdd,sa_drive_ratio,1.2151524729630676,2332864.3457516097,0.7599542869662855
vdd,sa_drive_ratio,1.2151524729630676,2913294.328326392,0.743788138876863
vdd,sa_drive_ratio,1.2151524729630676,3493724.3109011743,0.728177614444062
vdd,sa_drive_ratio,1.2151524729630676,4074154.293475956,0.7131214590152519
vdd,sa_drive_ratio,1.2151524729630676,4654584.276050738,0.6986459457757768
vdd,sa_drive_ratio,1.2151524729630676,5235014.25862552,0.6848161028694214
vdd,sa_drive_ratio,1.2151524729630676,5815444.241200303,0.6716371220905393
vdd,sa_drive_ratio,1.2151524729630676,6395874.223775085,0.6590481982219272
vdd,sa_drive_ratio,1.2151524729630676,6976304.206349866,0.6470466846292988
vdd,sa_drive_ratio,1.2151524729630676,7556734.188924649,0.635710095340019
vdd,sa_drive_ratio,1.2151524729630676,8137164.171499431,0.6249763308444455
vdd,sa_drive_ratio,1.2151524729630676,8717594.154074213,0.6148252717962801
vdd,sa_drive_ratio,1.2151524729630676,9298024.136648996,0.6052352682910077
vdd,sa_drive_ratio,1.2151524729630676,9878454.119223777,0.5961988753042496
vdd,sa_drive_ratio,1.2151524729630676,10458884.101798559,0.5877042362755163
vdd,sa_drive_ratio,1.2151524729630676,11039314.084373342,0.5796983300439584
vdd,sa_drive_ratio,1.2151524729630676,11619744.066948123,0.5722276860506819
vdd,sa_drive_ratio,1.2438541670223577,591574.3980272635,0.8291635362085044
vdd,sa_drive_ratio,1.2438541670223577,1172004.3806020455,0.8119526601110922
vdd,sa_drive_ratio,1.2438541670223577,1752434.3631768278,0.795129547163574
vdd,sa_drive_ratio,1.2438541670223577,2332864.3457516097,0.7787647091457172
vdd,sa_drive_ratio,1.2438541670223577,2913294.328326392,0.7629069808314012
vdd,sa_drive_ratio,1.2438541670223577,3493724.3109011743,0.7475491902840513
vdd,sa_drive_ratio,1.2438541670223577,4074154.293475956,0.7327882641180371
vdd,sa_drive_ratio,1.2438541670223577,4654584.276050738,0.7186424826459444
vdd,sa_drive_ratio,1.2438541670223577,5235014.25862552,0.7051115106776794
vdd,sa_drive_ratio,1.2438541670223577,5815444.241200303,0.6921676212175664
vdd,sa_drive_ratio,1.2438541670223577,6395874.223775085,0.6798944892122856
vdd,sa_drive_ratio,1.2438541670223577,6976304.206349866,0.6681828284035188
vdd,sa_drive_ratio,1.2438541670223577,7556734.188924649,0.6570650150336054
vdd,sa_drive_ratio,1.2438541670223577,8137164.171499431,0.6465713185726394
vdd,sa_drive_ratio,1.2438541670223577,8717594.154074213,0.6366770184080258
vdd,sa_drive_ratio,1.2438541670223577,9298024.136648996,0.627338174931842
vdd,sa_drive_ratio,1.2438541670223577,9878454.119223777,0.6185009034471345
vdd,sa_drive_ratio,1.2438541670223577,10458884.101798559,0.6102446866839042
vdd,sa_drive_ratio,1.2438541670223577,11039314.084373342,0.602507722043742
vdd,sa_drive_ratio,1.2438541670223577,11619744.066948123,0.5952227520539818
vdd,sa_drive_ratio,1.2725558610816479,591574.3980272635,0.8470002015669715
vdd,sa_drive_ratio,1.2725558610816479,1172004.3806020455,0.8300404048646854
vdd,sa_drive_ratio,1.2725558610816479,1752434.3631768278,0.8135421646337528
vdd,sa_drive_ratio,1.2725558610816479,2332864.3457516097,0.7975160938662572
vdd,sa_drive_ratio,1.2725558610816479,2913294.328326392,0.7819363452128232
vdd,sa_drive_ratio,1.2725558610816479,3493724.3109011743,0.7669186525376863
vdd,sa_drive_ratio,1.2725558610816479,4074154.293475956,0.7524930990809612
vdd,sa_drive_ratio,1.2725558610816479,4654584.276050738,0.7386537742013182
vdd,sa_drive_ratio,1.2725558610816479,5235014.25862552,0.7253768672768489
vdd,sa_drive_ratio,1.2725558610816479,5815444.241200303,0.7126983803765288
vdd,sa_drive_ratio,1.2725558610816479,6395874.223775085,0.7006702955809376
vdd,sa_drive_ratio,1.2725558610816479,6976304.206349866,0.6891919339534395
vdd,sa_drive_ratio,1.2725558610816479,7556734.188924649,0.678343168031483
vdd,sa_drive_ratio,1.2725558610816479,8137164.171499431,0.6680997853650097
vdd,sa_drive_ratio,1.2725558610816479,8717594.154074213,0.6584253481202039
vdd,sa_drive_ratio,1.2725558610816479,9298024.136648996,0.6492931176917754
vdd,sa_drive_ratio,1.2725558610816479,9878454.119223777,0.6407077013372929
vdd,sa_drive_ratio,1.2725558610816479,10458884.101798559,0.632675824767493
vdd,sa_drive_ratio,1.2725558610816479,11039314.084373342,0.6251364669499594
vdd,sa_drive_ratio,1.2725558610816479,11619744.066948123,0.6181224617792109
charge_share_ratio,vblpre_ratio,0.08041915192272486,0.36540467914538244,0.7020363487340653
charge_share_ratio,vblpre_ratio,0.08041915192272486,0.3796759458260152,0.6890454988314606
charge_share_ratio,vblpre_ratio,0.08041915192272486,0.393947212506648,0.6760568617532532
charge_share_ratio,vblpre_ratio,0.08041915192272486,0.4082184791872808,0.6634048562040507
charge_share_ratio,vblpre_ratio,0.08041915192272486,0.4224897458679136,0.65107354847306
charge_share_ratio,vblpre_ratio,0.08041915192272486,0.4367610125485464,0.6388543746509568
charge_share_ratio,vblpre_ratio,0.08041915192272486,0.45103227922917916,0.6269279519183373
charge_share_ratio,vblpre_ratio,0.08041915192272486,0.46530354590981193,0.6155114359422618
charge_share_ratio,vblpre_ratio,0.08041915192272486,0.4795748125904447,0.6044254794470622
charge_share_ratio,vblpre_ratio,0.08041915192272486,0.4938460792710775,0.5937618676964879
charge_share_ratio,vblpre_ratio,0.08041915192272486,0.5081173459517103,0.5835347018747726
charge_share_ratio,vblpre_ratio,0.08041915192272486,0.522388612632343,0.5737686845210164
charge_share_ratio,vblpre_ratio,0.08041915192272486,0.5366598793129759,0.5642574436434034
charge_share_ratio,vblpre_ratio,0.08041915192272486,0.5509311459936086,0.5549904766251925
charge_share_ratio,vblpre_ratio,0.08041915192272486,0.5652024126742414,0.5460171120383749
charge_share_ratio,vblpre_ratio,0.08041915192272486,0.5794736793548743,0.5371997368572009
charge_share_ratio,vblpre_ratio,0.08041915192272486,0.593744946035507,0.5286209155892607
charge_share_ratio,vblpre_ratio,0.08041915192272486,0.6080162127161398,0.5202125060919506
charge_share_ratio,vblpre_ratio,0.08041915192272486,0.6222874793967725,0.5117138423554984
charge_share_ratio,vblpre_ratio,0.08041915192272486,0.6365587460774054,0.50278190327565
charge_share_ratio,vblpre_ratio,0.0915039667034035,0.36540467914538244,0.6854341440949244
charge_share_ratio,vblpre_ratio,0.0915039667034035,0.3796759458260152,0.6725299318505435
charge_share_ratio,vblpre_ratio,0.0915039667034035,0.393947212506648,0.6595544225399324
charge_share_ratio,vblpre_ratio,0.0915039667034035,0.4082184791872808,0.6468697588850023
charge_share_ratio,vblpre_ratio,0.0915039667034035,0.4224897458679136,0.6345184809531558
charge_share_ratio,vblpre_ratio,0.0915039667034035,0.4367610125485464,0.6223270504053706
charge_share_ratio,vblpre_ratio,0.0915039667034035,0.45103227922917916,0.6104376660542737
charge_share_ratio,vblpre_ratio,0.0915039667034035,0.46530354590981193,0.5990432070432696
charge_share_ratio,vblpre_ratio,0.0915039667034035,0.4795748125904447,0.5879852920954574
charge_share_ratio,vblpre_ratio,0.0915039667034035,0.4938460792710775,0.5772372382094175
charge_share_ratio,vblpre_ratio,0.0915039667034035,0.5081173459517103,0.5670166959917772
charge_share_ratio,vblpre_ratio,0.0915039667034035,0.522388612632343,0.5571695839937165
charge_share_ratio,vblpre_ratio,0.0915039667034035,0.5366598793129759,0.5476129168749376
charge_share_ratio,vblpre_ratio,0.0915039667034035,0.5509311459936086,0.5383133382547249
charge_share_ratio,vblpre_ratio,0.0915039667034035,0.5652024126742414,0.5292414434397616
charge_share_ratio,vblpre_ratio,0.0915039667034035,0.5794736793548743,0.5204258254239947
charge_share_ratio,vblpre_ratio,0.0915039667034035,0.593744946035507,0.5118509128946618
charge_share_ratio,vblpre_ratio,0.0915039667034035,0.6080162127161398,0.5032767120199075
charge_share_ratio,vblpre_ratio,0.0915039667034035,0.6222874793967725,0.4945285378039475
charge_share_ratio,vblpre_ratio,0.0915039667034035,0.6365587460774054,0.48538616929159584
charge_share_ratio,vblpre_ratio,0.10258878148408211,0.36540467914538244,0.668908900247785
charge_share_ratio,vblpre_ratio,0.10258878148408211,0.3796759458260152,0.6561237108209602
charge_share_ratio,vblpre_ratio,0.10258878148408211,0.393947212506648,0.6431915830322368
charge_share_ratio,vblpre_ratio,0.10258878148408211,0.4082184791872808,0.6304324331732393
charge_share_ratio,vblpre_ratio,0.10258878148408211,0.4224897458679136,0.6180557156440575
charge_share_ratio,vblpre_ratio,0.10258878148408211,0.4367610125485464,0.605930542167392
charge_share_ratio,vblpre_ratio,0.10258878148408211,0.45103227922917916,0.5940480205925747
charge_share_ratio,vblpre_ratio,0.10258878148408211,0.46530354590981193,0.5826582028727112
charge_share_ratio,vblpre_ratio,0.10258878148408211,0.4795748125904447,0.5715687064454509
charge_share_ratio,vblpre_ratio,0.10258878148408211,0.4938460792710775,0.5608426559335289
charge_share_ratio,vblpre_ratio,0.10258878148408211,0.5081173459517103,0.5506049666081828
charge_share_ratio,vblpre_ratio,0.10258878148408211,0.522388612632343,0.5406779022117547
charge_share_ratio,vblpre_ratio,0.10258878148408211,0.5366598793129759,0.5311060921889083
charge_share_ratio,vblpre_ratio,0.10258878148408211,0.5509311459936086,0.5218051768353431
charge_share_ratio,vblpre_ratio,0.10258878148408211,0.5652024126742414,0.5126721580928087
charge_share_ratio,vblpre_ratio,0.10258878148408211,0.5794736793548743,0.5037899623967518
charge_share_ratio,vblpre_ratio,0.10258878148408211,0.593744946035507,0.4950957455127236
charge_share_ratio,vblpre_ratio,0.10258878148408211,0.6080162127161398,0.4864354774068243
charge_share_ratio,vblpre_ratio,0.10258878148408211,0.6222874793967725,0.4774640171510037
charge_share_ratio,vblpre_ratio,0.10258878148408211,0.6365587460774054,0.4680401020662433
charge_share_ratio,vblpre_ratio,0.11367359626476074,0.36540467914538244,0.6524287841211396
charge_share_ratio,vblpre_ratio,0.11367359626476074,0.3796759458260152,0.6397613438602311
charge_share_ratio,vblpre_ratio,0.11367359626476074,0.393947212506648,0.626973578266558
charge_share_ratio,vblpre_ratio,0.11367359626476074,0.4082184791872808,0.6141658885712393
charge_share_ratio,vblpre_ratio,0.11367359626476074,0.4224897458679136,0.601793986154469
charge_share_ratio,vblpre_ratio,0.11367359626476074,0.4367610125485464,0.5895836910205459
charge_share_ratio,vblpre_ratio,0.11367359626476074,0.45103227922917916,0.5777037865268024
charge_share_ratio,vblpre_ratio,0.11367359626476074,0.46530354590981193,0.566281739339185
charge_share_ratio,vblpre_ratio,0.11367359626476074,0.4795748125904447,0.5552640138897394
charge_share_ratio,vblpre_ratio,0.11367359626476074,0.4938460792710775,0.5446079878067067
charge_share_ratio,vblpre_ratio,0.11367359626476074,0.5081173459517103,0.5342943969665276
charge_share_ratio,vblpre_ratio,0.11367359626476074,0.522388612632343,0.5243842653617787
charge_share_ratio,vblpre_ratio,0.11367359626476074,0.5366598793129759,0.5148494330016928
charge_share_ratio,vblpre_ratio,0.11367359626476074,0.5509311459936086,0.5054951742137748
charge_share_ratio,vblpre_ratio,0.11367359626476074,0.5652024126742414,0.4962302657265091
charge_share_ratio,vblpre_ratio,0.11367359626476074,0.5794736793548743,0.4872624378962265
charge_share_ratio,vblpre_ratio,0.11367359626476074,0.593744946035507,0.4784712928092323
charge_share_ratio,vblpre_ratio,0.11367359626476074,0.6080162127161398,0.4696299397184089
charge_share_ratio,vblpre_ratio,0.11367359626476074,0.6222874793967725,0.4603851590921282
charge_share_ratio,vblpre_ratio,0.11367359626476074,0.6365587460774054,0.4506439221952708
charge_share_ratio,vblpre_ratio,0.12475841104543936,0.36540467914538244,0.6361144221837253
charge_share_ratio,vblpre_ratio,0.12475841104543936,0.3796759458260152,0.6235106195671908
charge_share_ratio,vblpre_ratio,0.12475841104543936,0.393947212506648,0.6108447632291488
charge_share_ratio,vblpre_ratio,0.12475841104543936,0.4082184791872808,0.598068557574329
charge_share_ratio,vblpre_ratio,0.12475841104543936,0.4224897458679136,0.5856439582234494
charge_share_ratio,vblpre_ratio,0.12475841104543936,0.4367610125485464,0.5734299725734933
charge_share_ratio,vblpre_ratio,0.12475841104543936,0.45103227922917916,0.561480037813095
charge_share_ratio,vblpre_ratio,0.12475841104543936,0.46530354590981193,0.5500627655945961
charge_share_ratio,vblpre_ratio,0.12475841104543936,0.4795748125904447,0.5391394085651464
charge_share_ratio,vblpre_ratio,0.12475841104543936,0.4938460792710775,0.5284778619610058
charge_share_ratio,vblpre_ratio,0.12475841104543936,0.5081173459517103,0.5181958086666526
charge_share_ratio,vblpre_ratio,0.12475841104543936,0.522388612632343,0.5083113578920405
charge_share_ratio,vblpre_ratio,0.12475841104543936,0.5366598793129759,0.49871942449389706
charge_share_ratio,vblpre_ratio,0.12475841104543936,0.5509311459936086,0.48928484199331707
charge_share_ratio,vblpre_ratio,0.12475841104543936,0.5652024126742414,0.47997719206413564
charge_share_ratio,vblpre_ratio,0.12475841104543936,0.5794736793548743,0.47089765283137136
charge_share_ratio,vblpre_ratio,0.12475841104543936,0.593744946035507,0.46194680968950463
charge_share_ratio,vblpre_ratio,0.12475841104543936,0.6080162127161398,0.4528136286108943
charge_share_ratio,vblpre_ratio,0.12475841104543936,0.6222874793967725,0.4433537042740247
charge_share_ratio,vblpre_ratio,0.12475841104543936,0.6365587460774054,0.43346785417801326
charge_share_ratio,vblpre_ratio,0.135843225826118,0.36540467914538244,0.6199030170715035
charge_share_ratio,vblpre_ratio,0.135843225826118,0.3796759458260152,0.6073479745679458
charge_share_ratio,vblpre_ratio,0.135843225826118,0.393947212506648,0.5947992141965289
charge_share_ratio,vblpre_ratio,0.135843225826118,0.4082184791872808,0.5820920899909781
charge_share_ratio,vblpre_ratio,0.135843225826118,0.4224897458679136,0.569666797307218
charge_share_ratio,vblpre_ratio,0.135843225826118,0.4367610125485464,0.5575217669901006
charge_share_ratio,vblpre_ratio,0.135843225826118,0.45103227922917916,0.5454962776789501
charge_share_ratio,vblpre_ratio,0.135843225826118,0.46530354590981193,0.5339511528612136
charge_share_ratio,vblpre_ratio,0.135843225826118,0.4795748125904447,0.523033657178764
charge_share_ratio,vblpre_ratio,0.135843225826118,0.4938460792710775,0.5123809394518377
charge_share_ratio,vblpre_ratio,0.135843225826118,0.5081173459517103,0.5021696188147078
charge_share_ratio,vblpre_ratio,0.135843225826118,0.522388612632343,0.49227088874638963
charge_share_ratio,vblpre_ratio,0.135843225826118,0.5366598793129759,0.48262140145598037
charge_share_ratio,vblpre_ratio,0.135843225826118,0.5509311459936086,0.4730500313838355
charge_share_ratio,vblpre_ratio,0.135843225826118,0.5652024126742414,0.4637600397921985
charge_share_ratio,vblpre_ratio,0.135843225826118,0.5794736793548743,0.4546318969044075
charge_share_ratio,vblpre_ratio,0.135843225826118,0.593744946035507,0.44555760904885955
charge_share_ratio,vblpre_ratio,0.135843225826118,0.6080162127161398,0.4362706633118791
charge_share_ratio,vblpre_ratio,0.135843225826118,0.6222874793967725,0.42653565689630696
charge_share_ratio,vblpre_ratio,0.135843225826118,0.6365587460774054,0.41651863075388323
charge_share_ratio,vblpre_ratio,0.14692804060679662,0.36540467914538244,0.6037958611078403
charge_share_ratio,vblpre_ratio,0.14692804060679662,0.3796759458260152,0.5912439308895986
charge_share_ratio,vblpre_ratio,0.14692804060679662,0.393947212506648,0.5788022312773633
charge_share_ratio,vblpre_ratio,0.14692804060679662,0.4082184791872808,0.5662462839103843
charge_share_ratio,vblpre_ratio,0.14692804060679662,0.4224897458679136,0.5538675107477536
charge_share_ratio,vblpre_ratio,0.14692804060679662,0.4367610125485464,0.5417347308506695
charge_share_ratio,vblpre_ratio,0.14692804060679662,0.45103227922917916,0.5297362740497422
charge_share_ratio,vblpre_ratio,0.14692804060679662,0.46530354590981193,0.5180690987625721
charge_share_ratio,vblpre_ratio,0.14692804060679662,0.4795748125904447,0.5070566858982145
charge_share_ratio,vblpre_ratio,0.14692804060679662,0.4938460792710775,0.49642984361598763
charge_share_ratio,vblpre_ratio,0.14692804060679662,0.5081173459517103,0.4862360644977775
charge_share_ratio,vblpre_ratio,0.14692804060679662,0.522388612632343,0.47633344864729354
charge_share_ratio,vblpre_ratio,0.14692804060679662,0.5366598793129759,0.4665941053529707
charge_share_ratio,vblpre_ratio,0.14692804060679662,0.5509311459936086,0.4570252429762746
charge_share_ratio,vblpre_ratio,0.14692804060679662,0.5652024126742414,0.44769592077919834
charge_share_ratio,vblpre_ratio,0.14692804060679662,0.5794736793548743,0.43859646618303516
charge_share_ratio,vblpre_ratio,0.14692804060679662,0.593744946035507,0.4294047171280547
charge_share_ratio,vblpre_ratio,0.14692804060679662,0.6080162127161398,0.41991310631599027
charge_share_ratio,vblpre_ratio,0.14692804060679662,0.6222874793967725,0.41004358578755484
charge_share_ratio,vblpre_ratio,0.14692804060679662,0.6365587460774054,0.3999253741734762
charge_share_ratio,vblpre_ratio,0.15801285538747523,0.36540467914538244,0.5878570591645381
charge_share_ratio,vblpre_ratio,0.15801285538747523,0.3796759458260152,0.5753184416104571
charge_share_ratio,vblpre_ratio,0.15801285538747523,0.393947212506648,0.5629149073334951
charge_share_ratio,vblpre_ratio,0.15801285538747523,0.4082184791872808,0.5505185156107886
charge_share_ratio,vblpre_ratio,0.15801285538747523,0.4224897458679136,0.5382557099549053
charge_share_ratio,vblpre_ratio,0.15801285538747523,0.4367610125485464,0.5260542165518425
charge_share_ratio,vblpre_ratio,0.15801285538747523,0.45103227922917916,0.5141416981184316
charge_share_ratio,vblpre_ratio,0.15801285538747523,0.46530354590981193,0.5024465448640135
charge_share_ratio,vblpre_ratio,0.15801285538747523,0.4795748125904447,0.49133239900655
charge_share_ratio,vblpre_ratio,0.15801285538747523,0.4938460792710775,0.48071507764620225
charge_share_ratio,vblpre_ratio,0.15801285538747523,0.5081173459517103,0.47047249693910187
charge_share_ratio,vblpre_ratio,0.15801285538747523,0.522388612632343,0.46058959553403256
charge_share_ratio,vblpre_ratio,0.15801285538747523,0.5366598793129759,0.4507905667372785
charge_share_ratio,vblpre_ratio,0.15801285538747523,0.5509311459936086,0.44120582218670595
charge_share_ratio,vblpre_ratio,0.15801285538747523,0.5652024126742414,0.43187710494442794
charge_share_ratio,vblpre_ratio,0.15801285538747523,0.5794736793548743,0.4227426463592025
charge_share_ratio,vblpre_ratio,0.15801285538747523,0.593744946035507,0.4134646251226983
charge_share_ratio,vblpre_ratio,0.15801285538747523,0.6080162127161398,0.40380413203434545
charge_share_ratio,vblpre_ratio,0.15801285538747523,0.6222874793967725,0.3937955066029333
charge_share_ratio,vblpre_ratio,0.15801285538747523,0.6365587460774054,0.38353842227414453
charge_share_ratio,vblpre_ratio,0.16909767016815386,0.36540467914538244,0.5721018878169902
charge_share_ratio,vblpre_ratio,0.16909767016815386,0.3796759458260152,0.5596929184047387
charge_share_ratio,vblpre_ratio,0.16909767016815386,0.393947212506648,0.547232848514022
charge_share_ratio,vblpre_ratio,0.16909767016815386,0.4082184791872808,0.5349506208877016
charge_share_ratio,vblpre_ratio,0.16909767016815386,0.4224897458679136,0.5227041756947312
charge_share_ratio,vblpre_ratio,0.16909767016815386,0.4367610125485464,0.5106089959690466
charge_share_ratio,vblpre_ratio,0.16909767016815386,0.45103227922917916,0.4987945991473816
charge_share_ratio,vblpre_ratio,0.16909767016815386,0.46530354590981193,0.4871235451446335
charge_share_ratio,vblpre_ratio,0.16909767016815386,0.4795748125904447,0.4760035779880527
charge_share_ratio,vblpre_ratio,0.16909767016815386,0.4938460792710775,0.4652807936561018
charge_share_ratio,vblpre_ratio,0.16909767016815386,0.5081173459517103,0.4550040931070081
charge_share_ratio,vblpre_ratio,0.16909767016815386,0.522388612632343,0.4450418790147844
charge_share_ratio,vblpre_ratio,0.16909767016815386,0.5366598793129759,0.4352003426960354
charge_share_ratio,vblpre_ratio,0.16909767016815386,0.5509311459936086,0.42562394069978055
charge_share_ratio,vblpre_ratio,0.16909767016815386,0.5652024126742414,0.41634921473774944
charge_share_ratio,vblpre_ratio,0.16909767016815386,0.5794736793548743,0.40706891298199843
charge_share_ratio,vblpre_ratio,0.16909767016815386,0.593744946035507,0.3976546738222554
charge_share_ratio,vblpre_ratio,0.16909767016815386,0.6080162127161398,0.38782688081985983
charge_share_ratio,vblpre_ratio,0.16909767016815386,0.6222874793967725,0.3777544712159482
charge_share_ratio,vblpre_ratio,0.16909767016815386,0.6365587460774054,0.367251807657934
charge_share_ratio,vblpre_ratio,0.1801824849488325,0.36540467914538244,0.5565756821129505
charge_share_ratio,vblpre_ratio,0.1801824849488325,0.3796759458260152,0.5442364544524075
charge_share_ratio,vblpre_ratio,0.1801824849488325,0.393947212506648,0.5318397134576465
charge_share_ratio,vblpre_ratio,0.1801824849488325,0.4082184791872808,0.5195630551007413
charge_share_ratio,vblpre_ratio,0.1801824849488325,0.4224897458679136,0.5073375689045673
charge_share_ratio,vblpre_ratio,0.1801824849488325,0.4367610125485464,0.4954387893857706
charge_share_ratio,vblpre_ratio,0.1801824849488325,0.45103227922917916,0.48371118030925475
charge_share_ratio,vblpre_ratio,0.1801824849488325,0.46530354590981193,0.4721235281167793
charge_share_ratio,vblpre_ratio,0.1801824849488325,0.4795748125904447,0.46094541579284465
charge_share_ratio,vblpre_ratio,0.1801824849488325,0.4938460792710775,0.45026991948010814
charge_share_ratio,vblpre_ratio,0.1801824849488325,0.5081173459517103,0.4399063886321428
charge_share_ratio,vblpre_ratio,0.1801824849488325,0.522388612632343,0.4298325938454321
charge_share_ratio,vblpre_ratio,0.1801824849488325,0.5366598793129759,0.4199087286066114
charge_share_ratio,vblpre_ratio,0.1801824849488325,0.5509311459936086,0.4103722595759422
charge_share_ratio,vblpre_ratio,0.1801824849488325,0.5652024126742414,0.4010562689650627
charge_share_ratio,vblpre_ratio,0.1801824849488325,0.5794736793548743,0.39166603447697573
charge_share_ratio,vblpre_ratio,0.1801824849488325,0.593744946035507,0.3820811141057275
charge_share_ratio,vblpre_ratio,0.1801824849488325,0.6080162127161398,0.3721106732011749
charge_share_ratio,vblpre_ratio,0.1801824849488325,0.6222874793967725,0.36189383394053887
charge_share_ratio,vblpre_ratio,0.1801824849488325,0.6365587460774054,0.35113675507870085
charge_share_ratio,vblpre_ratio,0.19126729972951112,0.36540467914538244,0.5412563892393825
charge_share_ratio,vblpre_ratio,0.19126729972951112,0.3796759458260152,0.5290411840578831
charge_share_ratio,vblpre_ratio,0.19126729972951112,0.393947212506648,0.5166481578979515
charge_share_ratio,vblpre_ratio,0.19126729972951112,0.4082184791872808,0.5044754380107943
charge_share_ratio,vblpre_ratio,0.19126729972951112,0.4224897458679136,0.4923104394815679
charge_share_ratio,vblpre_ratio,0.19126729972951112,0.4367610125485464,0.4804912247635398
charge_share_ratio,vblpre_ratio,0.19126729972951112,0.45103227922917916,0.4689188119545638
charge_share_ratio,vblpre_ratio,0.19126729972951112,0.46530354590981193,0.45746621896708023
charge_share_ratio,vblpre_ratio,0.19126729972951112,0.4795748125904447,0.44620410655116605
charge_share_ratio,vblpre_ratio,0.19126729972951112,0.4938460792710775,0.435539418279309
charge_share_ratio,vblpre_ratio,0.19126729972951112,0.5081173459517103,0.42520359772300437
charge_share_ratio,vblpre_ratio,0.19126729972951112,0.522388612632343,0.41500998696243674
charge_share_ratio,vblpre_ratio,0.19126729972951112,0.5366598793129759,0.4050613369016261
charge_share_ratio,vblpre_ratio,0.19126729972951112,0.5509311459936086,0.39543581582620624
charge_share_ratio,vblpre_ratio,0.19126729972951112,0.5652024126742414,0.3860043863127414
charge_share_ratio,vblpre_ratio,0.19126729972951112,0.5794736793548743,0.37653594334157486
charge_share_ratio,vblpre_ratio,0.19126729972951112,0.593744946035507,0.36671017482314716
charge_share_ratio,vblpre_ratio,0.19126729972951112,0.6080162127161398,0.3565456335972161
charge_share_ratio,vblpre_ratio,0.19126729972951112,0.6222874793967725,0.3462213725436621
charge_share_ratio,vblpre_ratio,0.19126729972951112,0.6365587460774054,0.3353144249570609
charge_share_ratio,vblpre_ratio,0.20235211451018975,0.36540467914538244,0.5261625729014161
charge_share_ratio,vblpre_ratio,0.20235211451018975,0.3796759458260152,0.514060073080591
charge_share_ratio,vblpre_ratio,0.20235211451018975,0.393947212506648,0.5017550778725267
charge_share_ratio,vblpre_ratio,0.20235211451018975,0.4082184791872808,0.48968434742704514
charge_share_ratio,vblpre_ratio,0.20235211451018975,0.4224897458679136,0.47758311003465465
charge_share_ratio,vblpre_ratio,0.20235211451018975,0.4367610125485464,0.465755184111154
charge_share_ratio,vblpre_ratio,0.20235211451018975,0.45103227922917916,0.4543505454366659
charge_share_ratio,vblpre_ratio,0.20235211451018975,0.46530354590981193,0.44309143866221
charge_share_ratio,vblpre_ratio,0.20235211451018975,0.4795748125904447,0.43186284599200464
charge_share_ratio,vblpre_ratio,0.20235211451018975,0.4938460792710775,0.42115106056469087
charge_share_ratio,vblpre_ratio,0.20235211451018975,0.5081173459517103,0.4107317882708807
charge_share_ratio,vblpre_ratio,0.20235211451018975,0.522388612632343,0.40050986907862696
charge_share_ratio,vblpre_ratio,0.20235211451018975,0.5366598793129759,0.390555540422505
charge_share_ratio,vblpre_ratio,0.20235211451018975,0.5509311459936086,0.38077672835133564
charge_share_ratio,vblpre_ratio,0.20235211451018975,0.5652024126742414,0.371213915922196
charge_share_ratio,vblpre_ratio,0.20235211451018975,0.5794736793548743,0.3616081377482483
charge_share_ratio,vblpre_ratio,0.20235211451018975,0.593744946035507,0.3515587936277569
charge_share_ratio,vblpre_ratio,0.20235211451018975,0.6080162127161398,0.34131965191983615
charge_share_ratio,vblpre_ratio,0.20235211451018975,0.6222874793967725,0.33081480144147374
charge_share_ratio,vblpre_ratio,0.20235211451018975,0.6365587460774054,0.3197382366260831
charge_share_ratio,vblpre_ratio,0.21343692929086838,0.36540467914538244,0.5111899149125967
charge_share_ratio,vblpre_ratio,0.21343692929086838,0.3796759458260152,0.4993236107796273
charge_share_ratio,vblpre_ratio,0.21343692929086838,0.393947212506648,0.487069219543924
charge_share_ratio,vblpre_ratio,0.21343692929086838,0.4082184791872808,0.47505916093719586
charge_share_ratio,vblpre_ratio,0.21343692929086838,0.4224897458679136,0.4631299516160685
charge_share_ratio,vblpre_ratio,0.21343692929086838,0.4367610125485464,0.4512913650405342
charge_share_ratio,vblpre_ratio,0.21343692929086838,0.45103227922917916,0.4399291021087499
charge_share_ratio,vblpre_ratio,0.21343692929086838,0.46530354590981193,0.42883702057443973
charge_share_ratio,vblpre_ratio,0.21343692929086838,0.4795748125904447,0.4177971348382366
charge_share_ratio,vblpre_ratio,0.21343692929086838,0.4938460792710775,0.40702245285260447
charge_share_ratio,vblpre_ratio,0.21343692929086838,0.5081173459517103,0.3964812033364145
charge_share_ratio,vblpre_ratio,0.21343692929086838,0.522388612632343,0.3861862093740987
charge_share_ratio,vblpre_ratio,0.21343692929086838,0.5366598793129759,0.3762100065507913
charge_share_ratio,vblpre_ratio,0.21343692929086838,0.5509311459936086,0.3663769171692967
charge_share_ratio,vblpre_ratio,0.21343692929086838,0.5652024126742414,0.35668467263633413
charge_share_ratio,vblpre_ratio,0.21343692929086838,0.5794736793548743,0.34688980928703694
charge_share_ratio,vblpre_ratio,0.21343692929086838,0.593744946035507,0.3367553735916182
charge_share_ratio,vblpre_ratio,0.21343692929086838,0.6080162127161398,0.3264009866658828
charge_share_ratio,vblpre_ratio,0.21343692929086838,0.6222874793967725,0.31562210325630025
charge_share_ratio,vblpre_ratio,0.21343692929086838,0.6365587460774054,0.30435057825687734
charge_share_ratio,vblpre_ratio,0.224521744071547,0.36540467914538244,0.49641463825725485
charge_share_ratio,vblpre_ratio,0.224521744071547,0.3796759458260152,0.48467979033631514
charge_share_ratio,vblpre_ratio,0.224521744071547,0.393947212506648,0.47265040798770036
charge_share_ratio,vblpre_ratio,0.224521744071547,0.4082184791872808,0.4607167908835516
charge_share_ratio,vblpre_ratio,0.224521744071547,0.4224897458679136,0.4489089528949043
charge_share_ratio,vblpre_ratio,0.224521744071547,0.4367610125485464,0.4371368654126295
charge_share_ratio,vblpre_ratio,0.224521744071547,0.45103227922917916,0.42577800580383046
charge_share_ratio,vblpre_ratio,0.224521744071547,0.46530354590981193,0.41476917365889704
charge_share_ratio,vblpre_ratio,0.224521744071547,0.4795748125904447,0.40383358991524804
charge_share_ratio,vblpre_ratio,0.224521744071547,0.4938460792710775,0.39308582821408244
charge_share_ratio,vblpre_ratio,0.224521744071547,0.5081173459517103,0.38244670573159767
charge_share_ratio,vblpre_ratio,0.224521744071547,0.522388612632343,0.3720350566938104
charge_share_ratio,vblpre_ratio,0.224521744071547,0.5366598793129759,0.3619804881714295
charge_share_ratio,vblpre_ratio,0.224521744071547,0.5509311459936086,0.35212002944812554
charge_share_ratio,vblpre_ratio,0.224521744071547,0.5652024126742414,0.34236883673424456
charge_share_ratio,vblpre_ratio,0.224521744071547,0.5794736793548743,0.33243968115429606
charge_share_ratio,vblpre_ratio,0.224521744071547,0.593744946035507,0.3221200625424972
charge_share_ratio,vblpre_ratio,0.224521744071547,0.6080162127161398,0.3116959127636363
charge_share_ratio,vblpre_ratio,0.224521744071547,0.6222874793967725,0.3008138682127332
charge_share_ratio,vblpre_ratio,0.224521744071547,0.6365587460774054,0.2894065858687311
charge_share_ratio,vblpre_ratio,0.23560655885222562,0.36540467914538244,0.4818783431604684
charge_share_ratio,vblpre_ratio,0.23560655885222562,0.3796759458260152,0.4702854909571778
charge_share_ratio,vblpre_ratio,0.23560655885222562,0.393947212506648,0.4584275369412923
charge_share_ratio,vblpre_ratio,0.23560655885222562,0.4082184791872808,0.44660751262086873
charge_share_ratio,vblpre_ratio,0.23560655885222562,0.4224897458679136,0.4348838186144718
charge_share_ratio,vblpre_ratio,0.23560655885222562,0.4367610125485464,0.42322133591223654
charge_share_ratio,vblpre_ratio,0.23560655885222562,0.45103227922917916,0.4118828212724448
charge_share_ratio,vblpre_ratio,0.23560655885222562,0.46530354590981193,0.40092684756763575
charge_share_ratio,vblpre_ratio,0.23560655885222562,0.4795748125904447,0.3900676158696195
charge_share_ratio,vblpre_ratio,0.23560655885222562,0.4938460792710775,0.3793217572895246
charge_share_ratio,vblpre_ratio,0.23560655885222562,0.5081173459517103,0.36863609500485245
charge_share_ratio,vblpre_ratio,0.23560655885222562,0.522388612632343,0.35822561335253317
charge_share_ratio,vblpre_ratio,0.23560655885222562,0.5366598793129759,0.34805022756878345
charge_share_ratio,vblpre_ratio,0.23560655885222562,0.5509311459936086,0.3381040228892889
charge_share_ratio,vblpre_ratio,0.23560655885222562,0.5652024126742414,0.32829995591989
charge_share_ratio,vblpre_ratio,0.23560655885222562,0.5794736793548743,0.3182625745884681
charge_share_ratio,vblpre_ratio,0.23560655885222562,0.593744946035507,0.307869707519424
charge_share_ratio,vblpre_ratio,0.23560655885222562,0.6080162127161398,0.2973822058103143
charge_share_ratio,vblpre_ratio,0.23560655885222562,0.6222874793967725,0.2863904448440995
charge_share_ratio,vblpre_ratio,0.23560655885222562,0.6365587460774054,0.27488139226241876
charge_share_ratio,vblpre_ratio,0.24669137363290425,0.36540467914538244,0.4676209316699703
charge_share_ratio,vblpre_ratio,0.24669137363290425,0.3796759458260152,0.4561660055670098
charge_share_ratio,vblpre_ratio,0.24669137363290425,0.393947212506648,0.4444618980582198
charge_share_ratio,vblpre_ratio,0.24669137363290425,0.4082184791872808,0.4326915962310045
charge_share_ratio,vblpre_ratio,0.24669137363290425,0.4224897458679136,0.4210490310908878
charge_share_ratio,vblpre_ratio,0.24669137363290425,0.4367610125485464,0.4095389828390723
charge_share_ratio,vblpre_ratio,0.24669137363290425,0.45103227922917916,0.39835098777313266
charge_share_ratio,vblpre_ratio,0.24669137363290425,0.46530354590981193,0.38739265305991366
charge_share_ratio,vblpre_ratio,0.24669137363290425,0.4795748125904447,0.3765570652545008
charge_share_ratio,vblpre_ratio,0.24669137363290425,0.4938460792710775,0.36581484970562406
charge_share_ratio,vblpre_ratio,0.24669137363290425,0.5081173459517103,0.35512796278242337
charge_share_ratio,vblpre_ratio,0.24669137363290425,0.522388612632343,0.3446201224706065
charge_share_ratio,vblpre_ratio,0.24669137363290425,0.5366598793129759,0.33439915783724106
charge_share_ratio,vblpre_ratio,0.24669137363290425,0.5509311459936086,0.3243820150908378
charge_share_ratio,vblpre_ratio,0.24669137363290425,0.5652024126742414,0.31446186628922057
charge_share_ratio,vblpre_ratio,0.24669137363290425,0.5794736793548743,0.3043633498697192
charge_share_ratio,vblpre_ratio,0.24669137363290425,0.593744946035507,0.2939453693922831
charge_share_ratio,vblpre_ratio,0.24669137363290425,0.6080162127161398,0.28345029222921836
charge_share_ratio,vblpre_ratio,0.24669137363290425,0.6222874793967725,0.2723343469528645
charge_share_ratio,vblpre_ratio,0.24669137363290425,0.6365587460774054,0.2606793441543142
charge_share_ratio,vblpre_ratio,0.25777618841358285,0.36540467914538244,0.45361379046999295
charge_share_ratio,vblpre_ratio,0.25777618841358285,0.3796759458260152,0.4423081369828432
charge_share_ratio,vblpre_ratio,0.25777618841358285,0.393947212506648,0.43072275729733733
charge_share_ratio,vblpre_ratio,0.25777618841358285,0.4082184791872808,0.4190635175721752
charge_share_ratio,vblpre_ratio,0.25777618841358285,0.4224897458679136,0.40738281964401024
charge_share_ratio,vblpre_ratio,0.25777618841358285,0.4367610125485464,0.3960541909783988
charge_share_ratio,vblpre_ratio,0.25777618841358285,0.45103227922917916,0.3850135531273384
charge_share_ratio,vblpre_ratio,0.25777618841358285,0.46530354590981193,0.3740970072586657
charge_share_ratio,vblpre_ratio,0.25777618841358285,0.4795748125904447,0.36335249893705257
charge_share_ratio,vblpre_ratio,0.25777618841358285,0.4938460792710775,0.3526435974444127
charge_share_ratio,vblpre_ratio,0.25777618841358285,0.5081173459517103,0.34187318031791114
charge_share_ratio,vblpre_ratio,0.25777618841358285,0.522388612632343,0.33131035291066824
charge_share_ratio,vblpre_ratio,0.25777618841358285,0.5366598793129759,0.3210403391914362
charge_share_ratio,vblpre_ratio,0.25777618841358285,0.5509311459936086,0.3109633884863981
charge_share_ratio,vblpre_ratio,0.25777618841358285,0.5652024126742414,0.3009052674598361
charge_share_ratio,vblpre_ratio,0.25777618841358285,0.5794736793548743,0.2907435678219294
charge_share_ratio,vblpre_ratio,0.25777618841358285,0.593744946035507,0.2803303391046611
charge_share_ratio,vblpre_ratio,0.25777618841358285,0.6080162127161398,0.26978096586707945
charge_share_ratio,vblpre_ratio,0.25777618841358285,0.6222874793967725,0.2584962426268693
charge_share_ratio,vblpre_ratio,0.25777618841358285,0.6365587460774054,0.24677472182330057
charge_share_ratio,vblpre_ratio,0.26886100319426154,0.36540467914538244,0.44000235184083364
charge_share_ratio,vblpre_ratio,0.26886100319426154,0.3796759458260152,0.4287823331583856
charge_share_ratio,vblpre_ratio,0.26886100319426154,0.393947212506648,0.4172528020629839
charge_share_ratio,vblpre_ratio,0.26886100319426154,0.4082184791872808,0.40570513964652855
charge_share_ratio,vblpre_ratio,0.26886100319426154,0.4224897458679136,0.394086308313694
charge_share_ratio,vblpre_ratio,0.26886100319426154,0.4367610125485464,0.3828401506255325
charge_share_ratio,vblpre_ratio,0.26886100319426154,0.45103227922917916,0.3718976344099834
charge_share_ratio,vblpre_ratio,0.26886100319426154,0.46530354590981193,0.3611204874260246
charge_share_ratio,vblpre_ratio,0.26886100319426154,0.4795748125904447,0.3503837025965207
charge_share_ratio,vblpre_ratio,0.26886100319426154,0.4938460792710775,0.3396624763592281
charge_share_ratio,vblpre_ratio,0.26886100319426154,0.5081173459517103,0.32888645278805073
charge_share_ratio,vblpre_ratio,0.26886100319426154,0.522388612632343,0.31829034033533243
charge_share_ratio,vblpre_ratio,0.26886100319426154,0.5366598793129759,0.3080071623867891
charge_share_ratio,vblpre_ratio,0.26886100319426154,0.5509311459936086,0.29785066106939584
charge_share_ratio,vblpre_ratio,0.26886100319426154,0.5652024126742414,0.2877112358005046
charge_share_ratio,vblpre_ratio,0.26886100319426154,0.5794736793548743,0.2774750505949783
charge_share_ratio,vblpre_ratio,0.26886100319426154,0.593744946035507,0.2670687515088498
charge_share_ratio,vblpre_ratio,0.26886100319426154,0.6080162127161398,0.2563943161045013
charge_share_ratio,vblpre_ratio,0.26886100319426154,0.6222874793967725,0.24498738038369527
charge_share_ratio,vblpre_ratio,0.26886100319426154,0.6365587460774054,0.23318338987921894
charge_share_ratio,vblpre_ratio,0.2799458179749401,0.36540467914538244,0.42674325236472677
charge_share_ratio,vblpre_ratio,0.2799458179749401,0.3796759458260152,0.4155018122963096
charge_share_ratio,vblpre_ratio,0.2799458179749401,0.393947212506648,0.40412220061958504
charge_share_ratio,vblpre_ratio,0.2799458179749401,0.4082184791872808,0.3926153620327245
charge_share_ratio,vblpre_ratio,0.2799458179749401,0.4224897458679136,0.38108861140399913
charge_share_ratio,vblpre_ratio,0.2799458179749401,0.4367610125485464,0.36987336716554653
charge_share_ratio,vblpre_ratio,0.2799458179749401,0.45103227922917916,0.35897099682141287
charge_share_ratio,vblpre_ratio,0.2799458179749401,0.46530354590981193,0.3482812552219272
charge_share_ratio,vblpre_ratio,0.2799458179749401,0.4795748125904447,0.3376485868884064
charge_share_ratio,vblpre_ratio,0.2799458179749401,0.4938460792710775,0.3269034300119553
charge_share_ratio,vblpre_ratio,0.2799458179749401,0.5081173459517103,0.3161837335499346
charge_share_ratio,vblpre_ratio,0.2799458179749401,0.522388612632343,0.3056375787414762
charge_share_ratio,vblpre_ratio,0.2799458179749401,0.5366598793129759,0.2953285350783674
charge_share_ratio,vblpre_ratio,0.2799458179749401,0.5509311459936086,0.28513254211226174
charge_share_ratio,vblpre_ratio,0.2799458179749401,0.5652024126742414,0.2749606240855993
charge_share_ratio,vblpre_ratio,0.2799458179749401,0.5794736793548743,0.2646795082294937
charge_share_ratio,vblpre_ratio,0.2799458179749401,0.593744946035507,0.2541465163910459
charge_share_ratio,vblpre_ratio,0.2799458179749401,0.6080162127161398,0.24337252472348625
charge_share_ratio,vblpre_ratio,0.2799458179749401,0.6222874793967725,0.23188975123377614
charge_share_ratio,vblpre_ratio,0.2799458179749401,0.6365587460774054,0.22004778924648424
charge_share_ratio,vblpre_ratio,0.29103063275561875,0.36540467914538244,0.41376335137652215
charge_share_ratio,vblpre_ratio,0.29103063275561875,0.3796759458260152,0.40254516256267886
charge_share_ratio,vblpre_ratio,0.29103063275561875,0.393947212506648,0.3911834552250834
charge_share_ratio,vblpre_ratio,0.29103063275561875,0.4082184791872808,0.3797572311435898
charge_share_ratio,vblpre_ratio,0.29103063275561875,0.4224897458679136,0.3683545441638433
charge_share_ratio,vblpre_ratio,0.29103063275561875,0.4367610125485464,0.3571850857762642
charge_share_ratio,vblpre_ratio,0.29103063275561875,0.45103227922917916,0.3462881853151339
charge_share_ratio,vblpre_ratio,0.29103063275561875,0.46530354590981193,0.3356608205054638
charge_share_ratio,vblpre_ratio,0.29103063275561875,0.4795748125904447,0.325110689533177
charge_share_ratio,vblpre_ratio,0.29103063275561875,0.4938460792710775,0.31446869338771355
charge_share_ratio,vblpre_ratio,0.29103063275561875,0.5081173459517103,0.30375621476199405
charge_share_ratio,vblpre_ratio,0.29103063275561875,0.522388612632343,0.2932380689636557
charge_share_ratio,vblpre_ratio,0.29103063275561875,0.5366598793129759,0.282921979018182
charge_share_ratio,vblpre_ratio,0.29103063275561875,0.5509311459936086,0.2727143786416909
charge_share_ratio,vblpre_ratio,0.29103063275561875,0.5652024126742414,0.2625302072701193
charge_share_ratio,vblpre_ratio,0.29103063275561875,0.5794736793548743,0.2521825595327671
charge_share_ratio,vblpre_ratio,0.29103063275561875,0.593744946035507,0.24160473876022676
charge_share_ratio,vblpre_ratio,0.29103063275561875,0.6080162127161398,0.2307479398792015
charge_share_ratio,vblpre_ratio,0.29103063275561875,0.6222874793967725,0.21926485619774438
charge_share_ratio,vblpre_ratio,0.29103063275561875,0.6365587460774054,0.20739826440963555
