feature_1,feature_2,value_1,value_2,partial_dependence
vdd,cbl_ratio,0.7279647288758186,2.511674536972534,54.631874521121595
vdd,cbl_ratio,0.7279647288758186,2.980924159858225,53.34131985057509
vdd,cbl_ratio,0.7279647288758186,3.4501737827439154,52.090133642718584
vdd,cbl_ratio,0.7279647288758186,3.9194234056296064,50.87345078521021
vdd,cbl_ratio,0.7279647288758186,4.388673028515297,49.69259779070312
vdd,cbl_ratio,0.7279647288758186,4.857922651400988,48.545524270790736
vdd,cbl_ratio,0.7279647288758186,5.327172274286678,47.42644171272289
vdd,cbl_ratio,0.7279647288758186,5.796421897172369,46.339175149539294
vdd,cbl_ratio,0.7279647288758186,6.26567152005806,45.286099641202696
vdd,cbl_ratio,0.7279647288758186,6.73492114294375,44.26610947363008
vdd,cbl_ratio,0.7279647288758186,7.204170765829441,43.27602733555494
vdd,cbl_ratio,0.7279647288758186,7.673420388715131,42.3256785648963
vdd,cbl_ratio,0.7279647288758186,8.142670011600822,41.406039147905126
vdd,cbl_ratio,0.7279647288758186,8.611919634486512,40.516805451156884
vdd,cbl_ratio,0.7279647288758186,9.081169257372203,39.656353402902674
vdd,cbl_ratio,0.7279647288758186,9.550418880257894,38.82336595296601
vdd,cbl_ratio,0.7279647288758186,10.019668503143585,38.01677819825187
vdd,cbl_ratio,0.7279647288758186,10.488918126029276,37.23966161092638
vdd,cbl_ratio,0.7279647288758186,10.958167748914967,36.49726399861073
vdd,cbl_ratio,0.7279647288758186,11.427417371800658,35.78433621783089
vdd,cbl_ratio,0.7563896497984403,2.511674536972534,56.526081142639896
vdd,cbl_ratio,0.7563896497984403,2.980924159858225,55.1746651319682
vdd,cbl_ratio,0.7563896497984403,3.4501737827439154,53.86111929048683
vdd,cbl_ratio,0.7563896497984403,3.9194234056296064,52.58557786123181
vdd,cbl_ratio,0.7563896497984403,4.388673028515297,51.347712442580466
vdd,cbl_ratio,0.7563896497984403,4.857922651400988,50.14922740107606
vdd,cbl_ratio,0.7563896497984403,5.327172274286678,48.98815495350523
vdd,cbl_ratio,0.7563896497984403,5.796421897172369,47.86601219264664
vdd,cbl_ratio,0.7563896497984403,6.26567152005806,46.77848478024554
vdd,cbl_ratio,0.7563896497984403,6.73492114294375,45.72208000821793
vdd,cbl_ratio,0.7563896497984403,7.204170765829441,44.69715097014415
vdd,cbl_ratio,0.7563896497984403,7.673420388715131,43.70038020032323
vdd,cbl_ratio,0.7563896497984403,8.142670011600822,42.7378635972275
vdd,cbl_ratio,0.7563896497984403,8.611919634486512,41.8099715803476
vdd,cbl_ratio,0.7563896497984403,9.081169257372203,40.91490984120084
vdd,cbl_ratio,0.7563896497984403,9.550418880257894,40.055300439558074
vdd,cbl_ratio,0.7563896497984403,10.019668503143585,39.22381245877709
vdd,cbl_ratio,0.7563896497984403,10.488918126029276,38.42017603595717
vdd,cbl_ratio,0.7563896497984403,10.958167748914967,37.64127859838644
vdd,cbl_ratio,0.7563896497984403,11.427417371800658,36.89196738853281
vdd,cbl_ratio,0.7848145707210619,2.511674536972534,58.467125695127024
vdd,cbl_ratio,0.7848145707210619,2.980924159858225,57.07451719472193
vdd,cbl_ratio,0.7848145707210619,3.4501737827439154,55.71793517350474
vdd,cbl_ratio,0.7848145707210619,3.9194234056296064,54.39580163062026
vdd,cbl_ratio,0.7848145707210619,4.388673028515297,53.10930964099598
vdd,cbl_ratio,0.7848145707210619,4.857922651400988,51.85880855664738
vdd,cbl_ratio,0.7848145707210619,5.327172274286678,50.64637456481061
vdd,cbl_ratio,0.7848145707210619,5.796421897172369,49.47239463573665
vdd,cbl_ratio,0.7848145707210619,6.26567152005806,48.3276015161478
vdd,cbl_ratio,0.7848145707210619,6.73492114294375,47.212334765724826
vdd,cbl_ratio,0.7848145707210619,7.204170765829441,46.136735443125325
vdd,cbl_ratio,0.7848145707210619,7.673420388715131,45.09194455559005
vdd,cbl_ratio,0.7848145707210619,8.142670011600822,44.080681427465976
vdd,cbl_ratio,0.7848145707210619,8.611919634486512,43.11061766398768
vdd,cbl_ratio,0.7848145707210619,9.081169257372203,42.17665958977196
vdd,cbl_ratio,0.7848145707210619,9.550418880257894,41.27673840994486
vdd,cbl_ratio,0.7848145707210619,10.019668503143585,40.40888163089147
vdd,cbl_ratio,0.7848145707210619,10.488918126029276,39.56917635548288
vdd,cbl_ratio,0.7848145707210619,10.958167748914967,38.760526713851625
vdd,cbl_ratio,0.7848145707210619,11.427417371800658,37.98145985371628
vdd,cbl_ratio,0.8132394916436835,2.511674536972534,60.432939196928324
vdd,cbl_ratio,0.8132394916436835,2.980924159858225,59.01156985572262
vdd,cbl_ratio,0.8132394916436835,3.4501737827439154,57.61775274166992
vdd,cbl_ratio,0.8132394916436835,3.9194234056296064,56.254336301299965
vdd,cbl_ratio,0.8132394916436835,4.388673028515297,54.915937214508844
vdd,cbl_ratio,0.8132394916436835,4.857922651400988,53.61031367918051
vdd,cbl_ratio,0.8132394916436835,5.327172274286678,52.34052765292135
vdd,cbl_ratio,0.8132394916436835,5.796421897172369,51.11065815367049
vdd,cbl_ratio,0.8132394916436835,6.26567152005806,49.921761001012065
vdd,cbl_ratio,0.8132394916436835,6.73492114294375,48.76577344534205
vdd,cbl_ratio,0.8132394916436835,7.204170765829441,47.645894377774695
vdd,cbl_ratio,0.8132394916436835,7.673420388715131,46.564272048327545
vdd,cbl_ratio,0.8132394916436835,8.142670011600822,45.516185301818595
vdd,cbl_ratio,0.8132394916436835,8.611919634486512,44.49283570012751
vdd,cbl_ratio,0.8132394916436835,9.081169257372203,43.500149184615125
vdd,cbl_ratio,0.8132394916436835,9.550418880257894,42.541810754754145
vdd,cbl_ratio,0.8132394916436835,10.019668503143585,41.61813241926344
vdd,cbl_ratio,0.8132394916436835,10.488918126029276,40.72830127153435
vdd,cbl_ratio,0.8132394916436835,10.958167748914967,39.876166987863414
vdd,cbl_ratio,0.8132394916436835,11.427417371800658,39.05578700338622
vdd,cbl_ratio,0.8416644125663051,2.511674536972534,62.4431691046867
vdd,cbl_ratio,0.8416644125663051,2.980924159858225,60.97203342026101
vdd,cbl_ratio,0.8416644125663051,3.4501737827439154,59.531864322283525
vdd,cbl_ratio,0.8416644125663051,3.9194234056296064,58.13067806655972
vdd,cbl_ratio,0.8416644125663051,4.388673028515297,56.76539461460855
vdd,cbl_ratio,0.8416644125663051,4.857922651400988,55.43084762010899
vdd,cbl_ratio,0.8416644125663051,5.327172274286678,54.12482787756763
vdd,cbl_ratio,0.8416644125663051,5.796421897172369,52.8432236134004
vdd,cbl_ratio,0.8416644125663051,6.26567152005806,51.5957105475303
vdd,cbl_ratio,0.8416644125663051,6.73492114294375,50.383443391691486
vdd,cbl_ratio,0.8416644125663051,7.204170765829441,49.20623304753088
vdd,cbl_ratio,0.8416644125663051,7.673420388715131,48.066648073119225
vdd,cbl_ratio,0.8416644125663051,8.142670011600822,46.959897537005666
vdd,cbl_ratio,0.8416644125663051,8.611919634486512,45.88878310851744
vdd,cbl_ratio,0.8416644125663051,9.081169257372203,44.853871553355354
vdd,cbl_ratio,0.8416644125663051,9.550418880257894,43.850742926681704
vdd,cbl_ratio,0.8416644125663051,10.019668503143585,42.88206985897472
vdd,cbl_ratio,0.8416644125663051,10.488918126029276,41.95128050443322
vdd,cbl_ratio,0.8416644125663051,10.958167748914967,41.0545360063631
vdd,cbl_ratio,0.8416644125663051,11.427417371800658,40.19322786153556
vdd,cbl_ratio,0.8700893334889267,2.511674536972534,64.54926731594549
vdd,cbl_ratio,0.8700893334889267,2.980924159858225,63.02084102430408
vdd,cbl_ratio,0.8700893334889267,3.4501737827439154,61.5281629422392
vdd,cbl_ratio,0.8700893334889267,3.9194234056296064,60.06552191771266
vdd,cbl_ratio,0.8700893334889267,4.388673028515297,58.648336055784505
vdd,cbl_ratio,0.8700893334889267,4.857922651400988,57.26575324320528
vdd,cbl_ratio,0.8700893334889267,5.327172274286678,55.9139036927271
vdd,cbl_ratio,0.8700893334889267,5.796421897172369,54.59795936978114
vdd,cbl_ratio,0.8700893334889267,6.26567152005806,53.31527584427211
vdd,cbl_ratio,0.8700893334889267,6.73492114294375,52.06088161479406
vdd,cbl_ratio,0.8700893334889267,7.204170765829441,50.838499787436525
vdd,cbl_ratio,0.8700893334889267,7.673420388715131,49.651379815555465
vdd,cbl_ratio,0.8700893334889267,8.142670011600822,48.499693855331834
vdd,cbl_ratio,0.8700893334889267,8.611919634486512,47.381104679171756
vdd,cbl_ratio,0.8700893334889267,9.081169257372203,46.293724415531315
vdd,cbl_ratio,0.8700893334889267,9.550418880257894,45.243228690504814
vdd,cbl_ratio,0.8700893334889267,10.019668503143585,44.22701240578814
vdd,cbl_ratio,0.8700893334889267,10.488918126029276,43.242132189425824
vdd,cbl_ratio,0.8700893334889267,10.958167748914967,42.294725712289015
vdd,cbl_ratio,0.8700893334889267,11.427417371800658,41.37942166766507
vdd,cbl_ratio,0.8985142544115483,2.511674536972534,66.72997568806963
vdd,cbl_ratio,0.8985142544115483,2.980924159858225,65.15295359596276
vdd,cbl_ratio,0.8985142544115483,3.4501737827439154,63.61090589445034
vdd,cbl_ratio,0.8985142544115483,3.9194234056296064,62.103866544925104
vdd,cbl_ratio,0.8985142544115483,4.388673028515297,60.62574463357924
vdd,cbl_ratio,0.8985142544115483,4.857922651400988,59.185782325777815
vdd,cbl_ratio,0.8985142544115483,5.327172274286678,57.78284847037428
vdd,cbl_ratio,0.8985142544115483,5.796421897172369,56.41407792050218
vdd,cbl_ratio,0.8985142544115483,6.26567152005806,55.08208645443759
vdd,cbl_ratio,0.8985142544115483,6.73492114294375,53.7867266833062
vdd,cbl_ratio,0.8985142544115483,7.204170765829441,52.52434927143741
vdd,cbl_ratio,0.8985142544115483,7.673420388715131,51.29375844568325
vdd,cbl_ratio,0.8985142544115483,8.142670011600822,50.0953313831192
vdd,cbl_ratio,0.8985142544115483,8.611919634486512,48.93053105170769
vdd,cbl_ratio,0.8985142544115483,9.081169257372203,47.79641944066704
vdd,cbl_ratio,0.8985142544115483,9.550418880257894,46.69667699668857
vdd,cbl_ratio,0.8985142544115483,10.019668503143585,45.63360097324807
vdd,cbl_ratio,0.8985142544115483,10.488918126029276,44.608261888260884
vdd,cbl_ratio,0.8985142544115483,10.958167748914967,43.61646098688059
vdd,cbl_ratio,0.8985142544115483,11.427417371800658,42.6536134442356
vdd,cbl_ratio,0.9269391753341698,2.511674536972534,69.0618126886149
vdd,cbl_ratio,0.9269391753341698,2.980924159858225,67.41018577788053
vdd,cbl_ratio,0.9269391753341698,3.4501737827439154,65.80268215459854
vdd,cbl_ratio,0.9269391753341698,3.9194234056296064,64.2304440785136
vdd,cbl_ratio,0.9269391753341698,4.388673028515297,62.700400198209316
vdd,cbl_ratio,0.9269391753341698,4.857922651400988,61.21012824022275
vdd,cbl_ratio,0.9269391753341698,5.327172274286678,59.756874657645824
vdd,cbl_ratio,0.9269391753341698,5.796421897172369,58.335896441407854
vdd,cbl_ratio,0.9269391753341698,6.26567152005806,56.94609052640231
vdd,cbl_ratio,0.9269391753341698,6.73492114294375,55.5904555787984
vdd,cbl_ratio,0.9269391753341698,7.204170765829441,54.27516482720387
vdd,cbl_ratio,0.9269391753341698,7.673420388715131,52.995971275874766
vdd,cbl_ratio,0.9269391753341698,8.142670011600822,51.749840141524494
vdd,cbl_ratio,0.9269391753341698,8.611919634486512,50.53719658609085
vdd,cbl_ratio,0.9269391753341698,9.081169257372203,49.36146794299952
vdd,cbl_ratio,0.9269391753341698,9.550418880257894,48.2183461954115
vdd,cbl_ratio,0.9269391753341698,10.019668503143585,47.104882635817944
vdd,cbl_ratio,0.9269391753341698,10.488918126029276,46.02483347808469
vdd,cbl_ratio,0.9269391753341698,10.958167748914967,44.9780691287983
vdd,cbl_ratio,0.9269391753341698,11.427417371800658,43.96681357454519
vdd,cbl_ratio,0.9553640962567915,2.511674536972534,71.54864738886947
vdd,cbl_ratio,0.9553640962567915,2.980924159858225,69.83616338939377
vdd,cbl_ratio,0.9553640962567915,3.4501737827439154,68.16208776883376
vdd,cbl_ratio,0.9553640962567915,3.9194234056296064,66.52876833001268
vdd,cbl_ratio,0.9553640962567915,4.388673028515297,64.92793929369624
vdd,cbl_ratio,0.9553640962567915,4.857922651400988,63.36416786495486
vdd,cbl_ratio,0.9553640962567915,5.327172274286678,61.84203422444399
vdd,cbl_ratio,0.9553640962567915,5.796421897172369,60.36233196221077
vdd,cbl_ratio,0.9553640962567915,6.26567152005806,58.920679340426226
vdd,cbl_ratio,0.9553640962567915,6.73492114294375,57.51298818451425
vdd,cbl_ratio,0.9553640962567915,7.204170765829441,56.14047156769482
vdd,cbl_ratio,0.9553640962567915,7.673420388715131,54.80314984700685
vdd,cbl_ratio,0.9553640962567915,8.142670011600822,53.49944703371933
vdd,cbl_ratio,0.9553640962567915,8.611919634486512,52.230199995680636
vdd,cbl_ratio,0.9553640962567915,9.081169257372203,50.99822507301922
vdd,cbl_ratio,0.9553640962567915,9.550418880257894,49.8017387998163
vdd,cbl_ratio,0.9553640962567915,10.019668503143585,48.64157695972011
vdd,cbl_ratio,0.9553640962567915,10.488918126029276,47.51395647116577
vdd,cbl_ratio,0.9553640962567915,10.958167748914967,46.4230634258864
vdd,cbl_ratio,0.9553640962567915,11.427417371800658,45.37140474229293
vdd,cbl_ratio,0.983789017179413,2.511674536972534,74.13384264794165
vdd,cbl_ratio,0.983789017179413,2.980924159858225,72.36146757690415
vdd,cbl_ratio,0.983789017179413,3.4501737827439154,70.63468942456838
vdd,cbl_ratio,0.983789017179413,3.9194234056296064,68.94386574117534
vdd,cbl_ratio,0.983789017179413,4.388673028515297,67.29112599086187
vdd,cbl_ratio,0.983789017179413,4.857922651400988,65.6718410952424
vdd,cbl_ratio,0.983789017179413,5.327172274286678,64.089251349609
vdd,cbl_ratio,0.983789017179413,5.796421897172369,62.54845138188211
vdd,cbl_ratio,0.983789017179413,6.26567152005806,61.041406277786436
vdd,cbl_ratio,0.983789017179413,6.73492114294375,59.57081314327469
vdd,cbl_ratio,0.983789017179413,7.204170765829441,58.13552848270753
vdd,cbl_ratio,0.983789017179413,7.673420388715131,56.73779263503048
vdd,cbl_ratio,0.983789017179413,8.142670011600822,55.37862742523071
vdd,cbl_ratio,0.983789017179413,8.611919634486512,54.053095130516766
vdd,cbl_ratio,0.983789017179413,9.081169257372203,52.76334495781711
vdd,cbl_ratio,0.983789017179413,9.550418880257894,51.511173067312455
vdd,cbl_ratio,0.983789017179413,10.019668503143585,50.291096682503074
vdd,cbl_ratio,0.983789017179413,10.488918126029276,49.10697938845911
vdd,cbl_ratio,0.983789017179413,10.958167748914967,47.96069629830495
vdd,cbl_ratio,0.983789017179413,11.427417371800658,46.851033057238226
vdd,cbl_ratio,1.0122139381020347,2.511674536972534,76.86854385708656
vdd,cbl_ratio,1.0122139381020347,2.980924159858225,75.02362680270335
vdd,cbl_ratio,1.0122139381020347,3.4501737827439154,73.22101831951056
vdd,cbl_ratio,1.0122139381020347,3.9194234056296064,71.46451950889396
vdd,cbl_ratio,1.0122139381020347,4.388673028515297,69.74705121359547
vdd,cbl_ratio,1.0122139381020347,4.857922651400988,68.07163030492386
vdd,cbl_ratio,1.0122139381020347,5.327172274286678,66.4358988217299
vdd,cbl_ratio,1.0122139381020347,5.796421897172369,64.83634654060084
vdd,cbl_ratio,1.0122139381020347,6.26567152005806,63.27261630618773
vdd,cbl_ratio,1.0122139381020347,6.73492114294375,61.74623340494153
vdd,cbl_ratio,1.0122139381020347,7.204170765829441,60.25572930426075
vdd,cbl_ratio,1.0122139381020347,7.673420388715131,58.80142806254385
vdd,cbl_ratio,1.0122139381020347,8.142670011600822,57.380873569175506
vdd,cbl_ratio,1.0122139381020347,8.611919634486512,55.99600178416509
vdd,cbl_ratio,1.0122139381020347,9.081169257372203,54.64843342878356
vdd,cbl_ratio,1.0122139381020347,9.550418880257894,53.340596664902456
vdd,cbl_ratio,1.0122139381020347,10.019668503143585,52.0666926318344
vdd,cbl_ratio,1.0122139381020347,10.488918126029276,50.82492385178692
vdd,cbl_ratio,1.0122139381020347,10.958167748914967,49.62342257257083
vdd,cbl_ratio,1.0122139381020347,11.427417371800658,48.459410737808135
vdd,cbl_ratio,1.0406388590246562,2.511674536972534,79.6932372892638
vdd,cbl_ratio,1.0406388590246562,2.980924159858225,77.79616219156722
vdd,cbl_ratio,1.0406388590246562,3.4501737827439154,75.93717136902323
vdd,cbl_ratio,1.0406388590246562,3.9194234056296064,74.11888096856018
vdd,cbl_ratio,1.0406388590246562,4.388673028515297,72.33824476096771
vdd,cbl_ratio,1.0406388590246562,4.857922651400988,70.59755681561518
vdd,cbl_ratio,1.0406388590246562,5.327172274286678,68.89671200012303
vdd,cbl_ratio,1.0406388590246562,5.796421897172369,67.23485300050027
vdd,cbl_ratio,1.0406388590246562,6.26567152005806,65.6096440279885
vdd,cbl_ratio,1.0406388590246562,6.73492114294375,64.02495037062953
vdd,cbl_ratio,1.0406388590246562,7.204170765829441,62.477694173095216
vdd,cbl_ratio,1.0406388590246562,7.673420388715131,60.967158790587376
vdd,cbl_ratio,1.0406388590246562,8.142670011600822,59.490426385466264
vdd,cbl_ratio,1.0406388590246562,8.611919634486512,58.05198718085612
vdd,cbl_ratio,1.0406388590246562,9.081169257372203,56.648639357527095
vdd,cbl_ratio,1.0406388590246562,9.550418880257894,55.278820625334376
vdd,cbl_ratio,1.0406388590246562,10.019668503143585,53.943823603990296
vdd,cbl_ratio,1.0406388590246562,10.488918126029276,52.65150014153947
vdd,cbl_ratio,1.0406388590246562,10.958167748914967,51.39790825462248
vdd,cbl_ratio,1.0406388590246562,11.427417371800658,50.178519622605606
vdd,cbl_ratio,1.0690637799472777,2.511674536972534,82.59505821066253
vdd,cbl_ratio,1.0690637799472777,2.980924159858225,80.64735778828097
vdd,cbl_ratio,1.0690637799472777,3.4501737827439154,78.73241887661105
vdd,cbl_ratio,1.0690637799472777,3.9194234056296064,76.85561759706373
vdd,cbl_ratio,1.0690637799472777,4.388673028515297,75.01718830904227
vdd,cbl_ratio,1.0690637799472777,4.857922651400988,73.22146299758144
vdd,cbl_ratio,1.0690637799472777,5.327172274286678,71.46462208538011
vdd,cbl_ratio,1.0690637799472777,5.796421897172369,69.7483364057363
vdd,cbl_ratio,1.0690637799472777,6.26567152005806,68.06731742812167
vdd,cbl_ratio,1.0690637799472777,6.73492114294375,66.42575503200659
vdd,cbl_ratio,1.0690637799472777,7.204170765829441,64.82016731092762
vdd,cbl_ratio,1.0690637799472777,7.673420388715131,63.25043908572174
vdd,cbl_ratio,1.0690637799472777,8.142670011600822,61.71821211456206
vdd,cbl_ratio,1.0690637799472777,8.611919634486512,60.219660173465556
vdd,cbl_ratio,1.0690637799472777,9.081169257372203,58.757821052985015
vdd,cbl_ratio,1.0690637799472777,9.550418880257894,57.332686433601154
vdd,cbl_ratio,1.0690637799472777,10.019668503143585,55.942775212076185
vdd,cbl_ratio,1.0690637799472777,10.488918126029276,54.589468527724115
vdd,cbl_ratio,1.0690637799472777,10.958167748914967,53.274809349438854
vdd,cbl_ratio,1.0690637799472777,11.427417371800658,51.99535101885374
vdd,cbl_ratio,1.0974887008698995,2.511674536972534,85.55613114880423
vdd,cbl_ratio,1.0974887008698995,2.980924159858225,83.5595294256465
vdd,cbl_ratio,1.0974887008698995,3.4501737827439154,81.59810289377472
vdd,cbl_ratio,1.0974887008698995,3.9194234056296064,79.66996274868265
vdd,cbl_ratio,1.0974887008698995,4.388673028515297,77.77673591026557
vdd,cbl_ratio,1.0974887008698995,4.857922651400988,75.92296882453729
vdd,cbl_ratio,1.0974887008698995,5.327172274286678,74.1098407474482
vdd,cbl_ratio,1.0974887008698995,5.796421897172369,72.33212878904698
vdd,cbl_ratio,1.0974887008698995,6.26567152005806,70.59939077811838
vdd,cbl_ratio,1.0974887008698995,6.73492114294375,68.90637094666522
vdd,cbl_ratio,1.0974887008698995,7.204170765829441,67.2503564137764
vdd,cbl_ratio,1.0974887008698995,7.673420388715131,65.63048548424206
vdd,cbl_ratio,1.0974887008698995,8.142670011600822,64.0471531213472
vdd,cbl_ratio,1.0974887008698995,8.611919634486512,62.496862804456896
vdd,cbl_ratio,1.0974887008698995,9.081169257372203,60.981370968962835
vdd,cbl_ratio,1.0974887008698995,9.550418880257894,59.50196269916597
vdd,cbl_ratio,1.0974887008698995,10.019668503143585,58.05819907141676
vdd,cbl_ratio,1.0974887008698995,10.488918126029276,56.649002604147924
vdd,cbl_ratio,1.0974887008698995,10.958167748914967,55.27696605373453
vdd,cbl_ratio,1.0974887008698995,11.427417371800658,53.94217918046177
vdd,cbl_ratio,1.1259136217925212,2.511674536972534,88.59009691196945
vdd,cbl_ratio,1.1259136217925212,2.980924159858225,86.53635466090104
vdd,cbl_ratio,1.1259136217925212,3.4501737827439154,84.52156085708098
vdd,cbl_ratio,1.1259136217925212,3.9194234056296064,82.54455395881455
vdd,cbl_ratio,1.1259136217925212,4.388673028515297,80.60184529292083
vdd,cbl_ratio,1.1259136217925212,4.857922651400988,78.69568494589184
vdd,cbl_ratio,1.1259136217925212,5.327172274286678,76.82912462276742
vdd,cbl_ratio,1.1259136217925212,5.796421897172369,74.99977166235863
vdd,cbl_ratio,1.1259136217925212,6.26567152005806,73.20751780859571
vdd,cbl_ratio,1.1259136217925212,6.73492114294375,71.45260465130401
vdd,cbl_ratio,1.1259136217925212,7.204170765829441,69.73973265210027
vdd,cbl_ratio,1.1259136217925212,7.673420388715131,68.07032067798471
vdd,cbl_ratio,1.1259136217925212,8.142670011600822,66.43837857188237
vdd,cbl_ratio,1.1259136217925212,8.611919634486512,64.84253509635393
vdd,cbl_ratio,1.1259136217925212,9.081169257372203,63.27994834116182
vdd,cbl_ratio,1.1259136217925212,9.550418880257894,61.75256621164126
vdd,cbl_ratio,1.1259136217925212,10.019668503143585,60.26198185563751
vdd,cbl_ratio,1.1259136217925212,10.488918126029276,58.8037569008095
vdd,cbl_ratio,1.1259136217925212,10.958167748914967,57.37984736657981
vdd,cbl_ratio,1.1259136217925212,11.427417371800658,55.99157200732895
vdd,cbl_ratio,1.1543385427151427,2.511674536972534,91.74619539245455
vdd,cbl_ratio,1.1543385427151427,2.980924159858225,89.63298687867774
vdd,cbl_ratio,1.1543385427151427,3.4501737827439154,87.55237376041335
vdd,cbl_ratio,1.1543385427151427,3.9194234056296064,85.50710505112863
vdd,cbl_ratio,1.1543385427151427,4.388673028515297,83.50140000128073
vdd,cbl_ratio,1.1543385427151427,4.857922651400988,81.53513385661383
vdd,cbl_ratio,1.1543385427151427,5.327172274286678,79.60800976156052
vdd,cbl_ratio,1.1543385427151427,5.796421897172369,77.72542290531564
vdd,cbl_ratio,1.1543385427151427,6.26567152005806,75.88383705525024
vdd,cbl_ratio,1.1543385427151427,6.73492114294375,74.07750641454554
vdd,cbl_ratio,1.1543385427151427,7.204170765829441,72.30576428667568
vdd,cbl_ratio,1.1543385427151427,7.673420388715131,70.5745620334357
vdd,cbl_ratio,1.1543385427151427,8.142670011600822,68.88354278846357
vdd,cbl_ratio,1.1543385427151427,8.611919634486512,67.23127173195653
vdd,cbl_ratio,1.1543385427151427,9.081169257372203,65.62181827425428
vdd,cbl_ratio,1.1543385427151427,9.550418880257894,64.04940515095221
vdd,cbl_ratio,1.1543385427151427,10.019668503143585,62.5123275284468
vdd,cbl_ratio,1.1543385427151427,10.488918126029276,61.011050939380155
vdd,cbl_ratio,1.1543385427151427,10.958167748914967,59.544332725933366
vdd,cbl_ratio,1.1543385427151427,11.427417371800658,58.1127732327256
vdd,cbl_ratio,1.1827634636377642,2.511674536972534,94.96356629569185
vdd,cbl_ratio,1.1827634636377642,2.980924159858225,92.80605764529679
vdd,cbl_ratio,1.1827634636377642,3.4501737827439154,90.67889785807613
vdd,cbl_ratio,1.1827634636377642,3.9194234056296064,88.58315778929527
vdd,cbl_ratio,1.1827634636377642,4.388673028515297,86.52165391402679
vdd,cbl_ratio,1.1827634636377642,4.857922651400988,84.4959541214559
vdd,cbl_ratio,1.1827634636377642,5.327172274286678,82.50480549061682
vdd,cbl_ratio,1.1827634636377642,5.796421897172369,80.55069996926628
vdd,cbl_ratio,1.1827634636377642,6.26567152005806,78.64161886004636
vdd,cbl_ratio,1.1827634636377642,6.73492114294375,76.77494029412104
vdd,cbl_ratio,1.1827634636377642,7.204170765829441,74.94832536959454
vdd,cbl_ratio,1.1827634636377642,7.673420388715131,73.15881636614914
vdd,cbl_ratio,1.1827634636377642,8.142670011600822,71.40768400669138
vdd,cbl_ratio,1.1827634636377642,8.611919634486512,69.6967278003461
vdd,cbl_ratio,1.1827634636377642,9.081169257372203,68.02580711874477
vdd,cbl_ratio,1.1827634636377642,9.550418880257894,66.39501074308092
vdd,cbl_ratio,1.1827634636377642,10.019668503143585,64.80506227407935
vdd,cbl_ratio,1.1827634636377642,10.488918126029276,63.25582890846996
vdd,cbl_ratio,1.1827634636377642,10.958167748914967,61.74496717908709
vdd,cbl_ratio,1.1827634636377642,11.427417371800658,60.27090261925266
vdd,cbl_ratio,1.211188384560386,2.511674536972534,98.21510701933532
vdd,cbl_ratio,1.211188384560386,2.980924159858225,96.01519645112978
vdd,cbl_ratio,1.211188384560386,3.4501737827439154,93.84567062238726
vdd,cbl_ratio,1.211188384560386,3.9194234056296064,91.70763331189904
vdd,cbl_ratio,1.211188384560386,4.388673028515297,89.60175296953157
vdd,cbl_ratio,1.211188384560386,4.857922651400988,87.52899710104158
vdd,cbl_ratio,1.211188384560386,5.327172274286678,85.49093246928473
vdd,cbl_ratio,1.211188384560386,5.796421897172369,83.48607904203048
vdd,cbl_ratio,1.211188384560386,6.26567152005806,81.51803386902637
vdd,cbl_ratio,1.211188384560386,6.73492114294375,79.59042125845474
vdd,cbl_ratio,1.211188384560386,7.204170765829441,77.70100780043171
vdd,cbl_ratio,1.211188384560386,7.673420388715131,75.84796469192653
vdd,cbl_ratio,1.211188384560386,8.142670011600822,74.03875185083531
vdd,cbl_ratio,1.211188384560386,8.611919634486512,72.26837547039726
vdd,cbl_ratio,1.211188384560386,9.081169257372203,70.53591222247505
vdd,cbl_ratio,1.211188384560386,9.550418880257894,68.84312024317191
vdd,cbl_ratio,1.211188384560386,10.019668503143585,67.19302295418957
vdd,cbl_ratio,1.211188384560386,10.488918126029276,65.5828894396788
vdd,cbl_ratio,1.211188384560386,10.958167748914967,64.01187347150716
vdd,cbl_ratio,1.211188384560386,11.427417371800658,62.48122174467851
vdd,cbl_ratio,1.2396133054830076,2.511674536972534,101.52289833234026
vdd,cbl_ratio,1.2396133054830076,2.980924159858225,99.27043922035547
vdd,cbl_ratio,1.2396133054830076,3.4501737827439154,97.05083554202695
vdd,cbl_ratio,1.2396133054830076,3.9194234056296064,94.86783737229102
vdd,cbl_ratio,1.2396133054830076,4.388673028515297,92.71903325289344
vdd,cbl_ratio,1.2396133054830076,4.857922651400988,90.6024190018028
vdd,cbl_ratio,1.2396133054830076,5.327172274286678,88.51931910417753
vdd,cbl_ratio,1.2396133054830076,5.796421897172369,86.46985936603188
vdd,cbl_ratio,1.2396133054830076,6.26567152005806,84.4562143252655
vdd,cbl_ratio,1.2396133054830076,6.73492114294375,82.48167813175483
vdd,cbl_ratio,1.2396133054830076,7.204170765829441,80.54530451433347
vdd,cbl_ratio,1.2396133054830076,7.673420388715131,78.64469118897802
vdd,cbl_ratio,1.2396133054830076,8.142670011600822,76.77895308365835
vdd,cbl_ratio,1.2396133054830076,8.611919634486512,74.95152518724186
vdd,cbl_ratio,1.2396133054830076,9.081169257372203,73.15970580746087
vdd,cbl_ratio,1.2396133054830076,9.550418880257894,71.40613009662421
vdd,cbl_ratio,1.2396133054830076,10.019668503143585,69.6933644315429
vdd,cbl_ratio,1.2396133054830076,10.488918126029276,68.02432867851988
vdd,cbl_ratio,1.2396133054830076,10.958167748914967,66.39695870695789
vdd,cbl_ratio,1.2396133054830076,11.427417371800658,64.80753897380815
vdd,cbl_ratio,1.2680382264056291,2.511674536972534,104.88154941416563
vdd,cbl_ratio,1.2680382264056291,2.980924159858225,102.58812599777093
vdd,cbl_ratio,1.2680382264056291,3.4501737827439154,100.32454478028333
vdd,cbl_ratio,1.2680382264056291,3.9194234056296064,98.09004681487285
vdd,cbl_ratio,1.2680382264056291,4.388673028515297,95.88917044762852
vdd,cbl_ratio,1.2680382264056291,4.857922651400988,93.72252653646638
vdd,cbl_ratio,1.2680382264056291,5.327172274286678,91.59315628264697
vdd,cbl_ratio,1.2680382264056291,5.796421897172369,89.49948562537887
vdd,cbl_ratio,1.2680382264056291,6.26567152005806,87.44283779069694
vdd,cbl_ratio,1.2680382264056291,6.73492114294375,85.42185466149587
vdd,cbl_ratio,1.2680382264056291,7.204170765829441,83.43942192652726
vdd,cbl_ratio,1.2680382264056291,7.673420388715131,81.49282046829568
vdd,cbl_ratio,1.2680382264056291,8.142670011600822,79.5838894183941
vdd,cbl_ratio,1.2680382264056291,8.611919634486512,77.70946490341089
vdd,cbl_ratio,1.2680382264056291,9.081169257372203,75.87299958812319
vdd,cbl_ratio,1.2680382264056291,9.550418880257894,74.07355945420069
vdd,cbl_ratio,1.2680382264056291,10.019668503143585,72.31015446962799
vdd,cbl_ratio,1.2680382264056291,10.488918126029276,70.58222980417474
vdd,cbl_ratio,1.2680382264056291,10.958167748914967,68.89285110030106
vdd,cbl_ratio,1.2680382264056291,11.427417371800658,67.24329639151473
vdd,cbl_over_cs,0.7279647288758186,2.511674536972534,53.864712461161396
vdd,cbl_over_cs,0.7279647288758186,2.980924159858225,52.639785276378525
vdd,cbl_over_cs,0.7279647288758186,3.4501737827439154,51.448715368835025
vdd,cbl_over_cs,0.7279647288758186,3.9194234056296064,50.30041825648164
vdd,cbl_over_cs,0.7279647288758186,4.388673028515297,49.19053666232373
vdd,cbl_over_cs,0.7279647288758186,4.857922651400988,48.11322516689601
vdd,cbl_over_cs,0.7279647288758186,5.327172274286678,47.07460212009595
vdd,cbl_over_cs,0.7279647288758186,5.796421897172369,46.071225882927266
vdd,cbl_over_cs,0.7279647288758186,6.26567152005806,45.09749332554035
vdd,cbl_over_cs,0.7279647288758186,6.73492114294375,44.154105491411855
vdd,cbl_over_cs,0.7279647288758186,7.204170765829441,43.25000046649743
vdd,cbl_over_cs,0.7279647288758186,7.673420388715131,42.37611679333368
vdd,cbl_over_cs,0.7279647288758186,8.142670011600822,41.52911861292536
vdd,cbl_over_cs,0.7279647288758186,8.611919634486512,40.70967619251633
vdd,cbl_over_cs,0.7279647288758186,9.081169257372203,39.92730263562985
vdd,cbl_over_cs,0.7279647288758186,9.550418880257894,39.18284434905862
vdd,cbl_over_cs,0.7279647288758186,10.019668503143585,38.46745030278531
vdd,cbl_over_cs,0.7279647288758186,10.488918126029276,37.7742991420414
vdd,cbl_over_cs,0.7279647288758186,10.958167748914967,37.10360319831972
vdd,cbl_over_cs,0.7279647288758186,11.427417371800658,36.45478692799057
vdd,cbl_over_cs,0.7563896497984403,2.511674536972534,55.80411576148695
vdd,cbl_over_cs,0.7563896497984403,2.980924159858225,54.52755907051154
vdd,cbl_over_cs,0.7563896497984403,3.4501737827439154,53.28328550412502
vdd,cbl_over_cs,0.7563896497984403,3.9194234056296064,52.07314401788189
vdd,cbl_over_cs,0.7563896497984403,4.388673028515297,50.89713956542479
vdd,cbl_over_cs,0.7563896497984403,4.857922651400988,49.76756555998933
vdd,cbl_over_cs,0.7563896497984403,5.327172274286678,48.66995063169696
vdd,cbl_over_cs,0.7563896497984403,5.796421897172369,47.60928069228772
vdd,cbl_over_cs,0.7563896497984403,6.26567152005806,46.58733603775037
vdd,cbl_over_cs,0.7563896497984403,6.73492114294375,45.600902362714606
vdd,cbl_over_cs,0.7563896497984403,7.204170765829441,44.65473281207846
vdd,cbl_over_cs,0.7563896497984403,7.673420388715131,43.745417105996296
vdd,cbl_over_cs,0.7563896497984403,8.142670011600822,42.86715465774277
vdd,cbl_over_cs,0.7563896497984403,8.611919634486512,42.022978496092016
vdd,cbl_over_cs,0.7563896497984403,9.081169257372203,41.20904156126619
vdd,cbl_over_cs,0.7563896497984403,9.550418880257894,40.418996618110135
vdd,cbl_over_cs,0.7563896497984403,10.019668503143585,39.65848334447827
vdd,cbl_over_cs,0.7563896497984403,10.488918126029276,38.931212217353476
vdd,cbl_over_cs,0.7563896497984403,10.958167748914967,38.23635238432204
vdd,cbl_over_cs,0.7563896497984403,11.427417371800658,37.57042049006479
vdd,cbl_over_cs,0.7848145707210619,2.511674536972534,57.76805565450769
vdd,cbl_over_cs,0.7848145707210619,2.980924159858225,56.44958189927809
vdd,cbl_over_cs,0.7848145707210619,3.4501737827439154,55.16008819436222
vdd,cbl_over_cs,0.7848145707210619,3.9194234056296064,53.90695512602389
vdd,cbl_over_cs,0.7848145707210619,4.388673028515297,52.686152056620706
vdd,cbl_over_cs,0.7848145707210619,4.857922651400988,51.50128696603428
vdd,cbl_over_cs,0.7848145707210619,5.327172274286678,50.359005643681606
vdd,cbl_over_cs,0.7848145707210619,5.796421897172369,49.24922464798457
vdd,cbl_over_cs,0.7848145707210619,6.26567152005806,48.17062312963772
vdd,cbl_over_cs,0.7848145707210619,6.73492114294375,47.12736015215229
vdd,cbl_over_cs,0.7848145707210619,7.204170765829441,46.12445851511799
vdd,cbl_over_cs,0.7848145707210619,7.673420388715131,45.154929798779314
vdd,cbl_over_cs,0.7848145707210619,8.142670011600822,44.22535731038015
vdd,cbl_over_cs,0.7848145707210619,8.611919634486512,43.3313799199746
vdd,cbl_over_cs,0.7848145707210619,9.081169257372203,42.471449530652315
vdd,cbl_over_cs,0.7848145707210619,9.550418880257894,41.64756647336994
vdd,cbl_over_cs,0.7848145707210619,10.019668503143585,40.8604648138518
vdd,cbl_over_cs,0.7848145707210619,10.488918126029276,40.10543021259604
vdd,cbl_over_cs,0.7848145707210619,10.958167748914967,39.37820560357731
vdd,cbl_over_cs,0.7848145707210619,11.427417371800658,38.67072969924864
vdd,cbl_over_cs,0.8132394916436835,2.511674536972534,59.73242835624986
vdd,cbl_over_cs,0.8132394916436835,2.980924159858225,58.38228724535237
vdd,cbl_over_cs,0.8132394916436835,3.4501737827439154,57.06203300653725
vdd,cbl_over_cs,0.8132394916436835,3.9194234056296064,55.77734872074333
vdd,cbl_over_cs,0.8132394916436835,4.388673028515297,54.51441115380584
vdd,cbl_over_cs,0.8132394916436835,4.857922651400988,53.28340754118428
vdd,cbl_over_cs,0.8132394916436835,5.327172274286678,52.08316197155028
vdd,cbl_over_cs,0.8132394916436835,5.796421897172369,50.924827694434796
vdd,cbl_over_cs,0.8132394916436835,6.26567152005806,49.802823097896606
vdd,cbl_over_cs,0.8132394916436835,6.73492114294375,48.71721404746253
vdd,cbl_over_cs,0.8132394916436835,7.204170765829441,47.66142342726545
vdd,cbl_over_cs,0.8132394916436835,7.673420388715131,46.643441330690614
vdd,cbl_over_cs,0.8132394916436835,8.142670011600822,45.65917620988089
vdd,cbl_over_cs,0.8132394916436835,8.611919634486512,44.7110500314508
vdd,cbl_over_cs,0.8132394916436835,9.081169257372203,43.80049378798975
vdd,cbl_over_cs,0.8132394916436835,9.550418880257894,42.92088032854056
vdd,cbl_over_cs,0.8132394916436835,10.019668503143585,42.077568252542186
vdd,cbl_over_cs,0.8132394916436835,10.488918126029276,41.269795334942714
vdd,cbl_over_cs,0.8132394916436835,10.958167748914967,40.49926060644121
vdd,cbl_over_cs,0.8132394916436835,11.427417371800658,39.76223310709447
vdd,cbl_over_cs,0.8416644125663051,2.511674536972534,61.76784631237217
vdd,cbl_over_cs,0.8416644125663051,2.980924159858225,60.36219151666467
vdd,cbl_over_cs,0.8416644125663051,3.4501737827439154,58.99200464901286
vdd,cbl_over_cs,0.8416644125663051,3.9194234056296064,57.65752972385317
vdd,cbl_over_cs,0.8416644125663051,4.388673028515297,56.35842865802245
vdd,cbl_over_cs,0.8416644125663051,4.857922651400988,55.09358328278711
vdd,cbl_over_cs,0.8416644125663051,5.327172274286678,53.85649299116807
vdd,cbl_over_cs,0.8416644125663051,5.796421897172369,52.652802336946564
vdd,cbl_over_cs,0.8416644125663051,6.26567152005806,51.4809670748519
vdd,cbl_over_cs,0.8416644125663051,6.73492114294375,50.339297771880425
vdd,cbl_over_cs,0.8416644125663051,7.204170765829441,49.23304199322402
vdd,cbl_over_cs,0.8416644125663051,7.673420388715131,48.170719072915404
vdd,cbl_over_cs,0.8416644125663051,8.142670011600822,47.13856763424218
vdd,cbl_over_cs,0.8416644125663051,8.611919634486512,46.13452690713837
vdd,cbl_over_cs,0.8416644125663051,9.081169257372203,45.168937478079904
vdd,cbl_over_cs,0.8416644125663051,9.550418880257894,44.241590242865925
vdd,cbl_over_cs,0.8416644125663051,10.019668503143585,43.35207565079922
vdd,cbl_over_cs,0.8416644125663051,10.488918126029276,42.49403531946612
vdd,cbl_over_cs,0.8416644125663051,10.958167748914967,41.67500433933465
vdd,cbl_over_cs,0.8416644125663051,11.427417371800658,40.88208731115598
vdd,cbl_over_cs,0.8700893334889267,2.511674536972534,63.92115575534072
vdd,cbl_over_cs,0.8700893334889267,2.980924159858225,62.44045755687205
vdd,cbl_over_cs,0.8700893334889267,3.4501737827439154,61.00238822775649
vdd,cbl_over_cs,0.8700893334889267,3.9194234056296064,59.60839105408958
vdd,cbl_over_cs,0.8700893334889267,4.388673028515297,58.25365127837963
vdd,cbl_over_cs,0.8700893334889267,4.857922651400988,56.93915341744861
vdd,cbl_over_cs,0.8700893334889267,5.327172274286678,55.6610330631095
vdd,cbl_over_cs,0.8700893334889267,5.796421897172369,54.41110314851968
vdd,cbl_over_cs,0.8700893334889267,6.26567152005806,53.19220512802922
vdd,cbl_over_cs,0.8700893334889267,6.73492114294375,52.00379071032343
vdd,cbl_over_cs,0.8700893334889267,7.204170765829441,50.85184467987103
vdd,cbl_over_cs,0.8700893334889267,7.673420388715131,49.73536842792889
vdd,cbl_over_cs,0.8700893334889267,8.142670011600822,48.655008835162306
vdd,cbl_over_cs,0.8700893334889267,8.611919634486512,47.61136210322254
vdd,cbl_over_cs,0.8700893334889267,9.081169257372203,46.605358611538115
vdd,cbl_over_cs,0.8700893334889267,9.550418880257894,45.636599719876344
vdd,cbl_over_cs,0.8700893334889267,10.019668503143585,44.69348183184742
vdd,cbl_over_cs,0.8700893334889267,10.488918126029276,43.77758059077121
vdd,cbl_over_cs,0.8700893334889267,10.958167748914967,42.89903017871022
vdd,cbl_over_cs,0.8700893334889267,11.427417371800658,42.06010676824686
vdd,cbl_over_cs,0.8985142544115483,2.511674536972534,66.1944227879084
vdd,cbl_over_cs,0.8985142544115483,2.980924159858225,64.64998325376995
vdd,cbl_over_cs,0.8985142544115483,3.4501737827439154,63.14719787104294
vdd,cbl_over_cs,0.8985142544115483,3.9194234056296064,61.683330215802904
vdd,cbl_over_cs,0.8985142544115483,4.388673028515297,60.254765441170115
vdd,cbl_over_cs,0.8985142544115483,4.857922651400988,58.8690521628516
vdd,cbl_over_cs,0.8985142544115483,5.327172274286678,57.52631238702369
vdd,cbl_over_cs,0.8985142544115483,5.796421897172369,56.22844027690458
vdd,cbl_over_cs,0.8985142544115483,6.26567152005806,54.96792010911269
vdd,cbl_over_cs,0.8985142544115483,6.73492114294375,53.73705286386017
vdd,cbl_over_cs,0.8985142544115483,7.204170765829441,52.53739837062126
vdd,cbl_over_cs,0.8985142544115483,7.673420388715131,51.37058204530963
vdd,cbl_over_cs,0.8985142544115483,8.142670011600822,50.23349536040546
vdd,cbl_over_cs,0.8985142544115483,8.611919634486512,49.13461306018742
vdd,cbl_over_cs,0.8985142544115483,9.081169257372203,48.0717472674758
vdd,cbl_over_cs,0.8985142544115483,9.550418880257894,47.045057377736164
vdd,cbl_over_cs,0.8985142544115483,10.019668503143585,46.05569544046396
vdd,cbl_over_cs,0.8985142544115483,10.488918126029276,45.10596116461665
vdd,cbl_over_cs,0.8985142544115483,10.958167748914967,44.19473232622565
vdd,cbl_over_cs,0.8985142544115483,11.427417371800658,43.30740660113357
vdd,cbl_over_cs,0.9269391753341698,2.511674536972534,68.62887152225942
vdd,cbl_over_cs,0.9269391753341698,2.980924159858225,67.00867250135316
vdd,cbl_over_cs,0.9269391753341698,3.4501737827439154,65.42850553965823
vdd,cbl_over_cs,0.9269391753341698,3.9194234056296064,63.88698210564867
vdd,cbl_over_cs,0.9269391753341698,4.388673028515297,62.39521278912774
vdd,cbl_over_cs,0.9269391753341698,4.857922651400988,60.94294249674583
vdd,cbl_over_cs,0.9269391753341698,5.327172274286678,59.52976439992899
vdd,cbl_over_cs,0.9269391753341698,5.796421897172369,58.1524329330929
vdd,cbl_over_cs,0.9269391753341698,6.26567152005806,56.81766710567579
vdd,cbl_over_cs,0.9269391753341698,6.73492114294375,55.52684046637433
vdd,cbl_over_cs,0.9269391753341698,7.204170765829441,54.27882093233975
vdd,cbl_over_cs,0.9269391753341698,7.673420388715131,53.067452532343374
vdd,cbl_over_cs,0.9269391753341698,8.142670011600822,51.88748269667413
vdd,cbl_over_cs,0.9269391753341698,8.611919634486512,50.736212443017635
vdd,cbl_over_cs,0.9269391753341698,9.081169257372203,49.623400315656276
vdd,cbl_over_cs,0.9269391753341698,9.550418880257894,48.54017639506028
vdd,cbl_over_cs,0.9269391753341698,10.019668503143585,47.49151521988242
vdd,cbl_over_cs,0.9269391753341698,10.488918126029276,46.47979712438869
vdd,cbl_over_cs,0.9269391753341698,10.958167748914967,45.50585373100367
vdd,cbl_over_cs,0.9269391753341698,11.427417371800658,44.5708840369462
vdd,cbl_over_cs,0.9553640962567915,2.511674536972534,71.1641655501229
vdd,cbl_over_cs,0.9553640962567915,2.980924159858225,69.480689630902
vdd,cbl_over_cs,0.9553640962567915,3.4501737827439154,67.83878441365427
vdd,cbl_over_cs,0.9553640962567915,3.9194234056296064,66.23838630357069
vdd,cbl_over_cs,0.9553640962567915,4.388673028515297,64.67417055240308
vdd,cbl_over_cs,0.9553640962567915,4.857922651400988,63.14748564947377
vdd,cbl_over_cs,0.9553640962567915,5.327172274286678,61.6633030189123
vdd,cbl_over_cs,0.9553640962567915,5.796421897172369,60.22331771078811
vdd,cbl_over_cs,0.9553640962567915,6.26567152005806,58.82236780293008
vdd,cbl_over_cs,0.9553640962567915,6.73492114294375,57.46202620538943
vdd,cbl_over_cs,0.9553640962567915,7.204170765829441,56.13759616537873
vdd,cbl_over_cs,0.9553640962567915,7.673420388715131,54.84990585321089
vdd,cbl_over_cs,0.9553640962567915,8.142670011600822,53.60408311462875
vdd,cbl_over_cs,0.9553640962567915,8.611919634486512,52.40036341786909
vdd,cbl_over_cs,0.9553640962567915,9.081169257372203,51.229902456611725
vdd,cbl_over_cs,0.9553640962567915,9.550418880257894,50.0978397785643
vdd,cbl_over_cs,0.9553640962567915,10.019668503143585,49.00585630367359
vdd,cbl_over_cs,0.9553640962567915,10.488918126029276,47.94487370812514
vdd,cbl_over_cs,0.9553640962567915,10.958167748914967,46.91800670383773
vdd,cbl_over_cs,0.9553640962567915,11.427417371800658,45.92451243390612
vdd,cbl_over_cs,0.983789017179413,2.511674536972534,73.82634170288765
vdd,cbl_over_cs,0.983789017179413,2.980924159858225,72.0698567626725
vdd,cbl_over_cs,0.983789017179413,3.4501737827439154,70.35942242263366
vdd,cbl_over_cs,0.983789017179413,3.9194234056296064,68.69045254542125
vdd,cbl_over_cs,0.983789017179413,4.388673028515297,67.0638556828831
vdd,cbl_over_cs,0.983789017179413,4.857922651400988,65.47520006754955
vdd,cbl_over_cs,0.983789017179413,5.327172274286678,63.92493580927242
vdd,cbl_over_cs,0.983789017179413,5.796421897172369,62.417201851587144
vdd,cbl_over_cs,0.983789017179413,6.26567152005806,60.948559731319236
vdd,cbl_over_cs,0.983789017179413,6.73492114294375,59.51865853104517
vdd,cbl_over_cs,0.983789017179413,7.204170765829441,58.12496211683665
vdd,cbl_over_cs,0.983789017179413,7.673420388715131,56.77413595454053
vdd,cbl_over_cs,0.983789017179413,8.142670011600822,55.46570262110456
vdd,cbl_over_cs,0.983789017179413,8.611919634486512,54.190837931022216
vdd,cbl_over_cs,0.983789017179413,9.081169257372203,52.95451868421981
vdd,cbl_over_cs,0.983789017179413,9.550418880257894,51.75423338667299
vdd,cbl_over_cs,0.983789017179413,10.019668503143585,50.59535787005158
vdd,cbl_over_cs,0.983789017179413,10.488918126029276,49.477823887894395
vdd,cbl_over_cs,0.983789017179413,10.958167748914967,48.397130361087505
vdd,cbl_over_cs,0.983789017179413,11.427417371800658,47.35270345179843
vdd,cbl_over_cs,1.0122139381020347,2.511674536972534,76.62426962175806
vdd,cbl_over_cs,1.0122139381020347,2.980924159858225,74.79858667627863
vdd,cbl_over_cs,1.0122139381020347,3.4501737827439154,73.0125301922877
vdd,cbl_over_cs,1.0122139381020347,3.9194234056296064,71.27146735038856
vdd,cbl_over_cs,1.0122139381020347,4.388673028515297,69.57466832797324
vdd,cbl_over_cs,1.0122139381020347,4.857922651400988,67.91988550925346
vdd,cbl_over_cs,1.0122139381020347,5.327172274286678,66.30309716921437
vdd,cbl_over_cs,1.0122139381020347,5.796421897172369,64.72552907786049
vdd,cbl_over_cs,1.0122139381020347,6.26567152005806,63.184614401256276
vdd,cbl_over_cs,1.0122139381020347,6.73492114294375,61.688101873267634
vdd,cbl_over_cs,1.0122139381020347,7.204170765829441,60.23141498265566
vdd,cbl_over_cs,1.0122139381020347,7.673420388715131,58.81033407244391
vdd,cbl_over_cs,1.0122139381020347,8.142670011600822,57.43410266999094
vdd,cbl_over_cs,1.0122139381020347,8.611919634486512,56.096416532636255
vdd,cbl_over_cs,1.0122139381020347,9.081169257372203,54.79818645737329
vdd,cbl_over_cs,1.0122139381020347,9.550418880257894,53.54040550774577
vdd,cbl_over_cs,1.0122139381020347,10.019668503143585,52.31590656790747
vdd,cbl_over_cs,1.0122139381020347,10.488918126029276,51.12862584516026
vdd,cbl_over_cs,1.0122139381020347,10.958167748914967,49.98129495304963
vdd,cbl_over_cs,1.0122139381020347,11.427417371800658,48.87364829856656
vdd,cbl_over_cs,1.0406388590246562,2.511674536972534,79.49407769918729
vdd,cbl_over_cs,1.0406388590246562,2.980924159858225,77.61022781993735
vdd,cbl_over_cs,1.0406388590246562,3.4501737827439154,75.76414988088173
vdd,cbl_over_cs,1.0406388590246562,3.9194234056296064,73.96097790317754
vdd,cbl_over_cs,1.0406388590246562,4.388673028515297,72.19460986396281
vdd,cbl_over_cs,1.0406388590246562,4.857922651400988,70.47150443108376
vdd,cbl_over_cs,1.0406388590246562,5.327172274286678,68.793781900458
vdd,cbl_over_cs,1.0406388590246562,5.796421897172369,67.15571882471286
vdd,cbl_over_cs,1.0406388590246562,6.26567152005806,65.55079257356518
vdd,cbl_over_cs,1.0406388590246562,6.73492114294375,63.983528989559424
vdd,cbl_over_cs,1.0406388590246562,7.204170765829441,62.45787596734227
vdd,cbl_over_cs,1.0406388590246562,7.673420388715131,60.96919520238625
vdd,cbl_over_cs,1.0406388590246562,8.142670011600822,59.51511183511816
vdd,cbl_over_cs,1.0406388590246562,8.611919634486512,58.105797355992436
vdd,cbl_over_cs,1.0406388590246562,9.081169257372203,56.74035963391165
vdd,cbl_over_cs,1.0406388590246562,9.550418880257894,55.417893360349815
vdd,cbl_over_cs,1.0406388590246562,10.019668503143585,54.133798339933115
vdd,cbl_over_cs,1.0406388590246562,10.488918126029276,52.887915373834666
vdd,cbl_over_cs,1.0406388590246562,10.958167748914967,51.679629416574315
vdd,cbl_over_cs,1.0406388590246562,11.427417371800658,50.50739543325689
vdd,cbl_over_cs,1.0690637799472777,2.511674536972534,82.42649911744299
vdd,cbl_over_cs,1.0690637799472777,2.980924159858225,80.49152326089144
vdd,cbl_over_cs,1.0690637799472777,3.4501737827439154,78.58885199457484
vdd,cbl_over_cs,1.0690637799472777,3.9194234056296064,76.72394505944251
vdd,cbl_over_cs,1.0690637799472777,4.388673028515297,74.89835159070785
vdd,cbl_over_cs,1.0690637799472777,4.857922651400988,73.11654834450283
vdd,cbl_over_cs,1.0690637799472777,5.327172274286678,71.37733789710248
vdd,cbl_over_cs,1.0690637799472777,5.796421897172369,69.67502172032566
vdd,cbl_over_cs,1.0690637799472777,6.26567152005806,68.01258295016117
vdd,cbl_over_cs,1.0690637799472777,6.73492114294375,66.38621754402685
vdd,cbl_over_cs,1.0690637799472777,7.204170765829441,64.80006964154973
vdd,cbl_over_cs,1.0690637799472777,7.673420388715131,63.253251888292404
vdd,cbl_over_cs,1.0690637799472777,8.142670011600822,61.741166016634494
vdd,cbl_over_cs,1.0690637799472777,8.611919634486512,60.26251391151979
vdd,cbl_over_cs,1.0690637799472777,9.081169257372203,58.82437610623972
vdd,cbl_over_cs,1.0690637799472777,9.550418880257894,57.42183287491518
vdd,cbl_over_cs,1.0690637799472777,10.019668503143585,56.05956989964591
vdd,cbl_over_cs,1.0690637799472777,10.488918126029276,54.7417981924929
vdd,cbl_over_cs,1.0690637799472777,10.958167748914967,53.46646838031405
vdd,cbl_over_cs,1.0690637799472777,11.427417371800658,52.22727590136845
vdd,cbl_over_cs,1.0974887008698995,2.511674536972534,85.42033393527221
vdd,cbl_over_cs,1.0974887008698995,2.980924159858225,83.42851410552701
vdd,cbl_over_cs,1.0974887008698995,3.4501737827439154,81.47328972752612
vdd,cbl_over_cs,1.0974887008698995,3.9194234056296064,79.55619377490892
vdd,cbl_over_cs,1.0974887008698995,4.388673028515297,77.67222639552932
vdd,cbl_over_cs,1.0974887008698995,4.857922651400988,75.82600639625396
vdd,cbl_over_cs,1.0974887008698995,5.327172274286678,74.01970990204984
vdd,cbl_over_cs,1.0974887008698995,5.796421897172369,72.25936405689882
vdd,cbl_over_cs,1.0974887008698995,6.26567152005806,70.54509994296497
vdd,cbl_over_cs,1.0974887008698995,6.73492114294375,68.86791600749302
vdd,cbl_over_cs,1.0974887008698995,7.204170765829441,67.22636155926236
vdd,cbl_over_cs,1.0974887008698995,7.673420388715131,65.61800447743873
vdd,cbl_over_cs,1.0974887008698995,8.142670011600822,64.04661909034769
vdd,cbl_over_cs,1.0974887008698995,8.611919634486512,62.51240268357973
vdd,cbl_over_cs,1.0974887008698995,9.081169257372203,61.015379090656175
vdd,cbl_over_cs,1.0974887008698995,9.550418880257894,59.556926928705145
vdd,cbl_over_cs,1.0974887008698995,10.019668503143585,58.135620948264986
vdd,cbl_over_cs,1.0974887008698995,10.488918126029276,56.74826075318123
vdd,cbl_over_cs,1.0974887008698995,10.958167748914967,55.399770283680596
vdd,cbl_over_cs,1.0974887008698995,11.427417371800658,54.09029221896119
vdd,cbl_over_cs,1.1259136217925212,2.511674536972534,88.52095369450069
vdd,cbl_over_cs,1.1259136217925212,2.980924159858225,86.45148674929229
vdd,cbl_over_cs,1.1259136217925212,3.4501737827439154,84.42725169939061
vdd,cbl_over_cs,1.1259136217925212,3.9194234056296064,82.44707444991953
vdd,cbl_over_cs,1.1259136217925212,4.388673028515297,80.50935980998389
vdd,cbl_over_cs,1.1259136217925212,4.857922651400988,78.60746155411678
vdd,cbl_over_cs,1.1259136217925212,5.327172274286678,76.74549938216154
vdd,cbl_over_cs,1.1259136217925212,5.796421897172369,74.92117301711549
vdd,cbl_over_cs,1.1259136217925212,6.26567152005806,73.13656128903082
vdd,cbl_over_cs,1.1259136217925212,6.73492114294375,71.39368930353449
vdd,cbl_over_cs,1.1259136217925212,7.204170765829441,69.69563632312949
vdd,cbl_over_cs,1.1259136217925212,7.673420388715131,68.03934680696513
vdd,cbl_over_cs,1.1259136217925212,8.142670011600822,66.41839412083146
vdd,cbl_over_cs,1.1259136217925212,8.611919634486512,64.83297042464378
vdd,cbl_over_cs,1.1259136217925212,9.081169257372203,63.27800889042365
vdd,cbl_over_cs,1.1259136217925212,9.550418880257894,61.76023100490462
vdd,cbl_over_cs,1.1259136217925212,10.019668503143585,60.28133004136171
vdd,cbl_over_cs,1.1259136217925212,10.488918126029276,58.83963652226216
vdd,cbl_over_cs,1.1259136217925212,10.958167748914967,57.43508898399099
vdd,cbl_over_cs,1.1259136217925212,11.427417371800658,56.06811258155204
vdd,cbl_over_cs,1.1543385427151427,2.511674536972534,91.72551365590037
vdd,cbl_over_cs,1.1543385427151427,2.980924159858225,89.60009181565002
vdd,cbl_over_cs,1.1543385427151427,3.4501737827439154,87.50657528896258
vdd,cbl_over_cs,1.1543385427151427,3.9194234056296064,85.45070914397144
vdd,cbl_over_cs,1.1543385427151427,4.388673028515297,83.43569265303287
vdd,cbl_over_cs,1.1543385427151427,4.857922651400988,81.46684247806446
vdd,cbl_over_cs,1.1543385427151427,5.327172274286678,79.53856358016897
vdd,cbl_over_cs,1.1543385427151427,5.796421897172369,77.6531502364542
vdd,cbl_over_cs,1.1543385427151427,6.26567152005806,75.80926219095907
vdd,cbl_over_cs,1.1543385427151427,6.73492114294375,74.00262210966267
vdd,cbl_over_cs,1.1543385427151427,7.204170765829441,72.23444830262362
vdd,cbl_over_cs,1.1543385427151427,7.673420388715131,70.50922690575128
vdd,cbl_over_cs,1.1543385427151427,8.142670011600822,68.82930994350151
vdd,cbl_over_cs,1.1543385427151427,8.611919634486512,67.19182643869863
vdd,cbl_over_cs,1.1543385427151427,9.081169257372203,65.58834915541586
vdd,cbl_over_cs,1.1543385427151427,9.550418880257894,64.02322679065077
vdd,cbl_over_cs,1.1543385427151427,10.019668503143585,62.49370418209482
vdd,cbl_over_cs,1.1543385427151427,10.488918126029276,61.00010425440611
vdd,cbl_over_cs,1.1543385427151427,10.958167748914967,59.54078502311228
vdd,cbl_over_cs,1.1543385427151427,11.427417371800658,58.11699023228314
vdd,cbl_over_cs,1.1827634636377642,2.511674536972534,94.9748910938967
vdd,cbl_over_cs,1.1827634636377642,2.980924159858225,92.80298554448885
vdd,cbl_over_cs,1.1827634636377642,3.4501737827439154,90.66162124899994
vdd,cbl_over_cs,1.1827634636377642,3.9194234056296064,88.5524554339447
vdd,cbl_over_cs,1.1827634636377642,4.388673028515297,86.47884017481321
vdd,cbl_over_cs,1.1827634636377642,4.857922651400988,84.44119950257236
vdd,cbl_over_cs,1.1827634636377642,5.327172274286678,82.43985087713875
vdd,cbl_over_cs,1.1827634636377642,5.796421897172369,80.47872027337478
vdd,cbl_over_cs,1.1827634636377642,6.26567152005806,78.56717826466169
vdd,cbl_over_cs,1.1827634636377642,6.73492114294375,76.69850040501075
vdd,cbl_over_cs,1.1827634636377642,7.204170765829441,74.86501043906902
vdd,cbl_over_cs,1.1827634636377642,7.673420388715131,73.0706345204255
vdd,cbl_over_cs,1.1827634636377642,8.142670011600822,71.32072798121912
vdd,cbl_over_cs,1.1827634636377642,8.611919634486512,69.61182266440947
vdd,cbl_over_cs,1.1827634636377642,9.081169257372203,67.94762748442517
vdd,cbl_over_cs,1.1827634636377642,9.550418880257894,66.3274249708729
vdd,cbl_over_cs,1.1827634636377642,10.019668503143585,64.74690457425243
vdd,cbl_over_cs,1.1827634636377642,10.488918126029276,63.20146803222745
vdd,cbl_over_cs,1.1827634636377642,10.958167748914967,61.69631588045398
vdd,cbl_over_cs,1.1827634636377642,11.427417371800658,60.2298310919783
vdd,cbl_over_cs,1.211188384560386,2.511674536972534,98.25639475776073
vdd,cbl_over_cs,1.211188384560386,2.980924159858225,96.03854722101886
vdd,cbl_over_cs,1.211188384560386,3.4501737827439154,93.85112807135862
vdd,cbl_over_cs,1.211188384560386,3.9194234056296064,91.69647394282491
vdd,cbl_over_cs,1.211188384560386,4.388673028515297,89.57246244651174
vdd,cbl_over_cs,1.211188384560386,4.857922651400988,87.48206070525796
vdd,cbl_over_cs,1.211188384560386,5.327172274286678,85.42811858561882
vdd,cbl_over_cs,1.211188384560386,5.796421897172369,83.41007233308191
vdd,cbl_over_cs,1.211188384560386,6.26567152005806,81.42910179385903
vdd,cbl_over_cs,1.211188384560386,6.73492114294375,79.48824088127334
vdd,cbl_over_cs,1.211188384560386,7.204170765829441,77.58977796687091
vdd,cbl_over_cs,1.211188384560386,7.673420388715131,75.73387498826827
vdd,cbl_over_cs,1.211188384560386,8.142670011600822,73.9183196949241
vdd,cbl_over_cs,1.211188384560386,8.611919634486512,72.14300686738567
vdd,cbl_over_cs,1.211188384560386,9.081169257372203,70.4105375315971
vdd,cbl_over_cs,1.211188384560386,9.550418880257894,68.72041185153924
vdd,cbl_over_cs,1.211188384560386,10.019668503143585,67.06964994134358
vdd,cbl_over_cs,1.211188384560386,10.488918126029276,65.46371670357901
vdd,cbl_over_cs,1.211188384560386,10.958167748914967,63.899489273114305
vdd,cbl_over_cs,1.211188384560386,11.427417371800658,62.37833141419015
vdd,cbl_over_cs,1.2396133054830076,2.511674536972534,101.60573261405432
vdd,cbl_over_cs,1.2396133054830076,2.980924159858225,99.32601912665402
vdd,cbl_over_cs,1.2396133054830076,3.4501737827439154,97.07994986431297
vdd,cbl_over_cs,1.2396133054830076,3.9194234056296064,94.8729584526204
vdd,cbl_over_cs,1.2396133054830076,4.388673028515297,92.70224210932717
vdd,cbl_over_cs,1.2396133054830076,4.857922651400988,90.56448500742972
vdd,cbl_over_cs,1.2396133054830076,5.327172274286678,88.46101148993185
vdd,cbl_over_cs,1.2396133054830076,5.796421897172369,86.39260692289022
vdd,cbl_over_cs,1.2396133054830076,6.26567152005806,84.36087036812957
vdd,cbl_over_cs,1.2396133054830076,6.73492114294375,82.36592399432537
vdd,cbl_over_cs,1.2396133054830076,7.204170765829441,80.41097884889956
vdd,cbl_over_cs,1.2396133054830076,7.673420388715131,78.49323432434919
vdd,cbl_over_cs,1.2396133054830076,8.142670011600822,76.61071872961841
vdd,cbl_over_cs,1.2396133054830076,8.611919634486512,74.77221955195913
vdd,cbl_over_cs,1.2396133054830076,9.081169257372203,72.97369392767403
vdd,cbl_over_cs,1.2396133054830076,9.550418880257894,71.21645648746168
vdd,cbl_over_cs,1.2396133054830076,10.019668503143585,69.5019483368533
vdd,cbl_over_cs,1.2396133054830076,10.488918126029276,67.83252020881112
vdd,cbl_over_cs,1.2396133054830076,10.958167748914967,66.2038838781585
vdd,cbl_over_cs,1.2396133054830076,11.427417371800658,64.61735011327946
vdd,cbl_over_cs,1.2680382264056291,2.511674536972534,104.99570144855439
vdd,cbl_over_cs,1.2680382264056291,2.980924159858225,102.6717961364964
vdd,cbl_over_cs,1.2680382264056291,3.4501737827439154,100.37702565126249
vdd,cbl_over_cs,1.2680382264056291,3.9194234056296064,98.11184745889658
vdd,cbl_over_cs,1.2680382264056291,4.388673028515297,95.88184959451537
vdd,cbl_over_cs,1.2680382264056291,4.857922651400988,93.68739330816109
vdd,cbl_over_cs,1.2680382264056291,5.327172274286678,91.53286178176295
vdd,cbl_over_cs,1.2680382264056291,5.796421897172369,89.41695760581844
vdd,cbl_over_cs,1.2680382264056291,6.26567152005806,87.33781144141717
vdd,cbl_over_cs,1.2680382264056291,6.73492114294375,85.29587173658385
vdd,cbl_over_cs,1.2680382264056291,7.204170765829441,83.29184788816869
vdd,cbl_over_cs,1.2680382264056291,7.673420388715131,81.32311761748403
vdd,cbl_over_cs,1.2680382264056291,8.142670011600822,79.39051457833612
vdd,cbl_over_cs,1.2680382264056291,8.611919634486512,77.49599314659328
vdd,cbl_over_cs,1.2680382264056291,9.081169257372203,75.6397833042108
vdd,cbl_over_cs,1.2680382264056291,9.550418880257894,73.8205557156534
vdd,cbl_over_cs,1.2680382264056291,10.019668503143585,72.04466794635621
vdd,cbl_over_cs,1.2680382264056291,10.488918126029276,70.30909163441001
vdd,cbl_over_cs,1.2680382264056291,10.958167748914967,68.61624330650356
vdd,cbl_over_cs,1.2680382264056291,11.427417371800658,66.96518239451342
vdd,vgs_retention,0.7279647288758186,-0.9881186158329973,42.703619110120236
vdd,vgs_retention,0.7279647288758186,-0.9587742554605149,42.72477416099223
vdd,vgs_retention,0.7279647288758186,-0.9294298950880324,42.81830830141587
vdd,vgs_retention,0.7279647288758186,-0.9000855347155501,42.96711398374737
vdd,vgs_retention,0.7279647288758186,-0.8707411743430676,43.18021419372837
vdd,vgs_retention,0.7279647288758186,-0.8413968139705852,43.45478613924673
vdd,vgs_retention,0.7279647288758186,-0.8120524535981027,43.75984972757854
vdd,vgs_retention,0.7279647288758186,-0.7827080932256203,44.09738007186235
vdd,vgs_retention,0.7279647288758186,-0.7533637328531378,44.46161721899102
vdd,vgs_retention,0.7279647288758186,-0.7240193724806554,44.82574031431147
vdd,vgs_retention,0.7279647288758186,-0.6946750121081731,45.21691737055606
vdd,vgs_retention,0.7279647288758186,-0.6653306517356905,45.642936845811704
vdd,vgs_retention,0.7279647288758186,-0.6359862913632082,46.07094353071967
vdd,vgs_retention,0.7279647288758186,-0.6066419309907257,46.51348184627101
vdd,vgs_retention,0.7279647288758186,-0.5772975706182433,46.975920781393015
vdd,vgs_retention,0.7279647288758186,-0.5479532102457609,47.45322070685652
vdd,vgs_retention,0.7279647288758186,-0.5186088498732784,47.925549673713974
vdd,vgs_retention,0.7279647288758186,-0.489264489500796,48.39632561851774
vdd,vgs_retention,0.7279647288758186,-0.4599201291283136,48.85780996859791
vdd,vgs_retention,0.7279647288758186,-0.4305757687558311,49.334237994654124
vdd,vgs_retention,0.7563896497984403,-0.9881186158329973,43.24770179565915
vdd,vgs_retention,0.7563896497984403,-0.9587742554605149,43.35862598697362
vdd,vgs_retention,0.7563896497984403,-0.9294298950880324,43.55376578601203
vdd,vgs_retention,0.7563896497984403,-0.9000855347155501,43.84090030070256
vdd,vgs_retention,0.7563896497984403,-0.8707411743430676,44.17657789052153
vdd,vgs_retention,0.7563896497984403,-0.8413968139705852,44.53333187435438
vdd,vgs_retention,0.7563896497984403,-0.8120524535981027,44.91835183212257
vdd,vgs_retention,0.7563896497984403,-0.7827080932256203,45.3336442419339
vdd,vgs_retention,0.7563896497984403,-0.7533637328531378,45.785402852195965
vdd,vgs_retention,0.7563896497984403,-0.7240193724806554,46.2687034526752
vdd,vgs_retention,0.7563896497984403,-0.6946750121081731,46.77566578116817
vdd,vgs_retention,0.7563896497984403,-0.6653306517356905,47.31950304596163
vdd,vgs_retention,0.7563896497984403,-0.6359862913632082,47.89744739152785
vdd,vgs_retention,0.7563896497984403,-0.6066419309907257,48.49030176861041
vdd,vgs_retention,0.7563896497984403,-0.5772975706182433,49.10735562437729
vdd,vgs_retention,0.7563896497984403,-0.5479532102457609,49.713649878010195
vdd,vgs_retention,0.7563896497984403,-0.5186088498732784,50.3280264394001
vdd,vgs_retention,0.7563896497984403,-0.489264489500796,50.96155795200986
vdd,vgs_retention,0.7563896497984403,-0.4599201291283136,51.61142758282175
vdd,vgs_retention,0.7563896497984403,-0.4305757687558311,52.274516316462496
vdd,vgs_retention,0.7848145707210619,-0.9881186158329973,43.884067997186776
vdd,vgs_retention,0.7848145707210619,-0.9587742554605149,44.12663389086608
vdd,vgs_retention,0.7848145707210619,-0.9294298950880324,44.4383729703339
vdd,vgs_retention,0.7848145707210619,-0.9000855347155501,44.78907544366639
vdd,vgs_retention,0.7848145707210619,-0.8707411743430676,45.182283071513936
vdd,vgs_retention,0.7848145707210619,-0.8413968139705852,45.6123814141851
vdd,vgs_retention,0.7848145707210619,-0.8120524535981027,46.09634630723954
vdd,vgs_retention,0.7848145707210619,-0.7827080932256203,46.6094961620032
vdd,vgs_retention,0.7848145707210619,-0.7533637328531378,47.14822011579988
vdd,vgs_retention,0.7848145707210619,-0.7240193724806554,47.73910952361337
vdd,vgs_retention,0.7848145707210619,-0.6946750121081731,48.37626750400682
vdd,vgs_retention,0.7848145707210619,-0.6653306517356905,49.04162741753876
vdd,vgs_retention,0.7848145707210619,-0.6359862913632082,49.75188208865093
vdd,vgs_retention,0.7848145707210619,-0.6066419309907257,50.4829388642145
vdd,vgs_retention,0.7848145707210619,-0.5772975706182433,51.21278259411041
vdd,vgs_retention,0.7848145707210619,-0.5479532102457609,51.96738405368706
vdd,vgs_retention,0.7848145707210619,-0.5186088498732784,52.743375260418624
vdd,vgs_retention,0.7848145707210619,-0.489264489500796,53.55117760809861
vdd,vgs_retention,0.7848145707210619,-0.4599201291283136,54.36160708190997
vdd,vgs_retention,0.7848145707210619,-0.4305757687558311,55.19535119731367
vdd,vgs_retention,0.8132394916436835,-0.9881186158329973,44.66572554325214
vdd,vgs_retention,0.8132394916436835,-0.9587742554605149,45.00406162818638
vdd,vgs_retention,0.8132394916436835,-0.9294298950880324,45.375721502925465
vdd,vgs_retention,0.8132394916436835,-0.9000855347155501,45.764986461446725
vdd,vgs_retention,0.8132394916436835,-0.8707411743430676,46.218394245444564
vdd,vgs_retention,0.8132394916436835,-0.8413968139705852,46.755898383454806
vdd,vgs_retention,0.8132394916436835,-0.8120524535981027,47.321560028075105
vdd,vgs_retention,0.8132394916436835,-0.7827080932256203,47.92920274597583
vdd,vgs_retention,0.8132394916436835,-0.7533637328531378,48.58044849362179
vdd,vgs_retention,0.8132394916436835,-0.7240193724806554,49.27054620990645
vdd,vgs_retention,0.8132394916436835,-0.6946750121081731,50.02683814866149
vdd,vgs_retention,0.8132394916436835,-0.6653306517356905,50.820074359275225
vdd,vgs_retention,0.8132394916436835,-0.6359862913632082,51.627322417361334
vdd,vgs_retention,0.8132394916436835,-0.6066419309907257,52.4521357109139
vdd,vgs_retention,0.8132394916436835,-0.5772975706182433,53.342018477299554
vdd,vgs_retention,0.8132394916436835,-0.5479532102457609,54.25381628356875
vdd,vgs_retention,0.8132394916436835,-0.5186088498732784,55.19538347018869
vdd,vgs_retention,0.8132394916436835,-0.489264489500796,56.15448839578376
vdd,vgs_retention,0.8132394916436835,-0.4599201291283136,57.14064542284437
vdd,vgs_retention,0.8132394916436835,-0.4305757687558311,58.132400464810345
vdd,vgs_retention,0.8416644125663051,-0.9881186158329973,45.52228806699753
vdd,vgs_retention,0.8416644125663051,-0.9587742554605149,45.891590712154816
vdd,vgs_retention,0.8416644125663051,-0.9294298950880324,46.304726968646804
vdd,vgs_retention,0.8416644125663051,-0.9000855347155501,46.80665265388816
vdd,vgs_retention,0.8416644125663051,-0.8707411743430676,47.35727397171505
vdd,vgs_retention,0.8416644125663051,-0.8413968139705852,47.94349716670978
vdd,vgs_retention,0.8416644125663051,-0.8120524535981027,48.594322519774856
vdd,vgs_retention,0.8416644125663051,-0.7827080932256203,49.308313456983186
vdd,vgs_retention,0.8416644125663051,-0.7533637328531378,50.075387018739015
vdd,vgs_retention,0.8416644125663051,-0.7240193724806554,50.88405494661012
vdd,vgs_retention,0.8416644125663051,-0.6946750121081731,51.72753382980846
vdd,vgs_retention,0.8416644125663051,-0.6653306517356905,52.602449718707646
vdd,vgs_retention,0.8416644125663051,-0.6359862913632082,53.52915227960401
vdd,vgs_retention,0.8416644125663051,-0.6066419309907257,54.51037868694319
vdd,vgs_retention,0.8416644125663051,-0.5772975706182433,55.52864688282316
vdd,vgs_retention,0.8416644125663051,-0.5479532102457609,56.59175883156409
vdd,vgs_retention,0.8416644125663051,-0.5186088498732784,57.69280707178077
vdd,vgs_retention,0.8416644125663051,-0.489264489500796,58.81269816327221
vdd,vgs_retention,0.8416644125663051,-0.4599201291283136,59.94078231881988
vdd,vgs_retention,0.8416644125663051,-0.4305757687558311,61.065722668131855
vdd,vgs_retention,0.8700893334889267,-0.9881186158329973,46.380195863202154
vdd,vgs_retention,0.8700893334889267,-0.9587742554605149,46.8150707449597
vdd,vgs_retention,0.8700893334889267,-0.9294298950880324,47.34459408936856
vdd,vgs_retention,0.8700893334889267,-0.9000855347155501,47.905876996580396
vdd,vgs_retention,0.8700893334889267,-0.8707411743430676,48.527873502592605
vdd,vgs_retention,0.8700893334889267,-0.8413968139705852,49.20626038867669
vdd,vgs_retention,0.8700893334889267,-0.8120524535981027,49.9525361727284
vdd,vgs_retention,0.8700893334889267,-0.7827080932256203,50.757722107492555
vdd,vgs_retention,0.8700893334889267,-0.7533637328531378,51.629153891406915
vdd,vgs_retention,0.8700893334889267,-0.7240193724806554,52.541210553500015
vdd,vgs_retention,0.8700893334889267,-0.6946750121081731,53.47297613305288
vdd,vgs_retention,0.8700893334889267,-0.6653306517356905,54.46645079415739
vdd,vgs_retention,0.8700893334889267,-0.6359862913632082,55.523538645751174
vdd,vgs_retention,0.8700893334889267,-0.6066419309907257,56.64654906758446
vdd,vgs_retention,0.8700893334889267,-0.5772975706182433,57.817150691009466
vdd,vgs_retention,0.8700893334889267,-0.5479532102457609,59.02498098138998
vdd,vgs_retention,0.8700893334889267,-0.5186088498732784,60.249546378307954
vdd,vgs_retention,0.8700893334889267,-0.489264489500796,61.492885401811044
vdd,vgs_retention,0.8700893334889267,-0.4599201291283136,62.75562813567475
vdd,vgs_retention,0.8700893334889267,-0.4305757687558311,64.04280823514827
vdd,vgs_retention,0.8985142544115483,-0.9881186158329973,47.32862717400893
vdd,vgs_retention,0.8985142544115483,-0.9587742554605149,47.85192028433356
vdd,vgs_retention,0.8985142544115483,-0.9294298950880324,48.416468503857544
vdd,vgs_retention,0.8985142544115483,-0.9000855347155501,49.06054164930105
vdd,vgs_retention,0.8985142544115483,-0.8707411743430676,49.77674542185408
vdd,vgs_retention,0.8985142544115483,-0.8413968139705852,50.55530559367675
vdd,vgs_retention,0.8985142544115483,-0.8120524535981027,51.39851911550504
vdd,vgs_retention,0.8985142544115483,-0.7827080932256203,52.30269378354197
vdd,vgs_retention,0.8985142544115483,-0.7533637328531378,53.248553062749345
vdd,vgs_retention,0.8985142544115483,-0.7240193724806554,54.252369007781596
vdd,vgs_retention,0.8985142544115483,-0.6946750121081731,55.32381011542323
vdd,vgs_retention,0.8985142544115483,-0.6653306517356905,56.455429679484475
vdd,vgs_retention,0.8985142544115483,-0.6359862913632082,57.64656451617189
vdd,vgs_retention,0.8985142544115483,-0.6066419309907257,58.90943542246728
vdd,vgs_retention,0.8985142544115483,-0.5772975706182433,60.205729182656405
vdd,vgs_retention,0.8985142544115483,-0.5479532102457609,61.52980282770638
vdd,vgs_retention,0.8985142544115483,-0.5186088498732784,62.871967787481466
vdd,vgs_retention,0.8985142544115483,-0.489264489500796,64.24054562148213
vdd,vgs_retention,0.8985142544115483,-0.4599201291283136,65.65351349520397
vdd,vgs_retention,0.8985142544115483,-0.4305757687558311,67.0699495825137
vdd,vgs_retention,0.9269391753341698,-0.9881186158329973,48.32703951780224
vdd,vgs_retention,0.9269391753341698,-0.9587742554605149,48.91252771513153
vdd,vgs_retention,0.9269391753341698,-0.9294298950880324,49.5802517116322
vdd,vgs_retention,0.9269391753341698,-0.9000855347155501,50.32134415657723
vdd,vgs_retention,0.9269391753341698,-0.8707411743430676,51.12228726148421
vdd,vgs_retention,0.9269391753341698,-0.8413968139705852,52.001773712914265
vdd,vgs_retention,0.9269391753341698,-0.8120524535981027,52.934938346300456
vdd,vgs_retention,0.9269391753341698,-0.7827080932256203,53.91497157538584
vdd,vgs_retention,0.9269391753341698,-0.7533637328531378,54.96439989931311
vdd,vgs_retention,0.9269391753341698,-0.7240193724806554,56.09369737457202
vdd,vgs_retention,0.9269391753341698,-0.6946750121081731,57.29617132780621
vdd,vgs_retention,0.9269391753341698,-0.6653306517356905,58.57408573231259
vdd,vgs_retention,0.9269391753341698,-0.6359862913632082,59.905629648966034
vdd,vgs_retention,0.9269391753341698,-0.6066419309907257,61.27424986527484
vdd,vgs_retention,0.9269391753341698,-0.5772975706182433,62.68055163052825
vdd,vgs_retention,0.9269391753341698,-0.5479532102457609,64.11842830649837
vdd,vgs_retention,0.9269391753341698,-0.5186088498732784,65.5894109615236
vdd,vgs_retention,0.9269391753341698,-0.489264489500796,67.08240078204913
vdd,vgs_retention,0.9269391753341698,-0.4599201291283136,68.57709060943573
vdd,vgs_retention,0.9269391753341698,-0.4305757687558311,70.09782698122825
vdd,vgs_retention,0.9553640962567915,-0.9881186158329973,49.38726234305708
vdd,vgs_retention,0.9553640962567915,-0.9587742554605149,50.07108412490898
vdd,vgs_retention,0.9553640962567915,-0.9294298950880324,50.83046603812451
vdd,vgs_retention,0.9553640962567915,-0.9000855347155501,51.67140908328853
vdd,vgs_retention,0.9553640962567915,-0.8707411743430676,52.56750193396162
vdd,vgs_retention,0.9553640962567915,-0.8413968139705852,53.5247047175793
vdd,vgs_retention,0.9553640962567915,-0.8120524535981027,54.55291053177195
vdd,vgs_retention,0.9553640962567915,-0.7827080932256203,55.65280983961632
vdd,vgs_retention,0.9553640962567915,-0.7533637328531378,56.835585336077784
vdd,vgs_retention,0.9553640962567915,-0.7240193724806554,58.095118597489915
vdd,vgs_retention,0.9553640962567915,-0.6946750121081731,59.42912302634773
vdd,vgs_retention,0.9553640962567915,-0.6653306517356905,60.8204273192308
vdd,vgs_retention,0.9553640962567915,-0.6359862913632082,62.2626677260477
vdd,vgs_retention,0.9553640962567915,-0.6066419309907257,63.73652357147956
vdd,vgs_retention,0.9553640962567915,-0.5772975706182433,65.24844850315537
vdd,vgs_retention,0.9553640962567915,-0.5479532102457609,66.79549703646614
vdd,vgs_retention,0.9553640962567915,-0.5186088498732784,68.36727359127795
vdd,vgs_retention,0.9553640962567915,-0.489264489500796,69.9500309526834
vdd,vgs_retention,0.9553640962567915,-0.4599201291283136,71.55339072171763
vdd,vgs_retention,0.9553640962567915,-0.4305757687558311,73.15656217418024
vdd,vgs_retention,0.983789017179413,-0.9881186158329973,50.53779721300707
vdd,vgs_retention,0.983789017179413,-0.9587742554605149,51.333465439062685
vdd,vgs_retention,0.983789017179413,-0.9294298950880324,52.18898283364946
vdd,vgs_retention,0.983789017179413,-0.9000855347155501,53.11326245270984
vdd,vgs_retention,0.983789017179413,-0.8707411743430676,54.10718994724607
vdd,vgs_retention,0.983789017179413,-0.8413968139705852,55.17443851248754
vdd,vgs_retention,0.983789017179413,-0.8120524535981027,56.32305930004422
vdd,vgs_retention,0.983789017179413,-0.7827080932256203,57.54838762059563
vdd,vgs_retention,0.983789017179413,-0.7533637328531378,58.86638279711535
vdd,vgs_retention,0.983789017179413,-0.7240193724806554,60.249268175867016
vdd,vgs_retention,0.983789017179413,-0.6946750121081731,61.693607570075905
vdd,vgs_retention,0.983789017179413,-0.6653306517356905,63.17546996891
vdd,vgs_retention,0.983789017179413,-0.6359862913632082,64.70096867276328
vdd,vgs_retention,0.983789017179413,-0.6066419309907257,66.28161884848383
vdd,vgs_retention,0.983789017179413,-0.5772975706182433,67.89437802012657
vdd,vgs_retention,0.983789017179413,-0.5479532102457609,69.53417859777998
vdd,vgs_retention,0.983789017179413,-0.5186088498732784,71.18780479917591
vdd,vgs_retention,0.983789017179413,-0.489264489500796,72.86664977736358
vdd,vgs_retention,0.983789017179413,-0.4599201291283136,74.55628059546714
vdd,vgs_retention,0.983789017179413,-0.4305757687558311,76.2464457600965
vdd,vgs_retention,1.0122139381020347,-0.9881186158329973,51.81906076819377
vdd,vgs_retention,1.0122139381020347,-0.9587742554605149,52.70041929942449
vdd,vgs_retention,1.0122139381020347,-0.9294298950880324,53.64695597677309
vdd,vgs_retention,1.0122139381020347,-0.9000855347155501,54.68427516563974
vdd,vgs_retention,1.0122139381020347,-0.8707411743430676,55.79399599383593
vdd,vgs_retention,1.0122139381020347,-0.8413968139705852,56.9788825905768
vdd,vgs_retention,1.0122139381020347,-0.8120524535981027,58.255397014950894
vdd,vgs_retention,1.0122139381020347,-0.7827080932256203,59.61992151568329
vdd,vgs_retention,1.0122139381020347,-0.7533637328531378,61.05152861162395
vdd,vgs_retention,1.0122139381020347,-0.7240193724806554,62.531733300640255
vdd,vgs_retention,1.0122139381020347,-0.6946750121081731,64.04878087680837
vdd,vgs_retention,1.0122139381020347,-0.6653306517356905,65.6175668315817
vdd,vgs_retention,1.0122139381020347,-0.6359862913632082,67.23607226027698
vdd,vgs_retention,1.0122139381020347,-0.6066419309907257,68.90022351509046
vdd,vgs_retention,1.0122139381020347,-0.5772975706182433,70.59673740996676
vdd,vgs_retention,1.0122139381020347,-0.5479532102457609,72.31758491817291
vdd,vgs_retention,1.0122139381020347,-0.5186088498732784,74.0637359645927
vdd,vgs_retention,1.0122139381020347,-0.489264489500796,75.81961807149594
vdd,vgs_retention,1.0122139381020347,-0.4599201291283136,77.58100911733777
vdd,vgs_retention,1.0122139381020347,-0.4305757687558311,79.35428609095229
vdd,vgs_retention,1.0406388590246562,-0.9881186158329973,53.18088929923358
vdd,vgs_retention,1.0406388590246562,-0.9587742554605149,54.180110003937926
vdd,vgs_retention,1.0406388590246562,-0.9294298950880324,55.25173067892554
vdd,vgs_retention,1.0406388590246562,-0.9000855347155501,56.40135688810049
vdd,vgs_retention,1.0406388590246562,-0.8707411743430676,57.628342659792686
vdd,vgs_retention,1.0406388590246562,-0.8413968139705852,58.96433205549863
vdd,vgs_retention,1.0406388590246562,-0.8120524535981027,60.37187722901316
vdd,vgs_retention,1.0406388590246562,-0.7827080932256203,61.83588176250136
vdd,vgs_retention,1.0406388590246562,-0.7533637328531378,63.339729899272555
vdd,vgs_retention,1.0406388590246562,-0.7240193724806554,64.88942660517371
vdd,vgs_retention,1.0406388590246562,-0.6946750121081731,66.49263464310182
vdd,vgs_retention,1.0406388590246562,-0.6653306517356905,68.15132898921291
vdd,vgs_retention,1.0406388590246562,-0.6359862913632082,69.85364309561227
vdd,vgs_retention,1.0406388590246562,-0.6066419309907257,71.58116086534768
vdd,vgs_retention,1.0406388590246562,-0.5772975706182433,73.34969700672687
vdd,vgs_retention,1.0406388590246562,-0.5479532102457609,75.14875453794237
vdd,vgs_retention,1.0406388590246562,-0.5186088498732784,76.96504540237028
vdd,vgs_retention,1.0406388590246562,-0.489264489500796,78.79714843430548
vdd,vgs_retention,1.0406388590246562,-0.4599201291283136,80.63817807696651
vdd,vgs_retention,1.0406388590246562,-0.4305757687558311,82.48538661118498
vdd,vgs_retention,1.0690637799472777,-0.9881186158329973,54.70178066142046
vdd,vgs_retention,1.0690637799472777,-0.9587742554605149,55.81258250112713
vdd,vgs_retention,1.0690637799472777,-0.9294298950880324,56.99473590049844
vdd,vgs_retention,1.0690637799472777,-0.9000855347155501,58.282320826007755
vdd,vgs_retention,1.0690637799472777,-0.8707411743430676,59.66198895692356
vdd,vgs_retention,1.0690637799472777,-0.8413968139705852,61.11124511537701
vdd,vgs_retention,1.0690637799472777,-0.8120524535981027,62.597624466322955
vdd,vgs_retention,1.0690637799472777,-0.7827080932256203,64.12675977444887
vdd,vgs_retention,1.0690637799472777,-0.7533637328531378,65.70982712154047
vdd,vgs_retention,1.0690637799472777,-0.7240193724806554,67.3376814467151
vdd,vgs_retention,1.0690637799472777,-0.6946750121081731,69.02962018522017
vdd,vgs_retention,1.0690637799472777,-0.6653306517356905,70.75744089389113
vdd,vgs_retention,1.0690637799472777,-0.6359862913632082,72.5247048878056
vdd,vgs_retention,1.0690637799472777,-0.6066419309907257,74.32553255377418
vdd,vgs_retention,1.0690637799472777,-0.5772975706182433,76.1538141267652
vdd,vgs_retention,1.0690637799472777,-0.5479532102457609,78.01285471034805
vdd,vgs_retention,1.0690637799472777,-0.5186088498732784,79.90144391047004
vdd,vgs_retention,1.0690637799472777,-0.489264489500796,81.80454021291314
vdd,vgs_retention,1.0690637799472777,-0.4599201291283136,83.72096903280729
vdd,vgs_retention,1.0690637799472777,-0.4305757687558311,85.6485503057632
vdd,vgs_retention,1.0974887008698995,-0.9881186158329973,56.36255182228329
vdd,vgs_retention,1.0974887008698995,-0.9587742554605149,57.59345816334487
vdd,vgs_retention,1.0974887008698995,-0.9294298950880324,58.93444723316055
vdd,vgs_retention,1.0974887008698995,-0.9000855347155501,60.35194125345371
vdd,vgs_retention,1.0974887008698995,-0.8707411743430676,61.82662664319924
vdd,vgs_retention,1.0974887008698995,-0.8413968139705852,63.336982335474595
vdd,vgs_retention,1.0974887008698995,-0.8120524535981027,64.89690485527393
vdd,vgs_retention,1.0974887008698995,-0.7827080932256203,66.50735751517475
vdd,vgs_retention,1.0974887008698995,-0.7533637328531378,68.16351184377277
vdd,vgs_retention,1.0974887008698995,-0.7240193724806554,69.8789867297205
vdd,vgs_retention,1.0974887008698995,-0.6946750121081731,71.62920697358624
vdd,vgs_retention,1.0974887008698995,-0.6653306517356905,73.42427133373496
vdd,vgs_retention,1.0974887008698995,-0.6359862913632082,75.2557169094682
vdd,vgs_retention,1.0974887008698995,-0.6066419309907257,77.12100838299148
vdd,vgs_retention,1.0974887008698995,-0.5772975706182433,79.01422937291441
vdd,vgs_retention,1.0974887008698995,-0.5479532102457609,80.93270775324015
vdd,vgs_retention,1.0974887008698995,-0.5186088498732784,82.87294236187115
vdd,vgs_retention,1.0974887008698995,-0.489264489500796,84.84451272152268
vdd,vgs_retention,1.0974887008698995,-0.4599201291283136,86.83691549978869
vdd,vgs_retention,1.0974887008698995,-0.4305757687558311,88.83412530621696
vdd,vgs_retention,1.1259136217925212,-0.9881186158329973,58.19476009670648
vdd,vgs_retention,1.1259136217925212,-0.9587742554605149,59.577563343114576
vdd,vgs_retention,1.1259136217925212,-0.9294298950880324,61.025536203241586
vdd,vgs_retention,1.1259136217925212,-0.9000855347155501,62.515336816552505
vdd,vgs_retention,1.1259136217925212,-0.8707411743430676,64.04688016146591
vdd,vgs_retention,1.1259136217925212,-0.8413968139705852,65.6376853693926
vdd,vgs_retention,1.1259136217925212,-0.8120524535981027,67.27157893888821
vdd,vgs_retention,1.1259136217925212,-0.7827080932256203,68.96258821155207
vdd,vgs_retention,1.1259136217925212,-0.7533637328531378,70.69812098173388
vdd,vgs_retention,1.1259136217925212,-0.7240193724806554,72.47689401772045
vdd,vgs_retention,1.1259136217925212,-0.6946750121081731,74.29894175076849
vdd,vgs_retention,1.1259136217925212,-0.6653306517356905,76.15703592397692
vdd,vgs_retention,1.1259136217925212,-0.6359862913632082,78.04762547971164
vdd,vgs_retention,1.1259136217925212,-0.6066419309907257,79.96743301571816
vdd,vgs_retention,1.1259136217925212,-0.5772975706182433,81.91777610211396
vdd,vgs_retention,1.1259136217925212,-0.5479532102457609,83.89421349750435
vdd,vgs_retention,1.1259136217925212,-0.5186088498732784,85.89962456894122
vdd,vgs_retention,1.1259136217925212,-0.489264489500796,87.92564728622644
vdd,vgs_retention,1.1259136217925212,-0.4599201291283136,89.97204643687604
vdd,vgs_retention,1.1259136217925212,-0.4305757687558311,92.03271122554577
vdd,vgs_retention,1.1543385427151427,-0.9881186158329973,60.19480372897803
vdd,vgs_retention,1.1543385427151427,-0.9587742554605149,61.66154259440294
vdd,vgs_retention,1.1543385427151427,-0.9294298950880324,63.169313850532966
vdd,vgs_retention,1.1543385427151427,-0.9000855347155501,64.73109510615613
vdd,vgs_retention,1.1543385427151427,-0.8707411743430676,66.349360357781
vdd,vgs_retention,1.1543385427151427,-0.8413968139705852,68.01676592409713
vdd,vgs_retention,1.1543385427151427,-0.8120524535981027,69.72960317762336
vdd,vgs_retention,1.1543385427151427,-0.7827080932256203,71.49300665243096
vdd,vgs_retention,1.1543385427151427,-0.7533637328531378,73.29829687681627
vdd,vgs_retention,1.1543385427151427,-0.7240193724806554,75.14870643406718
vdd,vgs_retention,1.1543385427151427,-0.6946750121081731,77.03296844868007
vdd,vgs_retention,1.1543385427151427,-0.6653306517356905,78.94651850772152
vdd,vgs_retention,1.1543385427151427,-0.6359862913632082,80.88745137035647
vdd,vgs_retention,1.1543385427151427,-0.6066419309907257,82.8603510701323
vdd,vgs_retention,1.1543385427151427,-0.5772975706182433,84.86667226160871
vdd,vgs_retention,1.1543385427151427,-0.5479532102457609,86.9019732052793
vdd,vgs_retention,1.1543385427151427,-0.5186088498732784,88.96410225213036
vdd,vgs_retention,1.1543385427151427,-0.489264489500796,91.04271045642761
vdd,vgs_retention,1.1543385427151427,-0.4599201291283136,93.13191026484881
vdd,vgs_retention,1.1543385427151427,-0.4305757687558311,95.23561589479097
vdd,vgs_retention,1.1827634636377642,-0.9881186158329973,62.27128515446252
vdd,vgs_retention,1.1827634636377642,-0.9587742554605149,63.80362733403986
vdd,vgs_retention,1.1827634636377642,-0.9294298950880324,65.40167059386539
vdd,vgs_retention,1.1827634636377642,-0.9000855347155501,67.0464275012617
vdd,vgs_retention,1.1827634636377642,-0.8707411743430676,68.7374637364759
vdd,vgs_retention,1.1827634636377642,-0.8413968139705852,70.4684855432804
vdd,vgs_retention,1.1827634636377642,-0.8120524535981027,72.2578331490446
vdd,vgs_retention,1.1827634636377642,-0.7827080932256203,74.0927957723185
vdd,vgs_retention,1.1827634636377642,-0.7533637328531378,75.96850775515551
vdd,vgs_retention,1.1827634636377642,-0.7240193724806554,77.87409046897048
vdd,vgs_retention,1.1827634636377642,-0.6946750121081731,79.80960510464746
vdd,vgs_retention,1.1827634636377642,-0.6653306517356905,81.77521882734811
vdd,vgs_retention,1.1827634636377642,-0.6359862913632082,83.77157393707864
vdd,vgs_retention,1.1827634636377642,-0.6066419309907257,85.80531249902403
vdd,vgs_retention,1.1827634636377642,-0.5772975706182433,87.86736928463327
vdd,vgs_retention,1.1827634636377642,-0.5479532102457609,89.95416555480989
vdd,vgs_retention,1.1827634636377642,-0.5186088498732784,92.0591811432709
vdd,vgs_retention,1.1827634636377642,-0.489264489500796,94.18261181800132
vdd,vgs_retention,1.1827634636377642,-0.4599201291283136,96.32008142599362
vdd,vgs_retention,1.1827634636377642,-0.4305757687558311,98.47443605396984
vdd,vgs_retention,1.211188384560386,-0.9881186158329973,64.41240278660187
vdd,vgs_retention,1.211188384560386,-0.9587742554605149,66.03547592861172
vdd,vgs_retention,1.211188384560386,-0.9294298950880324,67.71411068640613
vdd,vgs_retention,1.211188384560386,-0.9000855347155501,69.42267084971911
vdd,vgs_retention,1.211188384560386,-0.8707411743430676,71.18593440554818
vdd,vgs_retention,1.211188384560386,-0.8413968139705852,72.99860481709275
vdd,vgs_retention,1.211188384560386,-0.8120524535981027,74.86127491580206
vdd,vgs_retention,1.211188384560386,-0.7827080932256203,76.75560431079207
vdd,vgs_retention,1.211188384560386,-0.7533637328531378,78.68308644038683
vdd,vgs_retention,1.211188384560386,-0.7240193724806554,80.64219041990354
vdd,vgs_retention,1.211188384560386,-0.6946750121081731,82.62961355859268
vdd,vgs_retention,1.211188384560386,-0.6653306517356905,84.65777346775486
vdd,vgs_retention,1.211188384560386,-0.6359862913632082,86.71438067143771
vdd,vgs_retention,1.211188384560386,-0.6066419309907257,88.80184053730731
vdd,vgs_retention,1.211188384560386,-0.5772975706182433,90.91163523031007
vdd,vgs_retention,1.211188384560386,-0.5479532102457609,93.03973284553874
vdd,vgs_retention,1.211188384560386,-0.5186088498732784,95.18534555585975
vdd,vgs_retention,1.211188384560386,-0.489264489500796,97.35047532746074
vdd,vgs_retention,1.211188384560386,-0.4599201291283136,99.54369220760114
vdd,vgs_retention,1.211188384560386,-0.4305757687558311,101.7539137031162
vdd,vgs_retention,1.2396133054830076,-0.9881186158329973,66.64304245467005
vdd,vgs_retention,1.2396133054830076,-0.9587742554605149,68.33839172143067
vdd,vgs_retention,1.2396133054830076,-0.9294298950880324,70.07376622749989
vdd,vgs_retention,1.2396133054830076,-0.9000855347155501,71.8710356935032
vdd,vgs_retention,1.2396133054830076,-0.8707411743430676,73.71686461424298
vdd,vgs_retention,1.2396133054830076,-0.8413968139705852,75.60102231870994
vdd,vgs_retention,1.2396133054830076,-0.8120524535981027,77.51609624264302
vdd,vgs_retention,1.2396133054830076,-0.7827080932256203,79.46570249891275
vdd,vgs_retention,1.2396133054830076,-0.7533637328531378,81.4448371560336
vdd,vgs_retention,1.2396133054830076,-0.7240193724806554,83.46011812823227
vdd,vgs_retention,1.2396133054830076,-0.6946750121081731,85.51272179207488
vdd,vgs_retention,1.2396133054830076,-0.6653306517356905,87.59711591123923
vdd,vgs_retention,1.2396133054830076,-0.6359862913632082,89.70747749814132
vdd,vgs_retention,1.2396133054830076,-0.6066419309907257,91.83822650226641
vdd,vgs_retention,1.2396133054830076,-0.5772975706182433,93.98847216848449
vdd,vgs_retention,1.2396133054830076,-0.5479532102457609,96.15763343641049
vdd,vgs_retention,1.2396133054830076,-0.5186088498732784,98.3505653826315
vdd,vgs_retention,1.2396133054830076,-0.489264489500796,100.56956523412286
vdd,vgs_retention,1.2396133054830076,-0.4599201291283136,102.805144183771
vdd,vgs_retention,1.2396133054830076,-0.4305757687558311,105.05957016439335
vdd,vgs_retention,1.2680382264056291,-0.9881186158329973,68.9366045259365
vdd,vgs_retention,1.2680382264056291,-0.9587742554605149,70.70943257689011
vdd,vgs_retention,1.2680382264056291,-0.9294298950880324,72.53643351210074
vdd,vgs_retention,1.2680382264056291,-0.9000855347155501,74.41145993509929
vdd,vgs_retention,1.2680382264056291,-0.8707411743430676,76.31577791512191
vdd,vgs_retention,1.2680382264056291,-0.8413968139705852,78.25569228504648
vdd,vgs_retention,1.2680382264056291,-0.8120524535981027,80.22908280213412
vdd,vgs_retention,1.2680382264056291,-0.7827080932256203,82.23009379284129
vdd,vgs_retention,1.2680382264056291,-0.7533637328531378,84.26996540915134
vdd,vgs_retention,1.2680382264056291,-0.7240193724806554,86.34205699284837
vdd,vgs_retention,1.2680382264056291,-0.6946750121081731,88.44894608542579
vdd,vgs_retention,1.2680382264056291,-0.6653306517356905,90.58052505674135
vdd,vgs_retention,1.2680382264056291,-0.6359862913632082,92.73408200176023
vdd,vgs_retention,1.2680382264056291,-0.6066419309907257,94.90767368527516
vdd,vgs_retention,1.2680382264056291,-0.5772975706182433,97.10321920220633
vdd,vgs_retention,1.2680382264056291,-0.5479532102457609,99.32244557934659
vdd,vgs_retention,1.2680382264056291,-0.5186088498732784,101.56417574579382
vdd,vgs_retention,1.2680382264056291,-0.489264489500796,103.82219689111253
vdd,vgs_retention,1.2680382264056291,-0.4599201291283136,106.10110090864731
vdd,vgs_retention,1.2680382264056291,-0.4305757687558311,108.3970282600051
cbl_ratio,cbl_over_cs,2.511674536972534,2.511674536972534,92.19986589625935
cbl_ratio,cbl_over_cs,2.511674536972534,2.980924159858225,90.03761359563877
cbl_ratio,cbl_over_cs,2.511674536972534,3.4501737827439154,87.91172492045595
cbl_ratio,cbl_over_cs,2.511674536972534,3.9194234056296064,85.82626755605995
cbl_ratio,cbl_over_cs,2.511674536972534,4.388673028515297,83.77941153526871
cbl_ratio,cbl_over_cs,2.511674536972534,4.857922651400988,81.77938284904846
cbl_ratio,cbl_over_cs,2.511674536972534,5.327172274286678,79.817695180727
cbl_ratio,cbl_over_cs,2.511674536972534,5.796421897172369,77.89655912796844
cbl_ratio,cbl_over_cs,2.511674536972534,6.26567152005806,76.0164586233898
cbl_ratio,cbl_over_cs,2.511674536972534,6.73492114294375,74.18838761611741
cbl_ratio,cbl_over_cs,2.511674536972534,7.204170765829441,72.40348320912493
cbl_ratio,cbl_over_cs,2.511674536972534,7.673420388715131,70.66002837219733
cbl_ratio,cbl_over_cs,2.511674536972534,8.142670011600822,68.95903920276307
cbl_ratio,cbl_over_cs,2.511674536972534,8.611919634486512,67.29963582709925
cbl_ratio,cbl_over_cs,2.511674536972534,9.081169257372203,65.67770367988051
cbl_ratio,cbl_over_cs,2.511674536972534,9.550418880257894,64.10018770139256
cbl_ratio,cbl_over_cs,2.511674536972534,10.019668503143585,62.56211068848433
cbl_ratio,cbl_over_cs,2.511674536972534,10.488918126029276,61.061978674110954
cbl_ratio,cbl_over_cs,2.511674536972534,10.958167748914967,59.60054134588873
cbl_ratio,cbl_over_cs,2.511674536972534,11.427417371800658,58.177306574602774
cbl_ratio,cbl_over_cs,2.980924159858225,2.511674536972534,90.02657176077696
cbl_ratio,cbl_over_cs,2.980924159858225,2.980924159858225,87.89901419142855
cbl_ratio,cbl_over_cs,2.980924159858225,3.4501737827439154,85.81153777592847
cbl_ratio,cbl_over_cs,2.980924159858225,3.9194234056296064,83.7622529693833
cbl_ratio,cbl_over_cs,2.980924159858225,4.388673028515297,81.76014440684382
cbl_ratio,cbl_over_cs,2.980924159858225,4.857922651400988,79.79707305009221
cbl_ratio,cbl_over_cs,2.980924159858225,5.327172274286678,77.87433006609226
cbl_ratio,cbl_over_cs,2.980924159858225,5.796421897172369,75.99234429809545
cbl_ratio,cbl_over_cs,2.980924159858225,6.26567152005806,74.16174265238129
cbl_ratio,cbl_over_cs,2.980924159858225,6.73492114294375,72.37626152939441
cbl_ratio,cbl_over_cs,2.980924159858225,7.204170765829441,70.63179732180522
cbl_ratio,cbl_over_cs,2.980924159858225,7.673420388715131,68.9308463787669
cbl_ratio,cbl_over_cs,2.980924159858225,8.142670011600822,67.27133286157198
cbl_ratio,cbl_over_cs,2.980924159858225,8.611919634486512,65.64911149018734
cbl_ratio,cbl_over_cs,2.980924159858225,9.081169257372203,64.07105598412376
cbl_ratio,cbl_over_cs,2.980924159858225,9.550418880257894,62.53238135783281
cbl_ratio,cbl_over_cs,2.980924159858225,10.019668503143585,61.03216434776936
cbl_ratio,cbl_over_cs,2.980924159858225,10.488918126029276,59.57131280086476
cbl_ratio,cbl_over_cs,2.980924159858225,10.958167748914967,58.149409276832934
cbl_ratio,cbl_over_cs,2.980924159858225,11.427417371800658,56.75536963067124
cbl_ratio,cbl_over_cs,3.4501737827439154,2.511674536972534,87.88674113365947
cbl_ratio,cbl_over_cs,3.4501737827439154,2.980924159858225,85.79767980898346
cbl_ratio,cbl_over_cs,3.4501737827439154,3.4501737827439154,83.74604074968516
cbl_ratio,cbl_over_cs,3.4501737827439154,3.9194234056296064,81.74043282847596
cbl_ratio,cbl_over_cs,3.4501737827439154,4.388673028515297,79.77675684416795
cbl_ratio,cbl_over_cs,3.4501737827439154,4.857922651400988,77.85194245754265
cbl_ratio,cbl_over_cs,3.4501737827439154,5.327172274286678,75.96856368819132
cbl_ratio,cbl_over_cs,3.4501737827439154,5.796421897172369,74.13586883483924
cbl_ratio,cbl_over_cs,3.4501737827439154,6.26567152005806,72.34950257850367
cbl_ratio,cbl_over_cs,3.4501737827439154,6.73492114294375,70.60287730900261
cbl_ratio,cbl_over_cs,3.4501737827439154,7.204170765829441,68.90201825507519
cbl_ratio,cbl_over_cs,3.4501737827439154,7.673420388715131,67.24194760969803
cbl_ratio,cbl_over_cs,3.4501737827439154,8.142670011600822,65.62059500378285
cbl_ratio,cbl_over_cs,3.4501737827439154,8.611919634486512,64.04156100780325
cbl_ratio,cbl_over_cs,3.4501737827439154,9.081169257372203,62.50398754455989
cbl_ratio,cbl_over_cs,3.4501737827439154,9.550418880257894,61.00287583789498
cbl_ratio,cbl_over_cs,3.4501737827439154,10.019668503143585,59.54152119885241
cbl_ratio,cbl_over_cs,3.4501737827439154,10.488918126029276,58.12047303364259
cbl_ratio,cbl_over_cs,3.4501737827439154,10.958167748914967,56.728503399459065
cbl_ratio,cbl_over_cs,3.4501737827439154,11.427417371800658,55.370248971340594
cbl_ratio,cbl_over_cs,3.9194234056296064,2.511674536972534,85.78409357969983
cbl_ratio,cbl_over_cs,3.9194234056296064,2.980924159858225,83.73096597985729
cbl_ratio,cbl_over_cs,3.9194234056296064,3.4501737827439154,81.72128406861984
cbl_ratio,cbl_over_cs,3.9194234056296064,3.9194234056296064,79.75594601469507
cbl_ratio,cbl_over_cs,3.9194234056296064,4.388673028515297,77.83006623863407
cbl_ratio,cbl_over_cs,3.9194234056296064,4.857922651400988,75.94566120279123
cbl_ratio,cbl_over_cs,3.9194234056296064,5.327172274286678,74.11055011776646
cbl_ratio,cbl_over_cs,3.9194234056296064,5.796421897172369,72.32178687404087
cbl_ratio,cbl_over_cs,3.9194234056296064,6.26567152005806,70.57452421214198
cbl_ratio,cbl_over_cs,3.9194234056296064,6.73492114294375,68.8725858586346
cbl_ratio,cbl_over_cs,3.9194234056296064,7.204170765829441,67.21210256648126
cbl_ratio,cbl_over_cs,3.9194234056296064,7.673420388715131,65.59169464983151
cbl_ratio,cbl_over_cs,3.9194234056296064,8.142670011600822,64.01219400307478
cbl_ratio,cbl_over_cs,3.9194234056296064,8.611919634486512,62.476117030332524
cbl_ratio,cbl_over_cs,3.9194234056296064,9.081169257372203,60.97369836640228
cbl_ratio,cbl_over_cs,3.9194234056296064,9.550418880257894,59.512268784805926
cbl_ratio,cbl_over_cs,3.9194234056296064,10.019668503143585,58.092122694582066
cbl_ratio,cbl_over_cs,3.9194234056296064,10.488918126029276,56.70164205490103
cbl_ratio,cbl_over_cs,3.9194234056296064,10.958167748914967,55.34283987515038
cbl_ratio,cbl_over_cs,3.9194234056296064,11.427417371800658,54.02321895656896
cbl_ratio,cbl_over_cs,4.388673028515297,2.511674536972534,83.7161510933305
cbl_ratio,cbl_over_cs,4.388673028515297,2.980924159858225,81.70240428921375
cbl_ratio,cbl_over_cs,4.388673028515297,3.4501737827439154,79.73509443705834
cbl_ratio,cbl_over_cs,4.388673028515297,3.9194234056296064,77.80801695480817
cbl_ratio,cbl_over_cs,4.388673028515297,4.388673028515297,75.92293036421017
cbl_ratio,cbl_over_cs,4.388673028515297,4.857922651400988,74.08580193615653
cbl_ratio,cbl_over_cs,4.388673028515297,5.327172274286678,72.29446098783605
cbl_ratio,cbl_over_cs,4.388673028515297,5.796421897172369,70.5464105871968
cbl_ratio,cbl_over_cs,4.388673028515297,6.26567152005806,68.84318365649425
cbl_ratio,cbl_over_cs,4.388673028515297,6.73492114294375,67.18188013769594
cbl_ratio,cbl_over_cs,4.388673028515297,7.204170765829441,65.56232539469332
cbl_ratio,cbl_over_cs,4.388673028515297,7.673420388715131,63.98327379390583
cbl_ratio,cbl_over_cs,4.388673028515297,8.142670011600822,62.44744771995184
cbl_ratio,cbl_over_cs,4.388673028515297,8.611919634486512,60.94619035201686
cbl_ratio,cbl_over_cs,4.388673028515297,9.081169257372203,59.48322672725662
cbl_ratio,cbl_over_cs,4.388673028515297,9.550418880257894,58.063100537740375
cbl_ratio,cbl_over_cs,4.388673028515297,10.019668503143585,56.674764363109816
cbl_ratio,cbl_over_cs,4.388673028515297,10.488918126029276,55.31589961177785
cbl_ratio,cbl_over_cs,4.388673028515297,10.958167748914967,53.995148438611885
cbl_ratio,cbl_over_cs,4.388673028515297,11.427417371800658,52.713027689049895
cbl_ratio,cbl_over_cs,4.857922651400988,2.511674536972534,81.68471608642717
cbl_ratio,cbl_over_cs,4.857922651400988,2.980924159858225,79.71457615094901
cbl_ratio,cbl_over_cs,4.857922651400988,3.4501737827439154,77.78685426808772
cbl_ratio,cbl_over_cs,4.857922651400988,3.9194234056296064,75.9001584649987
cbl_ratio,cbl_over_cs,4.857922651400988,4.388673028515297,74.06068659163135
cbl_ratio,cbl_over_cs,4.857922651400988,4.857922651400988,72.26777087236204
cbl_ratio,cbl_over_cs,4.857922651400988,5.327172274286678,70.51804377622813
cbl_ratio,cbl_over_cs,4.857922651400988,5.796421897172369,68.81387290782544
cbl_ratio,cbl_over_cs,4.857922651400988,6.26567152005806,67.1521230463021
cbl_ratio,cbl_over_cs,4.857922651400988,6.73492114294375,65.53310766953453
cbl_ratio,cbl_over_cs,4.857922651400988,7.204170765829441,63.95461237120341
cbl_ratio,cbl_over_cs,4.857922651400988,7.673420388715131,62.41897622979932
cbl_ratio,cbl_over_cs,4.857922651400988,8.142670011600822,60.918687430037906
cbl_ratio,cbl_over_cs,4.857922651400988,8.611919634486512,59.454168732811894
cbl_ratio,cbl_over_cs,4.857922651400988,9.081169257372203,58.03356622875864
cbl_ratio,cbl_over_cs,4.857922651400988,9.550418880257894,56.64702937994247
cbl_ratio,cbl_over_cs,4.857922651400988,10.019668503143585,55.289062608374095
cbl_ratio,cbl_over_cs,4.857922651400988,10.488918126029276,53.967258559444176
cbl_ratio,cbl_over_cs,4.857922651400988,10.958167748914967,52.68437242311805
cbl_ratio,cbl_over_cs,4.857922651400988,11.427417371800658,51.43891656906995
cbl_ratio,cbl_over_cs,5.327172274286678,2.511674536972534,79.6948745209752
cbl_ratio,cbl_over_cs,5.327172274286678,2.980924159858225,77.76528804833465
cbl_ratio,cbl_over_cs,5.327172274286678,3.4501737827439154,75.87679395026723
cbl_ratio,cbl_over_cs,5.327172274286678,3.9194234056296064,74.0351096591807
cbl_ratio,cbl_over_cs,5.327172274286678,4.388673028515297,72.24159183013353
cbl_ratio,cbl_over_cs,5.327172274286678,4.857922651400988,70.48963362000353
cbl_ratio,cbl_over_cs,5.327172274286678,5.327172274286678,68.78499884744113
cbl_ratio,cbl_over_cs,5.327172274286678,5.796421897172369,67.12352286378086
cbl_ratio,cbl_over_cs,5.327172274286678,6.26567152005806,65.50400224249823
cbl_ratio,cbl_over_cs,5.327172274286678,6.73492114294375,63.92537603709794
cbl_ratio,cbl_over_cs,5.327172274286678,7.204170765829441,62.39015403748789
cbl_ratio,cbl_over_cs,5.327172274286678,7.673420388715131,60.89067773753105
cbl_ratio,cbl_over_cs,5.327172274286678,8.142670011600822,59.42608218735112
cbl_ratio,cbl_over_cs,5.327172274286678,8.611919634486512,58.00441527103742
cbl_ratio,cbl_over_cs,5.327172274286678,9.081169257372203,56.61838915457189
cbl_ratio,cbl_over_cs,5.327172274286678,9.550418880257894,55.26162820696825
cbl_ratio,cbl_over_cs,5.327172274286678,10.019668503143585,53.93962904401959
cbl_ratio,cbl_over_cs,5.327172274286678,10.488918126029276,52.65600614015174
cbl_ratio,cbl_over_cs,5.327172274286678,10.958167748914967,51.409898509025446
cbl_ratio,cbl_over_cs,5.327172274286678,11.427417371800658,50.20034762145119
cbl_ratio,cbl_over_cs,5.796421897172369,2.511674536972534,77.74333494331175
cbl_ratio,cbl_over_cs,5.796421897172369,2.980924159858225,75.85379323458345
cbl_ratio,cbl_over_cs,5.796421897172369,3.4501737827439154,74.010384080366
cbl_ratio,cbl_over_cs,5.796421897172369,3.9194234056296064,72.21535548447513
cbl_ratio,cbl_over_cs,5.796421897172369,4.388673028515297,70.46088938784735
cbl_ratio,cbl_over_cs,5.796421897172369,4.857922651400988,68.75542451885104
cbl_ratio,cbl_over_cs,5.796421897172369,5.327172274286678,67.09348444595163
cbl_ratio,cbl_over_cs,5.796421897172369,5.796421897172369,65.4737886804947
cbl_ratio,cbl_over_cs,5.796421897172369,6.26567152005806,63.89627929937653
cbl_ratio,cbl_over_cs,5.796421897172369,6.73492114294375,62.36149339577477
cbl_ratio,cbl_over_cs,5.796421897172369,7.204170765829441,60.86298890466988
cbl_ratio,cbl_over_cs,5.796421897172369,7.673420388715131,59.39828782728813
cbl_ratio,cbl_over_cs,5.796421897172369,8.142670011600822,57.97486648038381
cbl_ratio,cbl_over_cs,5.796421897172369,8.611919634486512,56.58978468579857
cbl_ratio,cbl_over_cs,5.796421897172369,9.081169257372203,55.23400614207849
cbl_ratio,cbl_over_cs,5.796421897172369,9.550418880257894,53.91229946364312
cbl_ratio,cbl_over_cs,5.796421897172369,10.019668503143585,52.62795726045116
cbl_ratio,cbl_over_cs,5.796421897172369,10.488918126029276,51.381618269471296
cbl_ratio,cbl_over_cs,5.796421897172369,10.958167748914967,50.17239183629481
cbl_ratio,cbl_over_cs,5.796421897172369,11.427417371800658,48.99604232957323
cbl_ratio,cbl_over_cs,6.26567152005806,2.511674536972534,75.83105925099554
cbl_ratio,cbl_over_cs,6.26567152005806,2.980924159858225,73.9860912567873
cbl_ratio,cbl_over_cs,6.26567152005806,3.4501737827439154,72.18880699474104
cbl_ratio,cbl_over_cs,6.26567152005806,3.9194234056296064,70.43256334013864
cbl_ratio,cbl_over_cs,6.26567152005806,4.388673028515297,68.72577816078787
cbl_ratio,cbl_over_cs,6.26567152005806,4.857922651400988,67.06230791804069
cbl_ratio,cbl_over_cs,6.26567152005806,5.327172274286678,65.44403243802542
cbl_ratio,cbl_over_cs,6.26567152005806,5.796421897172369,63.86698378230833
cbl_ratio,cbl_over_cs,6.26567152005806,6.26567152005806,62.33188723828422
cbl_ratio,cbl_over_cs,6.26567152005806,6.73492114294375,60.83501051608677
cbl_ratio,cbl_over_cs,6.26567152005806,7.204170765829441,59.370483815364565
cbl_ratio,cbl_over_cs,6.26567152005806,7.673420388715131,57.9451951764757
cbl_ratio,cbl_over_cs,6.26567152005806,8.142670011600822,56.56076446119983
cbl_ratio,cbl_over_cs,6.26567152005806,8.611919634486512,55.2068758388521
cbl_ratio,cbl_over_cs,6.26567152005806,9.081169257372203,53.88463476211197
cbl_ratio,cbl_over_cs,6.26567152005806,9.550418880257894,52.6001166252645
cbl_ratio,cbl_over_cs,6.26567152005806,10.019668503143585,51.353449682253355
cbl_ratio,cbl_over_cs,6.26567152005806,10.488918126029276,50.14380195540487
cbl_ratio,cbl_over_cs,6.26567152005806,10.958167748914967,48.968387981381284
cbl_ratio,cbl_over_cs,6.26567152005806,11.427417371800658,47.8240607264614
cbl_ratio,cbl_over_cs,6.73492114294375,2.511674536972534,73.96201586841472
cbl_ratio,cbl_over_cs,6.73492114294375,2.980924159858225,72.16238675291275
cbl_ratio,cbl_over_cs,6.73492114294375,3.4501737827439154,70.40462857732025
cbl_ratio,cbl_over_cs,6.73492114294375,3.9194234056296064,68.69657780390264
cbl_ratio,cbl_over_cs,6.73492114294375,4.388673028515297,67.03197508921683
cbl_ratio,cbl_over_cs,6.73492114294375,4.857922651400988,65.41459988842293
cbl_ratio,cbl_over_cs,6.73492114294375,5.327172274286678,63.83754886882183
cbl_ratio,cbl_over_cs,6.73492114294375,5.796421897172369,62.301837095377394
cbl_ratio,cbl_over_cs,6.73492114294375,6.26567152005806,60.806525842563246
cbl_ratio,cbl_over_cs,6.73492114294375,6.73492114294375,59.34272295877617
cbl_ratio,cbl_over_cs,6.73492114294375,7.204170765829441,57.916451627980976
cbl_ratio,cbl_over_cs,6.73492114294375,7.673420388715131,56.53121658845637
cbl_ratio,cbl_over_cs,6.73492114294375,8.142670011600822,55.180497411041834
cbl_ratio,cbl_over_cs,6.73492114294375,8.611919634486512,53.85692711599611
cbl_ratio,cbl_over_cs,6.73492114294375,9.081169257372203,52.57201610901895
cbl_ratio,cbl_over_cs,6.73492114294375,9.550418880257894,51.32543434491614
cbl_ratio,cbl_over_cs,6.73492114294375,10.019668503143585,50.115075337181686
cbl_ratio,cbl_over_cs,6.73492114294375,10.488918126029276,48.939883307374956
cbl_ratio,cbl_over_cs,6.73492114294375,10.958167748914967,47.797151152165355
cbl_ratio,cbl_over_cs,6.73492114294375,11.427417371800658,46.68145602979078
cbl_ratio,cbl_over_cs,7.204170765829441,2.511674536972534,72.13618864072633
cbl_ratio,cbl_over_cs,7.204170765829441,2.980924159858225,70.37740984921305
cbl_ratio,cbl_over_cs,7.204170765829441,3.4501737827439154,68.66754053287193
cbl_ratio,cbl_over_cs,7.204170765829441,3.9194234056296064,67.00215560978349
cbl_ratio,cbl_over_cs,7.204170765829441,4.388673028515297,65.38372239466842
cbl_ratio,cbl_over_cs,7.204170765829441,4.857922651400988,63.807864648576945
cbl_ratio,cbl_over_cs,7.204170765829441,5.327172274286678,62.2723962822742
cbl_ratio,cbl_over_cs,7.204170765829441,5.796421897172369,60.77739938562166
cbl_ratio,cbl_over_cs,7.204170765829441,6.26567152005806,59.314608952896826
cbl_ratio,cbl_over_cs,7.204170765829441,6.73492114294375,57.888365114324785
cbl_ratio,cbl_over_cs,7.204170765829441,7.204170765829441,56.500999313303076
cbl_ratio,cbl_over_cs,7.204170765829441,7.673420388715131,55.15326514232863
cbl_ratio,cbl_over_cs,7.204170765829441,8.142670011600822,53.829934014929826
cbl_ratio,cbl_over_cs,7.204170765829441,8.611919634486512,52.54410721114499
cbl_ratio,cbl_over_cs,7.204170765829441,9.081169257372203,51.29756288480211
cbl_ratio,cbl_over_cs,7.204170765829441,9.550418880257894,50.08712064218618
cbl_ratio,cbl_over_cs,7.204170765829441,10.019668503143585,48.91157366637054
cbl_ratio,cbl_over_cs,7.204170765829441,10.488918126029276,47.77021878321942
cbl_ratio,cbl_over_cs,7.204170765829441,10.958167748914967,46.654957559286984
cbl_ratio,cbl_over_cs,7.204170765829441,11.427417371800658,45.56988710431417
cbl_ratio,cbl_over_cs,7.673420388715131,2.511674536972534,70.35092829253168
cbl_ratio,cbl_over_cs,7.673420388715131,2.980924159858225,68.63765463444257
cbl_ratio,cbl_over_cs,7.673420388715131,3.4501737827439154,66.97246886122889
cbl_ratio,cbl_over_cs,7.673420388715131,3.9194234056296064,65.35194584617915
cbl_ratio,cbl_over_cs,7.673420388715131,4.388673028515297,63.7772841653498
cbl_ratio,cbl_over_cs,7.673420388715131,4.857922651400988,62.24337815015185
cbl_ratio,cbl_over_cs,7.673420388715131,5.327172274286678,60.74574733477522
cbl_ratio,cbl_over_cs,7.673420388715131,5.796421897172369,59.28590814451815
cbl_ratio,cbl_over_cs,7.673420388715131,6.26567152005806,57.859948146615714
cbl_ratio,cbl_over_cs,7.673420388715131,6.73492114294375,56.47201358698576
cbl_ratio,cbl_over_cs,7.673420388715131,7.204170765829441,55.1252302614821
cbl_ratio,cbl_over_cs,7.673420388715131,7.673420388715131,53.80379787928935
cbl_ratio,cbl_over_cs,7.673420388715131,8.142670011600822,52.5161626160924
cbl_ratio,cbl_over_cs,7.673420388715131,8.611919634486512,51.269917711576525
cbl_ratio,cbl_over_cs,7.673420388715131,9.081169257372203,50.05912544767946
cbl_ratio,cbl_over_cs,7.673420388715131,9.550418880257894,48.88301628562307
cbl_ratio,cbl_over_cs,7.673420388715131,10.019668503143585,47.74255098697602
cbl_ratio,cbl_over_cs,7.673420388715131,10.488918126029276,46.62900165602776
cbl_ratio,cbl_over_cs,7.673420388715131,10.958167748914967,45.54451452647867
cbl_ratio,cbl_over_cs,7.673420388715131,11.427417371800658,44.49525331699792
cbl_ratio,cbl_over_cs,8.142670011600822,2.511674536972534,68.60882694838008
cbl_ratio,cbl_over_cs,8.142670011600822,2.980924159858225,66.94291252897763
cbl_ratio,cbl_over_cs,8.142670011600822,3.4501737827439154,65.32058233389826
cbl_ratio,cbl_over_cs,8.142670011600822,3.9194234056296064,63.74725467766583
cbl_ratio,cbl_over_cs,8.142670011600822,4.388673028515297,62.212801257418704
cbl_ratio,cbl_over_cs,8.142670011600822,4.857922651400988,60.71507318534506
cbl_ratio,cbl_over_cs,8.142670011600822,5.327172274286678,59.25712482022968
cbl_ratio,cbl_over_cs,8.142670011600822,5.796421897172369,57.831934820418276
cbl_ratio,cbl_over_cs,8.142670011600822,6.26567152005806,56.443389162049456
cbl_ratio,cbl_over_cs,8.142670011600822,6.73492114294375,55.096007825157855
cbl_ratio,cbl_over_cs,8.142670011600822,7.204170765829441,53.77846287462496
cbl_ratio,cbl_over_cs,8.142670011600822,7.673420388715131,52.48927378333921
cbl_ratio,cbl_over_cs,8.142670011600822,8.142670011600822,51.24221572164967
cbl_ratio,cbl_over_cs,8.142670011600822,8.611919634486512,50.030438675481825
cbl_ratio,cbl_over_cs,8.142670011600822,9.081169257372203,48.854624210857246
cbl_ratio,cbl_over_cs,8.142670011600822,9.550418880257894,47.71388761991286
cbl_ratio,cbl_over_cs,8.142670011600822,10.019668503143585,46.60258716887457
cbl_ratio,cbl_over_cs,8.142670011600822,10.488918126029276,45.52004804897634
cbl_ratio,cbl_over_cs,8.142670011600822,10.958167748914967,44.47107713051047
cbl_ratio,cbl_over_cs,8.142670011600822,11.427417371800658,43.45480175525781
cbl_ratio,cbl_over_cs,8.611919634486512,2.511674536972534,66.9135131038615
cbl_ratio,cbl_over_cs,8.611919634486512,2.980924159858225,65.28971369741105
cbl_ratio,cbl_over_cs,8.611919634486512,3.4501737827439154,63.71634101322689
cbl_ratio,cbl_over_cs,8.611919634486512,3.9194234056296064,62.18223597463065
cbl_ratio,cbl_over_cs,8.611919634486512,4.388673028515297,60.68487274360868
cbl_ratio,cbl_over_cs,8.611919634486512,4.857922651400988,59.226781055011756
cbl_ratio,cbl_over_cs,8.611919634486512,5.327172274286678,57.80425587445155
cbl_ratio,cbl_over_cs,8.611919634486512,5.796421897172369,56.414486224597866
cbl_ratio,cbl_over_cs,8.611919634486512,6.26567152005806,55.066277509118414
cbl_ratio,cbl_over_cs,8.611919634486512,6.73492114294375,53.75254222716594
cbl_ratio,cbl_over_cs,8.611919634486512,7.204170765829441,52.46359696580136
cbl_ratio,cbl_over_cs,8.611919634486512,7.673420388715131,51.21460889806818
cbl_ratio,cbl_over_cs,8.611919634486512,8.142670011600822,50.00227930069615
cbl_ratio,cbl_over_cs,8.611919634486512,8.611919634486512,48.82631338880299
cbl_ratio,cbl_over_cs,8.611919634486512,9.081169257372203,47.6848559289444
cbl_ratio,cbl_over_cs,8.611919634486512,9.550418880257894,46.57659415168288
cbl_ratio,cbl_over_cs,8.611919634486512,10.019668503143585,45.49583742400076
cbl_ratio,cbl_over_cs,8.611919634486512,10.488918126029276,44.44662534606179
cbl_ratio,cbl_over_cs,8.611919634486512,10.958167748914967,43.43069826645538
cbl_ratio,cbl_over_cs,8.611919634486512,11.427417371800658,42.450198995641735
cbl_ratio,cbl_over_cs,9.081169257372203,2.511674536972534,65.25937886727802
cbl_ratio,cbl_over_cs,9.081169257372203,2.980924159858225,63.68430076340517
cbl_ratio,cbl_over_cs,9.081169257372203,3.4501737827439154,62.151311914174364
cbl_ratio,cbl_over_cs,9.081169257372203,3.9194234056296064,60.65419447683214
cbl_ratio,cbl_over_cs,9.081169257372203,4.388673028515297,59.196295095561595
cbl_ratio,cbl_over_cs,9.081169257372203,4.857922651400988,57.77530105207135
cbl_ratio,cbl_over_cs,9.081169257372203,5.327172274286678,56.385476576929136
cbl_ratio,cbl_over_cs,9.081169257372203,5.796421897172369,55.03669864637185
cbl_ratio,cbl_over_cs,9.081169257372203,6.26567152005806,53.724322727861775
cbl_ratio,cbl_over_cs,9.081169257372203,6.73492114294375,52.43850087055756
cbl_ratio,cbl_over_cs,9.081169257372203,7.204170765829441,51.18712032695227
cbl_ratio,cbl_over_cs,9.081169257372203,7.673420388715131,49.97459612962229
cbl_ratio,cbl_over_cs,9.081169257372203,8.142670011600822,48.79786662485108
cbl_ratio,cbl_over_cs,9.081169257372203,8.611919634486512,47.65631643728495
cbl_ratio,cbl_over_cs,9.081169257372203,9.081169257372203,46.54938496809881
cbl_ratio,cbl_over_cs,9.081169257372203,9.550418880257894,45.47194841011546
cbl_ratio,cbl_over_cs,9.081169257372203,10.019668503143585,44.42212183123753
cbl_ratio,cbl_over_cs,9.081169257372203,10.488918126029276,43.40673936043913
cbl_ratio,cbl_over_cs,9.081169257372203,10.958167748914967,42.42540123593307
cbl_ratio,cbl_over_cs,9.081169257372203,11.427417371800658,41.47657730571079
cbl_ratio,cbl_over_cs,9.550418880257894,2.511674536972534,63.65209352585514
cbl_ratio,cbl_over_cs,9.550418880257894,2.980924159858225,62.119521012268784
cbl_ratio,cbl_over_cs,9.550418880257894,3.4501737827439154,60.622853918259466
cbl_ratio,cbl_over_cs,9.550418880257894,3.9194234056296064,59.16511819263088
cbl_ratio,cbl_over_cs,9.550418880257894,4.388673028515297,57.74571338520828
cbl_ratio,cbl_over_cs,9.550418880257894,4.857922651400988,56.35724659527501
cbl_ratio,cbl_over_cs,9.550418880257894,5.327172274286678,55.00749250957525
cbl_ratio,cbl_over_cs,9.550418880257894,5.796421897172369,53.69539585639818
cbl_ratio,cbl_over_cs,9.550418880257894,6.26567152005806,52.413403102386084
cbl_ratio,cbl_over_cs,9.550418880257894,6.73492114294375,51.16046586834119
cbl_ratio,cbl_over_cs,9.550418880257894,7.204170765829441,49.94683176457754
cbl_ratio,cbl_over_cs,9.550418880257894,7.673420388715131,48.76971478284031
cbl_ratio,cbl_over_cs,9.550418880257894,8.142670011600822,47.627347607416404
cbl_ratio,cbl_over_cs,9.550418880257894,8.611919634486512,46.521723019515804
cbl_ratio,cbl_over_cs,9.550418880257894,9.081169257372203,45.44744694747648
cbl_ratio,cbl_over_cs,9.550418880257894,9.550418880257894,44.3978677775736
cbl_ratio,cbl_over_cs,9.550418880257894,10.019668503143585,43.38290758359167
cbl_ratio,cbl_over_cs,9.550418880257894,10.488918126029276,42.39988288843117
cbl_ratio,cbl_over_cs,9.550418880257894,10.958167748914967,41.45307269920679
cbl_ratio,cbl_over_cs,9.550418880257894,11.427417371800658,40.53682717609621
cbl_ratio,cbl_over_cs,10.019668503143585,2.511674536972534,62.08683764286841
cbl_ratio,cbl_over_cs,10.019668503143585,2.980924159858225,60.59176184434139
cbl_ratio,cbl_over_cs,10.019668503143585,3.4501737827439154,59.13393876315694
cbl_ratio,cbl_over_cs,10.019668503143585,3.9194234056296064,57.714951884914385
cbl_ratio,cbl_over_cs,10.019668503143585,4.388673028515297,56.327947282659004
cbl_ratio,cbl_over_cs,10.019668503143585,4.857922651400988,54.97838433945534
cbl_ratio,cbl_over_cs,10.019668503143585,5.327172274286678,53.66596549403275
cbl_ratio,cbl_over_cs,10.019668503143585,5.796421897172369,52.38755988987568
cbl_ratio,cbl_over_cs,10.019668503143585,6.26567152005806,51.13507074717943
cbl_ratio,cbl_over_cs,10.019668503143585,6.73492114294375,49.91853691640941
cbl_ratio,cbl_over_cs,10.019668503143585,7.204170765829441,48.741819929434065
cbl_ratio,cbl_over_cs,10.019668503143585,7.673420388715131,47.598588355293195
cbl_ratio,cbl_over_cs,10.019668503143585,8.142670011600822,46.49362403435355
cbl_ratio,cbl_over_cs,10.019668503143585,8.611919634486512,45.42182746045284
cbl_ratio,cbl_over_cs,10.019668503143585,9.081169257372203,44.37346039106892
cbl_ratio,cbl_over_cs,10.019668503143585,9.550418880257894,43.35840177616131
cbl_ratio,cbl_over_cs,10.019668503143585,10.019668503143585,42.37500209980602
cbl_ratio,cbl_over_cs,10.019668503143585,10.488918126029276,41.42892448845942
cbl_ratio,cbl_over_cs,10.019668503143585,10.958167748914967,40.51295727611185
cbl_ratio,cbl_over_cs,10.019668503143585,11.427417371800658,39.63172497952198
cbl_ratio,cbl_over_cs,10.488918126029276,2.511674536972534,60.56000674326162
cbl_ratio,cbl_over_cs,10.488918126029276,2.980924159858225,59.10238215740882
cbl_ratio,cbl_over_cs,10.488918126029276,3.4501737827439154,57.68405656173613
cbl_ratio,cbl_over_cs,10.488918126029276,3.9194234056296064,56.298349554010784
cbl_ratio,cbl_over_cs,10.488918126029276,4.388673028515297,54.94945526992677
cbl_ratio,cbl_over_cs,10.488918126029276,4.857922651400988,53.636436856623526
cbl_ratio,cbl_over_cs,10.488918126029276,5.327172274286678,52.35951193407424
cbl_ratio,cbl_over_cs,10.488918126029276,5.796421897172369,51.10934893126526
cbl_ratio,cbl_over_cs,10.488918126029276,6.26567152005806,49.891113533841214
cbl_ratio,cbl_over_cs,10.488918126029276,6.73492114294375,48.71441043803816
cbl_ratio,cbl_over_cs,10.488918126029276,7.204170765829441,47.57041795721072
cbl_ratio,cbl_over_cs,10.488918126029276,7.673420388715131,46.46541676057491
cbl_ratio,cbl_over_cs,10.488918126029276,8.142670011600822,45.39452017893266
cbl_ratio,cbl_over_cs,10.488918126029276,8.611919634486512,44.349372694313836
cbl_ratio,cbl_over_cs,10.488918126029276,9.081169257372203,43.334635113973285
cbl_ratio,cbl_over_cs,10.488918126029276,9.550418880257894,42.35113030130087
cbl_ratio,cbl_over_cs,10.488918126029276,10.019668503143585,41.40421657502843
cbl_ratio,cbl_over_cs,10.488918126029276,10.488918126029276,40.488793576822566
cbl_ratio,cbl_over_cs,10.488918126029276,10.958167748914967,39.60718656447098
cbl_ratio,cbl_over_cs,10.488918126029276,11.427417371800658,38.761588752666846
cbl_ratio,cbl_over_cs,10.958167748914967,2.511674536972534,59.069966237485794
cbl_ratio,cbl_over_cs,10.958167748914967,2.980924159858225,57.65272040813832
cbl_ratio,cbl_over_cs,10.958167748914967,3.4501737827439154,56.26711922874946
cbl_ratio,cbl_over_cs,10.958167748914967,3.9194234056296064,54.91920343848844
cbl_ratio,cbl_over_cs,10.958167748914967,4.388673028515297,53.607383964731476
cbl_ratio,cbl_over_cs,10.958167748914967,4.857922651400988,52.330943173730425
cbl_ratio,cbl_over_cs,10.958167748914967,5.327172274286678,51.084138853372686
cbl_ratio,cbl_over_cs,10.958167748914967,5.796421897172369,49.865071807578516
cbl_ratio,cbl_over_cs,10.958167748914967,6.26567152005806,48.686394866603585
cbl_ratio,cbl_over_cs,10.958167748914967,6.73492114294375,47.54334561738145
cbl_ratio,cbl_over_cs,10.958167748914967,7.204170765829441,46.43695943818007
cbl_ratio,cbl_over_cs,10.958167748914967,7.673420388715131,45.36548636176272
cbl_ratio,cbl_over_cs,10.958167748914967,8.142670011600822,44.32411288447377
cbl_ratio,cbl_over_cs,10.958167748914967,8.611919634486512,43.311042966162816
cbl_ratio,cbl_over_cs,10.958167748914967,9.081169257372203,42.32721455201988
cbl_ratio,cbl_over_cs,10.958167748914967,9.550418880257894,41.38011668391014
cbl_ratio,cbl_over_cs,10.958167748914967,10.019668503143585,40.46489744071668
cbl_ratio,cbl_over_cs,10.958167748914967,10.488918126029276,39.584070795509646
cbl_ratio,cbl_over_cs,10.958167748914967,10.958167748914967,38.736798056105805
cbl_ratio,cbl_over_cs,10.958167748914967,11.427417371800658,37.92325738693193
cbl_ratio,cbl_over_cs,11.427417371800658,2.511674536972534,57.62034223921961
cbl_ratio,cbl_over_cs,11.427417371800658,2.980924159858225,56.23598083053395
cbl_ratio,cbl_over_cs,11.427417371800658,3.4501737827439154,54.8891303831229
cbl_ratio,cbl_over_cs,11.427417371800658,3.9194234056296064,53.57802178083589
cbl_ratio,cbl_over_cs,11.427417371800658,4.388673028515297,52.30186063683788
cbl_ratio,cbl_over_cs,11.427417371800658,4.857922651400988,51.05673795500807
cbl_ratio,cbl_over_cs,11.427417371800658,5.327172274286678,49.839717110721764
cbl_ratio,cbl_over_cs,11.427417371800658,5.796421897172369,48.659236026474005
cbl_ratio,cbl_over_cs,11.427417371800658,6.26567152005806,47.51647091344747
cbl_ratio,cbl_over_cs,11.427417371800658,6.73492114294375,46.40865034997413
cbl_ratio,cbl_over_cs,11.427417371800658,7.204170765829441,45.337737007832274
cbl_ratio,cbl_over_cs,11.427417371800658,7.673420388715131,44.298756506063306
cbl_ratio,cbl_over_cs,11.427417371800658,8.142670011600822,43.28655523585028
cbl_ratio,cbl_over_cs,11.427417371800658,8.611919634486512,42.304108174136395
cbl_ratio,cbl_over_cs,11.427417371800658,9.081169257372203,41.35689078888545
cbl_ratio,cbl_over_cs,11.427417371800658,9.550418880257894,40.441518230804455
cbl_ratio,cbl_over_cs,11.427417371800658,10.019668503143585,39.56110226333463
cbl_ratio,cbl_over_cs,11.427417371800658,10.488918126029276,38.711867089568386
cbl_ratio,cbl_over_cs,11.427417371800658,10.958167748914967,37.898573567175035
cbl_ratio,cbl_over_cs,11.427417371800658,11.427417371800658,37.11529134877045
