feature_1,feature_2,value_1,value_2,partial_dependence
vwl_overdrive,vblpre_ratio,0.34289466047137435,0.36447726571380573,-1.3752284995677573
vwl_overdrive,vblpre_ratio,0.34289466047137435,0.37857889654100624,-1.491448422040332
vwl_overdrive,vblpre_ratio,0.34289466047137435,0.39268052736820674,-1.650427882455388
vwl_overdrive,vblpre_ratio,0.34289466047137435,0.40678215819540725,-1.8080845153341176
vwl_overdrive,vblpre_ratio,0.34289466047137435,0.42088378902260776,-1.9577523298486206
vwl_overdrive,vblpre_ratio,0.34289466047137435,0.43498541984980826,-2.102336153918972
vwl_overdrive,vblpre_ratio,0.34289466047137435,0.4490870506770088,-2.2662319565821933
vwl_overdrive,vblpre_ratio,0.34289466047137435,0.46318868150420933,-2.4263287300772225
vwl_overdrive,vblpre_ratio,0.34289466047137435,0.47729031233140984,-2.5784637864634474
vwl_overdrive,vblpre_ratio,0.34289466047137435,0.49139194315861034,-2.7803974059972334
vwl_overdrive,vblpre_ratio,0.34289466047137435,0.5054935739858109,-3.0242734814190904
vwl_overdrive,vblpre_ratio,0.34289466047137435,0.5195952048130114,-3.270911669222205
vwl_overdrive,vblpre_ratio,0.34289466047137435,0.5336968356402119,-3.519615895506858
vwl_overdrive,vblpre_ratio,0.34289466047137435,0.5477984664674124,-3.7819895435975632
vwl_overdrive,vblpre_ratio,0.34289466047137435,0.5619000972946129,-4.069115953075942
vwl_overdrive,vblpre_ratio,0.34289466047137435,0.5760017281218134,-4.407442899302353
vwl_overdrive,vblpre_ratio,0.34289466047137435,0.5901033589490139,-4.753827601901097
vwl_overdrive,vblpre_ratio,0.34289466047137435,0.6042049897762144,-5.076727058098414
vwl_overdrive,vblpre_ratio,0.34289466047137435,0.6183066206034149,-5.432670333577772
vwl_overdrive,vblpre_ratio,0.34289466047137435,0.6324082514306154,-5.801097947320651
vwl_overdrive,vblpre_ratio,0.3857709139680712,0.36447726571380573,-1.240391087897797
vwl_overdrive,vblpre_ratio,0.3857709139680712,0.37857889654100624,-1.3344866197411118
vwl_overdrive,vblpre_ratio,0.3857709139680712,0.39268052736820674,-1.429963379591878
vwl_overdrive,vblpre_ratio,0.3857709139680712,0.40678215819540725,-1.5659365761025394
vwl_overdrive,vblpre_ratio,0.3857709139680712,0.42088378902260776,-1.733104299647436
vwl_overdrive,vblpre_ratio,0.3857709139680712,0.43498541984980826,-1.8846596069379649
vwl_overdrive,vblpre_ratio,0.3857709139680712,0.4490870506770088,-2.030624610290056
vwl_overdrive,vblpre_ratio,0.3857709139680712,0.46318868150420933,-2.180234843156476
vwl_overdrive,vblpre_ratio,0.3857709139680712,0.47729031233140984,-2.3524455114473573
vwl_overdrive,vblpre_ratio,0.3857709139680712,0.49139194315861034,-2.5081970059960437
vwl_overdrive,vblpre_ratio,0.3857709139680712,0.5054935739858109,-2.685169111153637
vwl_overdrive,vblpre_ratio,0.3857709139680712,0.5195952048130114,-2.912689303832924
vwl_overdrive,vblpre_ratio,0.3857709139680712,0.5336968356402119,-3.1608986636692533
vwl_overdrive,vblpre_ratio,0.3857709139680712,0.5477984664674124,-3.410927599360672
vwl_overdrive,vblpre_ratio,0.3857709139680712,0.5619000972946129,-3.6888227150509167
vwl_overdrive,vblpre_ratio,0.3857709139680712,0.5760017281218134,-3.962076118011118
vwl_overdrive,vblpre_ratio,0.3857709139680712,0.5901033589490139,-4.287231090744831
vwl_overdrive,vblpre_ratio,0.3857709139680712,0.6042049897762144,-4.648976242730487
vwl_overdrive,vblpre_ratio,0.3857709139680712,0.6183066206034149,-4.987851017598961
vwl_overdrive,vblpre_ratio,0.3857709139680712,0.6324082514306154,-5.32540908577458
vwl_overdrive,vblpre_ratio,0.42864716746476805,0.36447726571380573,-1.1013662467277117
vwl_overdrive,vblpre_ratio,0.42864716746476805,0.37857889654100624,-1.1991904056869764
vwl_overdrive,vblpre_ratio,0.42864716746476805,0.39268052736820674,-1.2939460166542307
vwl_overdrive,vblpre_ratio,0.42864716746476805,0.40678215819540725,-1.3867299012018575
vwl_overdrive,vblpre_ratio,0.42864716746476805,0.42088378902260776,-1.492737683592611
vwl_overdrive,vblpre_ratio,0.42864716746476805,0.43498541984980826,-1.6495846784951118
vwl_overdrive,vblpre_ratio,0.42864716746476805,0.4490870506770088,-1.8151979930871902
vwl_overdrive,vblpre_ratio,0.42864716746476805,0.46318868150420933,-1.9633373320829308
vwl_overdrive,vblpre_ratio,0.42864716746476805,0.47729031233140984,-2.1053678704327954
vwl_overdrive,vblpre_ratio,0.42864716746476805,0.49139194315861034,-2.2721162215919675
vwl_overdrive,vblpre_ratio,0.42864716746476805,0.5054935739858109,-2.4406722996840733
vwl_overdrive,vblpre_ratio,0.42864716746476805,0.5195952048130114,-2.6154572007749994
vwl_overdrive,vblpre_ratio,0.42864716746476805,0.5336968356402119,-2.8227253495627385
vwl_overdrive,vblpre_ratio,0.42864716746476805,0.5477984664674124,-3.0716276423336555
vwl_overdrive,vblpre_ratio,0.42864716746476805,0.5619000972946129,-3.309763536666435
vwl_overdrive,vblpre_ratio,0.42864716746476805,0.5760017281218134,-3.5932406975814106
vwl_overdrive,vblpre_ratio,0.42864716746476805,0.5901033589490139,-3.8809767048585844
vwl_overdrive,vblpre_ratio,0.42864716746476805,0.6042049897762144,-4.198404712470703
vwl_overdrive,vblpre_ratio,0.42864716746476805,0.6183066206034149,-4.553007071880184
vwl_overdrive,vblpre_ratio,0.42864716746476805,0.6324082514306154,-4.9072617363155855
vwl_overdrive,vblpre_ratio,0.47152342096146493,0.36447726571380573,-0.9860078471748772
vwl_overdrive,vblpre_ratio,0.47152342096146493,0.37857889654100624,-1.067470635193379
vwl_overdrive,vblpre_ratio,0.47152342096146493,0.39268052736820674,-1.1583869965395204
vwl_overdrive,vblpre_ratio,0.47152342096146493,0.40678215819540725,-1.2543865645679186
vwl_overdrive,vblpre_ratio,0.47152342096146493,0.42088378902260776,-1.3471272738911937
vwl_overdrive,vblpre_ratio,0.47152342096146493,0.43498541984980826,-1.444805476303175
vwl_overdrive,vblpre_ratio,0.47152342096146493,0.4490870506770088,-1.5706031299932335
vwl_overdrive,vblpre_ratio,0.47152342096146493,0.46318868150420933,-1.7407862409421178
vwl_overdrive,vblpre_ratio,0.47152342096146493,0.47729031233140984,-1.8987160507064533
vwl_overdrive,vblpre_ratio,0.47152342096146493,0.49139194315861034,-2.0448763822153344
vwl_overdrive,vblpre_ratio,0.47152342096146493,0.5054935739858109,-2.1952006133700905
vwl_overdrive,vblpre_ratio,0.47152342096146493,0.5195952048130114,-2.37247164755365
vwl_overdrive,vblpre_ratio,0.47152342096146493,0.5336968356402119,-2.555564880177263
vwl_overdrive,vblpre_ratio,0.47152342096146493,0.5477984664674124,-2.7584050376938345
vwl_overdrive,vblpre_ratio,0.47152342096146493,0.5619000972946129,-2.9984217424459834
vwl_overdrive,vblpre_ratio,0.47152342096146493,0.5760017281218134,-3.2431533245305344
vwl_overdrive,vblpre_ratio,0.47152342096146493,0.5901033589490139,-3.5141878390069152
vwl_overdrive,vblpre_ratio,0.47152342096146493,0.6042049897762144,-3.8098406326070764
vwl_overdrive,vblpre_ratio,0.47152342096146493,0.6183066206034149,-4.124730364386709
vwl_overdrive,vblpre_ratio,0.47152342096146493,0.6324082514306154,-4.47280673245689
vwl_overdrive,vblpre_ratio,0.5143996744581618,0.36447726571380573,-0.8855265855580092
vwl_overdrive,vblpre_ratio,0.5143996744581618,0.37857889654100624,-0.9591021126185463
vwl_overdrive,vblpre_ratio,0.5143996744581618,0.39268052736820674,-1.034688085551957
vwl_overdrive,vblpre_ratio,0.5143996744581618,0.40678215819540725,-1.1225452446930775
vwl_overdrive,vblpre_ratio,0.5143996744581618,0.42088378902260776,-1.2156563659323454
vwl_overdrive,vblpre_ratio,0.5143996744581618,0.43498541984980826,-1.3097264698321773
vwl_overdrive,vblpre_ratio,0.5143996744581618,0.4490870506770088,-1.4050444872532641
vwl_overdrive,vblpre_ratio,0.5143996744581618,0.46318868150420933,-1.5170024599761964
vwl_overdrive,vblpre_ratio,0.5143996744581618,0.47729031233140984,-1.6583739030991487
vwl_overdrive,vblpre_ratio,0.5143996744581618,0.49139194315861034,-1.8306069933753115
vwl_overdrive,vblpre_ratio,0.5143996744581618,0.5054935739858109,-1.9859685004978396
vwl_overdrive,vblpre_ratio,0.5143996744581618,0.5195952048130114,-2.1374355818251938
vwl_overdrive,vblpre_ratio,0.5143996744581618,0.5336968356402119,-2.3179590663328593
vwl_overdrive,vblpre_ratio,0.5143996744581618,0.5477984664674124,-2.497679083649502
vwl_overdrive,vblpre_ratio,0.5143996744581618,0.5619000972946129,-2.7137497413676788
vwl_overdrive,vblpre_ratio,0.5143996744581618,0.5760017281218134,-2.942138691873759
vwl_overdrive,vblpre_ratio,0.5143996744581618,0.5901033589490139,-3.206371258412449
vwl_overdrive,vblpre_ratio,0.5143996744581618,0.6042049897762144,-3.4654234930644714
vwl_overdrive,vblpre_ratio,0.5143996744581618,0.6183066206034149,-3.7556567835202346
vwl_overdrive,vblpre_ratio,0.5143996744581618,0.6324082514306154,-4.062747455875465
vwl_overdrive,vblpre_ratio,0.5572759279548587,0.36447726571380573,-0.8082401825353398
vwl_overdrive,vblpre_ratio,0.5572759279548587,0.37857889654100624,-0.8684610001437449
vwl_overdrive,vblpre_ratio,0.5572759279548587,0.39268052736820674,-0.9393406049876751
vwl_overdrive,vblpre_ratio,0.5572759279548587,0.40678215819540725,-1.0060133482928588
vwl_overdrive,vblpre_ratio,0.5572759279548587,0.42088378902260776,-1.0886211446577863
vwl_overdrive,vblpre_ratio,0.5572759279548587,0.43498541984980826,-1.1827735889059714
vwl_overdrive,vblpre_ratio,0.5572759279548587,0.4490870506770088,-1.2730230461294505
vwl_overdrive,vblpre_ratio,0.5572759279548587,0.46318868150420933,-1.3701745526058366
vwl_overdrive,vblpre_ratio,0.5572759279548587,0.47729031233140984,-1.4721499114698873
vwl_overdrive,vblpre_ratio,0.5572759279548587,0.49139194315861034,-1.5990106090546183
vwl_overdrive,vblpre_ratio,0.5572759279548587,0.5054935739858109,-1.7609913320170199
vwl_overdrive,vblpre_ratio,0.5572759279548587,0.5195952048130114,-1.9323829166546436
vwl_overdrive,vblpre_ratio,0.5572759279548587,0.5336968356402119,-2.093555639510131
vwl_overdrive,vblpre_ratio,0.5572759279548587,0.5477984664674124,-2.2736209994572194
vwl_overdrive,vblpre_ratio,0.5572759279548587,0.5619000972946129,-2.4638166205497627
vwl_overdrive,vblpre_ratio,0.5572759279548587,0.5760017281218134,-2.6798622910766547
vwl_overdrive,vblpre_ratio,0.5572759279548587,0.5901033589490139,-2.922828761648379
vwl_overdrive,vblpre_ratio,0.5572759279548587,0.6042049897762144,-3.184197306609345
vwl_overdrive,vblpre_ratio,0.5572759279548587,0.6183066206034149,-3.4449266685749813
vwl_overdrive,vblpre_ratio,0.5572759279548587,0.6324082514306154,-3.7179049103355277
vwl_overdrive,vblpre_ratio,0.6001521814515556,0.36447726571380573,-0.7582660668758869
vwl_overdrive,vblpre_ratio,0.6001521814515556,0.37857889654100624,-0.8030356302766031
vwl_overdrive,vblpre_ratio,0.6001521814515556,0.39268052736820674,-0.8567777720061278
vwl_overdrive,vblpre_ratio,0.6001521814515556,0.40678215819540725,-0.9235811501353043
vwl_overdrive,vblpre_ratio,0.6001521814515556,0.42088378902260776,-0.9896944368382278
vwl_overdrive,vblpre_ratio,0.6001521814515556,0.43498541984980826,-1.0585508661799876
vwl_overdrive,vblpre_ratio,0.6001521814515556,0.4490870506770088,-1.1522099538800983
vwl_overdrive,vblpre_ratio,0.6001521814515556,0.46318868150420933,-1.2455511121458474
vwl_overdrive,vblpre_ratio,0.6001521814515556,0.47729031233140984,-1.3365138940176684
vwl_overdrive,vblpre_ratio,0.6001521814515556,0.49139194315861034,-1.4360887206180275
vwl_overdrive,vblpre_ratio,0.6001521814515556,0.5054935739858109,-1.5554505925841897
vwl_overdrive,vblpre_ratio,0.6001521814515556,0.5195952048130114,-1.7062618580415183
vwl_overdrive,vblpre_ratio,0.6001521814515556,0.5336968356402119,-1.8887902760305708
vwl_overdrive,vblpre_ratio,0.6001521814515556,0.5477984664674124,-2.0655777321806617
vwl_overdrive,vblpre_ratio,0.6001521814515556,0.5619000972946129,-2.2461516286098466
vwl_overdrive,vblpre_ratio,0.6001521814515556,0.5760017281218134,-2.450268139524748
vwl_overdrive,vblpre_ratio,0.6001521814515556,0.5901033589490139,-2.6714583610134923
vwl_overdrive,vblpre_ratio,0.6001521814515556,0.6042049897762144,-2.931986977593521
vwl_overdrive,vblpre_ratio,0.6001521814515556,0.6183066206034149,-3.1781547806798103
vwl_overdrive,vblpre_ratio,0.6001521814515556,0.6324082514306154,-3.434582739451774
vwl_overdrive,vblpre_ratio,0.6430284349482525,0.36447726571380573,-0.7073762674235707
vwl_overdrive,vblpre_ratio,0.6430284349482525,0.37857889654100624,-0.758262085139928
vwl_overdrive,vblpre_ratio,0.6430284349482525,0.39268052736820674,-0.8035280473363737
vwl_overdrive,vblpre_ratio,0.6430284349482525,0.40678215819540725,-0.8511226578800758
vwl_overdrive,vblpre_ratio,0.6430284349482525,0.42088378902260776,-0.9107789066017573
vwl_overdrive,vblpre_ratio,0.6430284349482525,0.43498541984980826,-0.9776507007316062
vwl_overdrive,vblpre_ratio,0.6430284349482525,0.4490870506770088,-1.0427225221749388
vwl_overdrive,vblpre_ratio,0.6430284349482525,0.46318868150420933,-1.1242445372441532
vwl_overdrive,vblpre_ratio,0.6430284349482525,0.47729031233140984,-1.2206633708946686
vwl_overdrive,vblpre_ratio,0.6430284349482525,0.49139194315861034,-1.3129894965351059
vwl_overdrive,vblpre_ratio,0.6430284349482525,0.5054935739858109,-1.408331339028225
vwl_overdrive,vblpre_ratio,0.6430284349482525,0.5195952048130114,-1.5243513871007563
vwl_overdrive,vblpre_ratio,0.6430284349482525,0.5336968356402119,-1.6762653771971208
vwl_overdrive,vblpre_ratio,0.6430284349482525,0.5477984664674124,-1.8588769613744343
vwl_overdrive,vblpre_ratio,0.6430284349482525,0.5619000972946129,-2.058651408892411
vwl_overdrive,vblpre_ratio,0.6430284349482525,0.5760017281218134,-2.2457745351086555
vwl_overdrive,vblpre_ratio,0.6430284349482525,0.5901033589490139,-2.461546557378221
vwl_overdrive,vblpre_ratio,0.6430284349482525,0.6042049897762144,-2.689985777139383
vwl_overdrive,vblpre_ratio,0.6430284349482525,0.6183066206034149,-2.9401438181978166
vwl_overdrive,vblpre_ratio,0.6430284349482525,0.6324082514306154,-3.1861165551630255
vwl_overdrive,vblpre_ratio,0.6859046884449493,0.36447726571380573,-0.6659905017671702
vwl_overdrive,vblpre_ratio,0.6859046884449493,0.37857889654100624,-0.7072856214719919
vwl_overdrive,vblpre_ratio,0.6859046884449493,0.39268052736820674,-0.7548272483449877
vwl_overdrive,vblpre_ratio,0.6859046884449493,0.40678215819540725,-0.8056734363563934
vwl_overdrive,vblpre_ratio,0.6859046884449493,0.42088378902260776,-0.8518643925076488
vwl_overdrive,vblpre_ratio,0.6859046884449493,0.43498541984980826,-0.904427823100544
vwl_overdrive,vblpre_ratio,0.6859046884449493,0.4490870506770088,-0.969498225615017
vwl_overdrive,vblpre_ratio,0.6859046884449493,0.46318868150420933,-1.0357221248561752
vwl_overdrive,vblpre_ratio,0.6859046884449493,0.47729031233140984,-1.1085287458416209
vwl_overdrive,vblpre_ratio,0.6859046884449493,0.49139194315861034,-1.2002182573485187
vwl_overdrive,vblpre_ratio,0.6859046884449493,0.5054935739858109,-1.2962501358704985
vwl_overdrive,vblpre_ratio,0.6859046884449493,0.5195952048130114,-1.3930437445753403
vwl_overdrive,vblpre_ratio,0.6859046884449493,0.5336968356402119,-1.5143028234788058
vwl_overdrive,vblpre_ratio,0.6859046884449493,0.5477984664674124,-1.665367861190969
vwl_overdrive,vblpre_ratio,0.6859046884449493,0.5619000972946129,-1.8535877797228377
vwl_overdrive,vblpre_ratio,0.6859046884449493,0.5760017281218134,-2.0678132333211687
vwl_overdrive,vblpre_ratio,0.6859046884449493,0.5901033589490139,-2.281291711092968
vwl_overdrive,vblpre_ratio,0.6859046884449493,0.6042049897762144,-2.494636515040746
vwl_overdrive,vblpre_ratio,0.6859046884449493,0.6183066206034149,-2.7144726838469264
vwl_overdrive,vblpre_ratio,0.6859046884449493,0.6324082514306154,-2.947254736099397
vwl_overdrive,vblpre_ratio,0.7287809419416462,0.36447726571380573,-0.6346010174408849
vwl_overdrive,vblpre_ratio,0.7287809419416462,0.37857889654100624,-0.6702395562556459
vwl_overdrive,vblpre_ratio,0.7287809419416462,0.39268052736820674,-0.7121405618631487
vwl_overdrive,vblpre_ratio,0.7287809419416462,0.40678215819540725,-0.7553524324092616
vwl_overdrive,vblpre_ratio,0.7287809419416462,0.42088378902260776,-0.8047243606370309
vwl_overdrive,vblpre_ratio,0.7287809419416462,0.43498541984980826,-0.8553676565562093
vwl_overdrive,vblpre_ratio,0.7287809419416462,0.4490870506770088,-0.9053528664150696
vwl_overdrive,vblpre_ratio,0.7287809419416462,0.46318868150420933,-0.9673617912449047
vwl_overdrive,vblpre_ratio,0.7287809419416462,0.47729031233140984,-1.0359400508505887
vwl_overdrive,vblpre_ratio,0.7287809419416462,0.49139194315861034,-1.1067328076932448
vwl_overdrive,vblpre_ratio,0.7287809419416462,0.5054935739858109,-1.1890350207020621
vwl_overdrive,vblpre_ratio,0.7287809419416462,0.5195952048130114,-1.2872944673563824
vwl_overdrive,vblpre_ratio,0.7287809419416462,0.5336968356402119,-1.3942215409584975
vwl_overdrive,vblpre_ratio,0.7287809419416462,0.5477984664674124,-1.5240524436489946
vwl_overdrive,vblpre_ratio,0.7287809419416462,0.5619000972946129,-1.68485101412115
vwl_overdrive,vblpre_ratio,0.7287809419416462,0.5760017281218134,-1.8724155599799455
vwl_overdrive,vblpre_ratio,0.7287809419416462,0.5901033589490139,-2.1035781172390973
vwl_overdrive,vblpre_ratio,0.7287809419416462,0.6042049897762144,-2.327978501448826
vwl_overdrive,vblpre_ratio,0.7287809419416462,0.6183066206034149,-2.5378837572943254
vwl_overdrive,vblpre_ratio,0.7287809419416462,0.6324082514306154,-2.7409833549816303
vwl_overdrive,vblpre_ratio,0.7716571954383431,0.36447726571380573,-0.6107785666125738
vwl_overdrive,vblpre_ratio,0.7716571954383431,0.37857889654100624,-0.6430594251650779
vwl_overdrive,vblpre_ratio,0.7716571954383431,0.39268052736820674,-0.6784895097015935
vwl_overdrive,vblpre_ratio,0.7716571954383431,0.40678215819540725,-0.7176990699192982
vwl_overdrive,vblpre_ratio,0.7716571954383431,0.42088378902260776,-0.761196092276605
vwl_overdrive,vblpre_ratio,0.7716571954383431,0.43498541984980826,-0.8080523439710869
vwl_overdrive,vblpre_ratio,0.7716571954383431,0.4490870506770088,-0.8596457835726763
vwl_overdrive,vblpre_ratio,0.7716571954383431,0.46318868150420933,-0.911559788302429
vwl_overdrive,vblpre_ratio,0.7716571954383431,0.47729031233140984,-0.9719123312380619
vwl_overdrive,vblpre_ratio,0.7716571954383431,0.49139194315861034,-1.0438360934984652
vwl_overdrive,vblpre_ratio,0.7716571954383431,0.5054935739858109,-1.115759871750784
vwl_overdrive,vblpre_ratio,0.7716571954383431,0.5195952048130114,-1.193079305998187
vwl_overdrive,vblpre_ratio,0.7716571954383431,0.5336968356402119,-1.2924532193048777
vwl_overdrive,vblpre_ratio,0.7716571954383431,0.5477984664674124,-1.4139095719023298
vwl_overdrive,vblpre_ratio,0.7716571954383431,0.5619000972946129,-1.5590593928905814
vwl_overdrive,vblpre_ratio,0.7716571954383431,0.5760017281218134,-1.7271285805882053
vwl_overdrive,vblpre_ratio,0.7716571954383431,0.5901033589490139,-1.9286203903318364
vwl_overdrive,vblpre_ratio,0.7716571954383431,0.6042049897762144,-2.1510750498191245
vwl_overdrive,vblpre_ratio,0.7716571954383431,0.6183066206034149,-2.3773269471743577
vwl_overdrive,vblpre_ratio,0.7716571954383431,0.6324082514306154,-2.5861313557474914
vwl_overdrive,vblpre_ratio,0.8145334489350399,0.36447726571380573,-0.59166097885064
vwl_overdrive,vblpre_ratio,0.8145334489350399,0.37857889654100624,-0.6215590940644778
vwl_overdrive,vblpre_ratio,0.8145334489350399,0.39268052736820674,-0.6543762899282393
vwl_overdrive,vblpre_ratio,0.8145334489350399,0.40678215819540725,-0.6904589121005723
vwl_overdrive,vblpre_ratio,0.8145334489350399,0.42088378902260776,-0.7287878704322499
vwl_overdrive,vblpre_ratio,0.8145334489350399,0.43498541984980826,-0.7711823329577625
vwl_overdrive,vblpre_ratio,0.8145334489350399,0.4490870506770088,-0.8164512250625582
vwl_overdrive,vblpre_ratio,0.8145334489350399,0.46318868150420933,-0.8643196261629705
vwl_overdrive,vblpre_ratio,0.8145334489350399,0.47729031233140984,-0.9190554421569284
vwl_overdrive,vblpre_ratio,0.8145334489350399,0.49139194315861034,-0.9818318902807387
vwl_overdrive,vblpre_ratio,0.8145334489350399,0.5054935739858109,-1.0578885529721112
vwl_overdrive,vblpre_ratio,0.8145334489350399,0.5195952048130114,-1.1356217530400705
vwl_overdrive,vblpre_ratio,0.8145334489350399,0.5336968356402119,-1.215651478673885
vwl_overdrive,vblpre_ratio,0.8145334489350399,0.5477984664674124,-1.3179888525339987
vwl_overdrive,vblpre_ratio,0.8145334489350399,0.5619000972946129,-1.460597132612682
vwl_overdrive,vblpre_ratio,0.8145334489350399,0.5760017281218134,-1.6127723142570425
vwl_overdrive,vblpre_ratio,0.8145334489350399,0.5901033589490139,-1.801527874051126
vwl_overdrive,vblpre_ratio,0.8145334489350399,0.6042049897762144,-2.0044081766791497
vwl_overdrive,vblpre_ratio,0.8145334489350399,0.6183066206034149,-2.2103680780373125
vwl_overdrive,vblpre_ratio,0.8145334489350399,0.6324082514306154,-2.42844011391592
vwl_overdrive,vblpre_ratio,0.8574097024317366,0.36447726571380573,-0.5766785669821193
vwl_overdrive,vblpre_ratio,0.8574097024317366,0.37857889654100624,-0.6052660837914839
vwl_overdrive,vblpre_ratio,0.8574097024317366,0.39268052736820674,-0.6348786523840521
vwl_overdrive,vblpre_ratio,0.8574097024317366,0.40678215819540725,-0.6684070595361914
vwl_overdrive,vblpre_ratio,0.8574097024317366,0.42088378902260776,-0.7057179854987218
vwl_overdrive,vblpre_ratio,0.8574097024317366,0.43498541984980826,-0.7439708708052943
vwl_overdrive,vblpre_ratio,0.8574097024317366,0.4490870506770088,-0.7829773401476183
vwl_overdrive,vblpre_ratio,0.8574097024317366,0.46318868150420933,-0.8266753706257131
vwl_overdrive,vblpre_ratio,0.8574097024317366,0.47729031233140984,-0.875268094576978
vwl_overdrive,vblpre_ratio,0.8574097024317366,0.49139194315861034,-0.9289927452207767
vwl_overdrive,vblpre_ratio,0.8574097024317366,0.5054935739858109,-0.9990899340381356
vwl_overdrive,vblpre_ratio,0.8574097024317366,0.5195952048130114,-1.0821595284866716
vwl_overdrive,vblpre_ratio,0.8574097024317366,0.5336968356402119,-1.169195578939589
vwl_overdrive,vblpre_ratio,0.8574097024317366,0.5477984664674124,-1.2589410941133183
vwl_overdrive,vblpre_ratio,0.8574097024317366,0.5619000972946129,-1.374400993326545
vwl_overdrive,vblpre_ratio,0.8574097024317366,0.5760017281218134,-1.5240447335500698
vwl_overdrive,vblpre_ratio,0.8574097024317366,0.5901033589490139,-1.6958226843146185
vwl_overdrive,vblpre_ratio,0.8574097024317366,0.6042049897762144,-1.8909669334163155
vwl_overdrive,vblpre_ratio,0.8574097024317366,0.6183066206034149,-2.0875855616758883
vwl_overdrive,vblpre_ratio,0.8574097024317366,0.6324082514306154,-2.276019509094665
vwl_overdrive,vblpre_ratio,0.9002859559284335,0.36447726571380573,-0.5628770586889658
vwl_overdrive,vblpre_ratio,0.9002859559284335,0.37857889654100624,-0.5918711824358984
vwl_overdrive,vblpre_ratio,0.9002859559284335,0.39268052736820674,-0.6208074771035348
vwl_overdrive,vblpre_ratio,0.9002859559284335,0.40678215819540725,-0.6514247118752471
vwl_overdrive,vblpre_ratio,0.9002859559284335,0.42088378902260776,-0.6862735586397394
vwl_overdrive,vblpre_ratio,0.9002859559284335,0.43498541984980826,-0.7243485197388603
vwl_overdrive,vblpre_ratio,0.9002859559284335,0.4490870506770088,-0.7615691994995216
vwl_overdrive,vblpre_ratio,0.9002859559284335,0.46318868150420933,-0.798124783717
vwl_overdrive,vblpre_ratio,0.9002859559284335,0.47729031233140984,-0.8400003284758883
vwl_overdrive,vblpre_ratio,0.9002859559284335,0.49139194315861034,-0.8910047677249588
vwl_overdrive,vblpre_ratio,0.9002859559284335,0.5054935739858109,-0.9504728401779372
vwl_overdrive,vblpre_ratio,0.9002859559284335,0.5195952048130114,-1.0259330357017906
vwl_overdrive,vblpre_ratio,0.9002859559284335,0.5336968356402119,-1.1195919739183193
vwl_overdrive,vblpre_ratio,0.9002859559284335,0.5477984664674124,-1.2175046378705177
vwl_overdrive,vblpre_ratio,0.9002859559284335,0.5619000972946129,-1.3270045304548392
vwl_overdrive,vblpre_ratio,0.9002859559284335,0.5760017281218134,-1.4533196819693615
vwl_overdrive,vblpre_ratio,0.9002859559284335,0.5901033589490139,-1.6124674163397825
vwl_overdrive,vblpre_ratio,0.9002859559284335,0.6042049897762144,-1.7972474403555891
vwl_overdrive,vblpre_ratio,0.9002859559284335,0.6183066206034149,-1.9871678237310777
vwl_overdrive,vblpre_ratio,0.9002859559284335,0.6324082514306154,-2.169607473212221
vwl_overdrive,vblpre_ratio,0.9431622094251304,0.36447726571380573,-0.5502637218291365
vwl_overdrive,vblpre_ratio,0.9431622094251304,0.37857889654100624,-0.5795901826500351
vwl_overdrive,vblpre_ratio,0.9431622094251304,0.39268052736820674,-0.6084376092577811
vwl_overdrive,vblpre_ratio,0.9431622094251304,0.40678215819540725,-0.638652338920345
vwl_overdrive,vblpre_ratio,0.9431622094251304,0.42088378902260776,-0.6711529048939422
vwl_overdrive,vblpre_ratio,0.9431622094251304,0.43498541984980826,-0.7072751565685214
vwl_overdrive,vblpre_ratio,0.9431622094251304,0.4490870506770088,-0.7444055127834287
vwl_overdrive,vblpre_ratio,0.9431622094251304,0.46318868150420933,-0.7805554489401368
vwl_overdrive,vblpre_ratio,0.9431622094251304,0.47729031233140984,-0.8172130923626528
vwl_overdrive,vblpre_ratio,0.9431622094251304,0.49139194315861034,-0.8602924961351619
vwl_overdrive,vblpre_ratio,0.9431622094251304,0.5054935739858109,-0.9139645555901992
vwl_overdrive,vblpre_ratio,0.9431622094251304,0.5195952048130114,-0.9833869788215971
vwl_overdrive,vblpre_ratio,0.9431622094251304,0.5336968356402119,-1.0673103466907052
vwl_overdrive,vblpre_ratio,0.9431622094251304,0.5477984664674124,-1.1728715362740842
vwl_overdrive,vblpre_ratio,0.9431622094251304,0.5619000972946129,-1.2895666982628482
vwl_overdrive,vblpre_ratio,0.9431622094251304,0.5760017281218134,-1.412797511807929
vwl_overdrive,vblpre_ratio,0.9431622094251304,0.5901033589490139,-1.5527337949604572
vwl_overdrive,vblpre_ratio,0.9431622094251304,0.6042049897762144,-1.721181289028355
vwl_overdrive,vblpre_ratio,0.9431622094251304,0.6183066206034149,-1.9049159565245821
vwl_overdrive,vblpre_ratio,0.9431622094251304,0.6324082514306154,-2.0781105365650414
vwl_overdrive,vblpre_ratio,0.9860384629218273,0.36447726571380573,-0.5386279756615062
vwl_overdrive,vblpre_ratio,0.9860384629218273,0.37857889654100624,-0.5674562839789493
vwl_overdrive,vblpre_ratio,0.9860384629218273,0.39268052736820674,-0.5971617490369932
vwl_overdrive,vblpre_ratio,0.9860384629218273,0.40678215819540725,-0.6275092421205307
vwl_overdrive,vblpre_ratio,0.9860384629218273,0.42088378902260776,-0.6596485750918935
vwl_overdrive,vblpre_ratio,0.9860384629218273,0.43498541984980826,-0.6932467068342101
vwl_overdrive,vblpre_ratio,0.9860384629218273,0.4490870506770088,-0.7290577670324762
vwl_overdrive,vblpre_ratio,0.9860384629218273,0.46318868150420933,-0.7651925391603515
vwl_overdrive,vblpre_ratio,0.9860384629218273,0.47729031233140984,-0.8014552513107275
vwl_overdrive,vblpre_ratio,0.9860384629218273,0.49139194315861034,-0.8407039276889798
vwl_overdrive,vblpre_ratio,0.9860384629218273,0.5054935739858109,-0.8871321257536126
vwl_overdrive,vblpre_ratio,0.9860384629218273,0.5195952048130114,-0.9491434867550625
vwl_overdrive,vblpre_ratio,0.9860384629218273,0.5336968356402119,-1.02979252765166
vwl_overdrive,vblpre_ratio,0.9860384629218273,0.5477984664674124,-1.126622281124181
vwl_overdrive,vblpre_ratio,0.9860384629218273,0.5619000972946129,-1.247833203562127
vwl_overdrive,vblpre_ratio,0.9860384629218273,0.5760017281218134,-1.3793283791918654
vwl_overdrive,vblpre_ratio,0.9860384629218273,0.5901033589490139,-1.5148494585556418
vwl_overdrive,vblpre_ratio,0.9860384629218273,0.6042049897762144,-1.6681358982665764
vwl_overdrive,vblpre_ratio,0.9860384629218273,0.6183066206034149,-1.840035475349477
vwl_overdrive,vblpre_ratio,0.9860384629218273,0.6324082514306154,-2.0113490228293576
vwl_overdrive,vblpre_ratio,1.0289147164185242,0.36447726571380573,-0.5288120222398326
vwl_overdrive,vblpre_ratio,1.0289147164185242,0.37857889654100624,-0.5565198293956628
vwl_overdrive,vblpre_ratio,1.0289147164185242,0.39268052736820674,-0.586572457354134
vwl_overdrive,vblpre_ratio,1.0289147164185242,0.40678215819540725,-0.6175169892677719
vwl_overdrive,vblpre_ratio,1.0289147164185242,0.42088378902260776,-0.6494205386592061
vwl_overdrive,vblpre_ratio,1.0289147164185242,0.43498541984980826,-0.682106523563267
vwl_overdrive,vblpre_ratio,1.0289147164185242,0.4490870506770088,-0.7162278131706702
vwl_overdrive,vblpre_ratio,1.0289147164185242,0.46318868150420933,-0.7521414735586994
vwl_overdrive,vblpre_ratio,1.0289147164185242,0.47729031233140984,-0.7884035696822378
vwl_overdrive,vblpre_ratio,1.0289147164185242,0.49139194315861034,-0.8268099526133936
vwl_overdrive,vblpre_ratio,1.0289147164185242,0.5054935739858109,-0.8706784594509783
vwl_overdrive,vblpre_ratio,1.0289147164185242,0.5195952048130114,-0.9263177965617403
vwl_overdrive,vblpre_ratio,1.0289147164185242,0.5336968356402119,-0.9986433057551595
vwl_overdrive,vblpre_ratio,1.0289147164185242,0.5477984664674124,-1.0939121246752257
vwl_overdrive,vblpre_ratio,1.0289147164185242,0.5619000972946129,-1.2081198529270083
vwl_overdrive,vblpre_ratio,1.0289147164185242,0.5760017281218134,-1.3429730808384113
vwl_overdrive,vblpre_ratio,1.0289147164185242,0.5901033589490139,-1.4840839215371882
vwl_overdrive,vblpre_ratio,1.0289147164185242,0.6042049897762144,-1.6324746640069454
vwl_overdrive,vblpre_ratio,1.0289147164185242,0.6183066206034149,-1.7950536699024742
vwl_overdrive,vblpre_ratio,1.0289147164185242,0.6324082514306154,-1.9603136148519795
vwl_overdrive,vblpre_ratio,1.071790969915221,0.36447726571380573,-0.5202740455321829
vwl_overdrive,vblpre_ratio,1.071790969915221,0.37857889654100624,-0.5474468478580572
vwl_overdrive,vblpre_ratio,1.071790969915221,0.39268052736820674,-0.5768941330423735
vwl_overdrive,vblpre_ratio,1.071790969915221,0.40678215819540725,-0.6083613994921021
vwl_overdrive,vblpre_ratio,1.071790969915221,0.42088378902260776,-0.6409947870978143
vwl_overdrive,vblpre_ratio,1.071790969915221,0.43498541984980826,-0.6726510697168636
vwl_overdrive,vblpre_ratio,1.071790969915221,0.4490870506770088,-0.7057801964064541
vwl_overdrive,vblpre_ratio,1.071790969915221,0.46318868150420933,-0.7411335474319949
vwl_overdrive,vblpre_ratio,1.071790969915221,0.47729031233140984,-0.7771514121883517
vwl_overdrive,vblpre_ratio,1.071790969915221,0.49139194315861034,-0.8159724361681637
vwl_overdrive,vblpre_ratio,1.071790969915221,0.5054935739858109,-0.8587204196796291
vwl_overdrive,vblpre_ratio,1.071790969915221,0.5195952048130114,-0.9117465816446009
vwl_overdrive,vblpre_ratio,1.071790969915221,0.5336968356402119,-0.9795301272560124
vwl_overdrive,vblpre_ratio,1.071790969915221,0.5477984664674124,-1.0672946465236264
vwl_overdrive,vblpre_ratio,1.071790969915221,0.5619000972946129,-1.1791656982493004
vwl_overdrive,vblpre_ratio,1.071790969915221,0.5760017281218134,-1.3101454260520962
vwl_overdrive,vblpre_ratio,1.071790969915221,0.5901033589490139,-1.4533674302138042
vwl_overdrive,vblpre_ratio,1.071790969915221,0.6042049897762144,-1.6023515933576662
vwl_overdrive,vblpre_ratio,1.071790969915221,0.6183066206034149,-1.7632629878129198
vwl_overdrive,vblpre_ratio,1.071790969915221,0.6324082514306154,-1.923850083869118
vwl_overdrive,vblpre_ratio,1.114667223411918,0.36447726571380573,-0.5131866304778012
vwl_overdrive,vblpre_ratio,1.114667223411918,0.37857889654100624,-0.5395841212318024
vwl_overdrive,vblpre_ratio,1.114667223411918,0.39268052736820674,-0.5683652414677675
vwl_overdrive,vblpre_ratio,1.114667223411918,0.40678215819540725,-0.5995192416127622
vwl_overdrive,vblpre_ratio,1.114667223411918,0.42088378902260776,-0.6328293227764987
vwl_overdrive,vblpre_ratio,1.114667223411918,0.43498541984980826,-0.6645823026678049
vwl_overdrive,vblpre_ratio,1.114667223411918,0.4490870506770088,-0.6970832774697916
vwl_overdrive,vblpre_ratio,1.114667223411918,0.46318868150420933,-0.7313668409007684
vwl_overdrive,vblpre_ratio,1.114667223411918,0.47729031233140984,-0.7675058343991811
vwl_overdrive,vblpre_ratio,1.114667223411918,0.49139194315861034,-0.8059640385470199
vwl_overdrive,vblpre_ratio,1.114667223411918,0.5054935739858109,-0.8493517209856333
vwl_overdrive,vblpre_ratio,1.114667223411918,0.5195952048130114,-0.9003032669463265
vwl_overdrive,vblpre_ratio,1.114667223411918,0.5336968356402119,-0.9666704162430845
vwl_overdrive,vblpre_ratio,1.114667223411918,0.5477984664674124,-1.0506123563590426
vwl_overdrive,vblpre_ratio,1.114667223411918,0.5619000972946129,-1.154404581209933
vwl_overdrive,vblpre_ratio,1.114667223411918,0.5760017281218134,-1.284690499981111
vwl_overdrive,vblpre_ratio,1.114667223411918,0.5901033589490139,-1.4255548725120268
vwl_overdrive,vblpre_ratio,1.114667223411918,0.6042049897762144,-1.5765488826836147
vwl_overdrive,vblpre_ratio,1.114667223411918,0.6183066206034149,-1.7353007014805404
vwl_overdrive,vblpre_ratio,1.114667223411918,0.6324082514306154,-1.8974528747598631
vwl_overdrive,vblpre_ratio,1.1575434769086148,0.36447726571380573,-0.5064321776622059
vwl_overdrive,vblpre_ratio,1.1575434769086148,0.37857889654100624,-0.53276842844336
vwl_overdrive,vblpre_ratio,1.1575434769086148,0.39268052736820674,-0.5608850429547354
vwl_overdrive,vblpre_ratio,1.1575434769086148,0.40678215819540725,-0.5920052089545014
vwl_overdrive,vblpre_ratio,1.1575434769086148,0.42088378902260776,-0.6251456742670595
vwl_overdrive,vblpre_ratio,1.1575434769086148,0.43498541984980826,-0.6577896970391631
vwl_overdrive,vblpre_ratio,1.1575434769086148,0.4490870506770088,-0.689626373490704
vwl_overdrive,vblpre_ratio,1.1575434769086148,0.46318868150420933,-0.7231628439600147
vwl_overdrive,vblpre_ratio,1.1575434769086148,0.47729031233140984,-0.7589072341402149
vwl_overdrive,vblpre_ratio,1.1575434769086148,0.49139194315861034,-0.797277478190202
vwl_overdrive,vblpre_ratio,1.1575434769086148,0.5054935739858109,-0.8405675735278496
vwl_overdrive,vblpre_ratio,1.1575434769086148,0.5195952048130114,-0.891693536629289
vwl_overdrive,vblpre_ratio,1.1575434769086148,0.5336968356402119,-0.9565970479489445
vwl_overdrive,vblpre_ratio,1.1575434769086148,0.5477984664674124,-1.0389889964926726
vwl_overdrive,vblpre_ratio,1.1575434769086148,0.5619000972946129,-1.1397058673878482
vwl_overdrive,vblpre_ratio,1.1575434769086148,0.5760017281218134,-1.2615029224082646
vwl_overdrive,vblpre_ratio,1.1575434769086148,0.5901033589490139,-1.4017184109050025
vwl_overdrive,vblpre_ratio,1.1575434769086148,0.6042049897762144,-1.5534106061607484
vwl_overdrive,vblpre_ratio,1.1575434769086148,0.6183066206034149,-1.7112492678086597
vwl_overdrive,vblpre_ratio,1.1575434769086148,0.6324082514306154,-1.8726640074909071
vwl_overdrive,vwl_boost,0.34289466047137435,0.3428946604713744,-6.857668939430628
vwl_overdrive,vwl_boost,0.34289466047137435,0.3857709139680713,-6.395945243792151
vwl_overdrive,vwl_boost,0.34289466047137435,0.4286471674647681,-5.969350956401253
vwl_overdrive,vwl_boost,0.34289466047137435,0.471523420961465,-5.515083797750308
vwl_overdrive,vwl_boost,0.34289466047137435,0.5143996744581618,-5.061047840782548
vwl_overdrive,vwl_boost,0.34289466047137435,0.5572759279548587,-4.537703576542996
vwl_overdrive,vwl_boost,0.34289466047137435,0.6001521814515556,-4.077308250808129
vwl_overdrive,vwl_boost,0.34289466047137435,0.6430284349482525,-3.6278680247361517
vwl_overdrive,vwl_boost,0.34289466047137435,0.6859046884449493,-3.2615663205519145
vwl_overdrive,vwl_boost,0.34289466047137435,0.7287809419416462,-2.876025519153189
vwl_overdrive,vwl_boost,0.34289466047137435,0.771657195438343,-2.497937273260924
vwl_overdrive,vwl_boost,0.34289466047137435,0.8145334489350399,-2.192575804762732
vwl_overdrive,vwl_boost,0.34289466047137435,0.8574097024317368,-1.939736814330275
vwl_overdrive,vwl_boost,0.34289466047137435,0.9002859559284336,-1.7451531458332956
vwl_overdrive,vwl_boost,0.34289466047137435,0.9431622094251304,-1.5705665054586826
vwl_overdrive,vwl_boost,0.34289466047137435,0.9860384629218273,-1.4532154422332242
vwl_overdrive,vwl_boost,0.34289466047137435,1.0289147164185242,-1.3841521979231954
vwl_overdrive,vwl_boost,0.34289466047137435,1.071790969915221,-1.3174274212896888
vwl_overdrive,vwl_boost,0.34289466047137435,1.114667223411918,-1.2591272656354007
vwl_overdrive,vwl_boost,0.34289466047137435,1.1575434769086148,-1.2208222013405852
vwl_overdrive,vwl_boost,0.3857709139680712,0.3428946604713744,-6.3515685600121845
vwl_overdrive,vwl_boost,0.3857709139680712,0.3857709139680713,-5.922816769119267
vwl_overdrive,vwl_boost,0.3857709139680712,0.4286471674647681,-5.471266443236777
vwl_overdrive,vwl_boost,0.3857709139680712,0.471523420961465,-5.01848369826385
vwl_overdrive,vwl_boost,0.3857709139680712,0.5143996744581618,-4.496509953463438
vwl_overdrive,vwl_boost,0.3857709139680712,0.5572759279548587,-4.044882435742792
vwl_overdrive,vwl_boost,0.3857709139680712,0.6001521814515556,-3.598182990077516
vwl_overdrive,vwl_boost,0.3857709139680712,0.6430284349482525,-3.233129971734154
vwl_overdrive,vwl_boost,0.3857709139680712,0.6859046884449493,-2.84567458711313
vwl_overdrive,vwl_boost,0.3857709139680712,0.7287809419416462,-2.4738262134173596
vwl_overdrive,vwl_boost,0.3857709139680712,0.771657195438343,-2.1702706157994194
vwl_overdrive,vwl_boost,0.3857709139680712,0.8145334489350399,-1.923247697750806
vwl_overdrive,vwl_boost,0.3857709139680712,0.8574097024317368,-1.7299889357039984
vwl_overdrive,vwl_boost,0.3857709139680712,0.9002859559284336,-1.5558441123660565
vwl_overdrive,vwl_boost,0.3857709139680712,0.9431622094251304,-1.4402420684856774
vwl_overdrive,vwl_boost,0.3857709139680712,0.9860384629218273,-1.3718924119177354
vwl_overdrive,vwl_boost,0.3857709139680712,1.0289147164185242,-1.3062299581966852
vwl_overdrive,vwl_boost,0.3857709139680712,1.071790969915221,-1.2477986648287671
vwl_overdrive,vwl_boost,0.3857709139680712,1.114667223411918,-1.2100924499324426
vwl_overdrive,vwl_boost,0.3857709139680712,1.1575434769086148,-1.190315062022125
vwl_overdrive,vwl_boost,0.42864716746476805,0.3428946604713744,-5.878401071075582
vwl_overdrive,vwl_boost,0.42864716746476805,0.3857709139680713,-5.42779192153187
vwl_overdrive,vwl_boost,0.42864716746476805,0.4286471674647681,-4.977435908472633
vwl_overdrive,vwl_boost,0.42864716746476805,0.471523420961465,-4.457444185002614
vwl_overdrive,vwl_boost,0.42864716746476805,0.5143996744581618,-4.01142229666321
vwl_overdrive,vwl_boost,0.42864716746476805,0.5572759279548587,-3.56904209713226
vwl_overdrive,vwl_boost,0.42864716746476805,0.6001521814515556,-3.2037947291438833
vwl_overdrive,vwl_boost,0.42864716746476805,0.6430284349482525,-2.8148272705794417
vwl_overdrive,vwl_boost,0.42864716746476805,0.6859046884449493,-2.4506903674038623
vwl_overdrive,vwl_boost,0.42864716746476805,0.7287809419416462,-2.1469253643796797
vwl_overdrive,vwl_boost,0.42864716746476805,0.771657195438343,-1.9060416042589519
vwl_overdrive,vwl_boost,0.42864716746476805,0.8145334489350399,-1.714023320144101
vwl_overdrive,vwl_boost,0.42864716746476805,0.8574097024317368,-1.540746514935301
vwl_overdrive,vwl_boost,0.42864716746476805,0.9002859559284336,-1.4264468360205365
vwl_overdrive,vwl_boost,0.42864716746476805,0.9431622094251304,-1.3593328692988704
vwl_overdrive,vwl_boost,0.42864716746476805,0.9860384629218273,-1.295817152817566
vwl_overdrive,vwl_boost,0.42864716746476805,1.0289147164185242,-1.2373120746634145
vwl_overdrive,vwl_boost,0.42864716746476805,1.071790969915221,-1.1998691165499549
vwl_overdrive,vwl_boost,0.42864716746476805,1.114667223411918,-1.1805857285084864
vwl_overdrive,vwl_boost,0.42864716746476805,1.1575434769086148,-1.1646520145127504
vwl_overdrive,vwl_boost,0.47152342096146493,0.3428946604713744,-5.384955727529136
vwl_overdrive,vwl_boost,0.47152342096146493,0.3857709139680713,-4.937118965098761
vwl_overdrive,vwl_boost,0.47152342096146493,0.4286471674647681,-4.420062506913209
vwl_overdrive,vwl_boost,0.47152342096146493,0.471523420961465,-3.9767188285866406
vwl_overdrive,vwl_boost,0.47152342096146493,0.5143996744581618,-3.5390719296576947
vwl_overdrive,vwl_boost,0.47152342096146493,0.5572759279548587,-3.1715997349794938
vwl_overdrive,vwl_boost,0.47152342096146493,0.6001521814515556,-2.782786112786995
vwl_overdrive,vwl_boost,0.47152342096146493,0.6430284349482525,-2.428728581689616
vwl_overdrive,vwl_boost,0.47152342096146493,0.6859046884449493,-2.1246322824985953
vwl_overdrive,vwl_boost,0.47152342096146493,0.7287809419416462,-1.8880749062584619
vwl_overdrive,vwl_boost,0.47152342096146493,0.771657195438343,-1.6975049030050795
vwl_overdrive,vwl_boost,0.47152342096146493,0.8145334489350399,-1.5252721818045911
vwl_overdrive,vwl_boost,0.47152342096146493,0.8574097024317368,-1.4128173706144855
vwl_overdrive,vwl_boost,0.47152342096146493,0.9002859559284336,-1.3466341710058198
vwl_overdrive,vwl_boost,0.47152342096146493,0.9431622094251304,-1.285590554318491
vwl_overdrive,vwl_boost,0.47152342096146493,0.9860384629218273,-1.2276084899670856
vwl_overdrive,vwl_boost,0.47152342096146493,1.0289147164185242,-1.1896513023697044
vwl_overdrive,vwl_boost,0.47152342096146493,1.071790969915221,-1.1707068855204144
vwl_overdrive,vwl_boost,0.47152342096146493,1.114667223411918,-1.1555445923964442
vwl_overdrive,vwl_boost,0.47152342096146493,1.1575434769086148,-1.1426419220136168
vwl_overdrive,vwl_boost,0.5143996744581618,0.3428946604713744,-4.897316503479909
vwl_overdrive,vwl_boost,0.5143996744581618,0.3857709139680713,-4.384288813123581
vwl_overdrive,vwl_boost,0.5143996744581618,0.4286471674647681,-3.941890603575905
vwl_overdrive,vwl_boost,0.5143996744581618,0.471523420961465,-3.5099900026893653
vwl_overdrive,vwl_boost,0.5143996744581618,0.5143996744581618,-3.1388253938058757
vwl_overdrive,vwl_boost,0.5143996744581618,0.5572759279548587,-2.7509034375624286
vwl_overdrive,vwl_boost,0.5143996744581618,0.6001521814515556,-2.4075490647730495
vwl_overdrive,vwl_boost,0.5143996744581618,0.6430284349482525,-2.1047504940073902
vwl_overdrive,vwl_boost,0.5143996744581618,0.6859046884449493,-1.8713552380084026
vwl_overdrive,vwl_boost,0.5143996744581618,0.7287809419416462,-1.681223168354285
vwl_overdrive,vwl_boost,0.5143996744581618,0.771657195438343,-1.5100789998549904
vwl_overdrive,vwl_boost,0.5143996744581618,0.8145334489350399,-1.3990711368725766
vwl_overdrive,vwl_boost,0.5143996744581618,0.8574097024317368,-1.333184244147744
vwl_overdrive,vwl_boost,0.5143996744581618,0.9002859559284336,-1.274836135019207
vwl_overdrive,vwl_boost,0.5143996744581618,0.9431622094251304,-1.2175049161067084
vwl_overdrive,vwl_boost,0.5143996744581618,0.9860384629218273,-1.1795222459385222
vwl_overdrive,vwl_boost,0.5143996744581618,1.0289147164185242,-1.1603574764033964
vwl_overdrive,vwl_boost,0.5143996744581618,1.071790969915221,-1.146141578330483
vwl_overdrive,vwl_boost,0.5143996744581618,1.114667223411918,-1.1339014502512896
vwl_overdrive,vwl_boost,0.5143996744581618,1.1575434769086148,-1.1245865252111098
vwl_overdrive,vwl_boost,0.5572759279548587,0.3428946604713744,-4.349799632562743
vwl_overdrive,vwl_boost,0.5572759279548587,0.3857709139680713,-3.9082569136740326
vwl_overdrive,vwl_boost,0.5572759279548587,0.4286471674647681,-3.481763090826326
vwl_overdrive,vwl_boost,0.5572759279548587,0.471523420961465,-3.1060151960075517
vwl_overdrive,vwl_boost,0.5572759279548587,0.5143996744581618,-2.7220024720239913
vwl_overdrive,vwl_boost,0.5572759279548587,0.5572759279548587,-2.38494050576812
vwl_overdrive,vwl_boost,0.5572759279548587,0.6001521814515556,-2.0857270443236393
vwl_overdrive,vwl_boost,0.5572759279548587,0.6430284349482525,-1.8564465283048959
vwl_overdrive,vwl_boost,0.5572759279548587,0.6859046884449493,-1.6649421136240925
vwl_overdrive,vwl_boost,0.5572759279548587,0.7287809419416462,-1.4956085537596218
vwl_overdrive,vwl_boost,0.5572759279548587,0.771657195438343,-1.38539251552624
vwl_overdrive,vwl_boost,0.5572759279548587,0.8145334489350399,-1.3201869561429276
vwl_overdrive,vwl_boost,0.5572759279548587,0.8574097024317368,-1.2638047804716093
vwl_overdrive,vwl_boost,0.5572759279548587,0.9002859559284336,-1.2075841375184775
vwl_overdrive,vwl_boost,0.5572759279548587,0.9431622094251304,-1.169566311907092
vwl_overdrive,vwl_boost,0.5572759279548587,0.9860384629218273,-1.1502366694961612
vwl_overdrive,vwl_boost,0.5572759279548587,1.0289147164185242,-1.1365933749725075
vwl_overdrive,vwl_boost,0.5572759279548587,1.071790969915221,-1.1248277728613263
vwl_overdrive,vwl_boost,0.5572759279548587,1.114667223411918,-1.115818680142561
vwl_overdrive,vwl_boost,0.5572759279548587,1.1575434769086148,-1.1089471035347662
vwl_overdrive,vwl_boost,0.6001521814515556,0.3428946604713744,-3.8776838466172134
vwl_overdrive,vwl_boost,0.6001521814515556,0.3857709139680713,-3.4553309913119326
vwl_overdrive,vwl_boost,0.6001521814515556,0.4286471674647681,-3.0746810140977585
vwl_overdrive,vwl_boost,0.6001521814515556,0.471523420961465,-2.694318918179598
vwl_overdrive,vwl_boost,0.6001521814515556,0.5143996744581618,-2.362349435523542
vwl_overdrive,vwl_boost,0.6001521814515556,0.5572759279548587,-2.0679020909175008
vwl_overdrive,vwl_boost,0.6001521814515556,0.6001521814515556,-1.8424411924939748
vwl_overdrive,vwl_boost,0.6001521814515556,0.6430284349482525,-1.6497633534555904
vwl_overdrive,vwl_boost,0.6001521814515556,0.6859046884449493,-1.4813996312737714
vwl_overdrive,vwl_boost,0.6001521814515556,0.7287809419416462,-1.3728665958731032
vwl_overdrive,vwl_boost,0.6001521814515556,0.771657195438343,-1.308539749228413
vwl_overdrive,vwl_boost,0.6001521814515556,0.8145334489350399,-1.2518445507062266
vwl_overdrive,vwl_boost,0.6001521814515556,0.8574097024317368,-1.1973834649505815
vwl_overdrive,vwl_boost,0.6001521814515556,0.9002859559284336,-1.160162525169332
vwl_overdrive,vwl_boost,0.6001521814515556,0.9431622094251304,-1.1398505907404015
vwl_overdrive,vwl_boost,0.6001521814515556,0.9860384629218273,-1.126526209260896
vwl_overdrive,vwl_boost,0.6001521814515556,1.0289147164185242,-1.1151740064323297
vwl_overdrive,vwl_boost,0.6001521814515556,1.071790969915221,-1.1065948962622154
vwl_overdrive,vwl_boost,0.6001521814515556,1.114667223411918,-1.099884689393728
vwl_overdrive,vwl_boost,0.6001521814515556,1.1575434769086148,-1.0957764779880115
vwl_overdrive,vwl_boost,0.6430284349482525,0.3428946604713744,-3.4306963672964303
vwl_overdrive,vwl_boost,0.6430284349482525,0.3857709139680713,-3.044498464364724
vwl_overdrive,vwl_boost,0.6430284349482525,0.4286471674647681,-2.6681684639917838
vwl_overdrive,vwl_boost,0.6430284349482525,0.471523420961465,-2.34057123711554
vwl_overdrive,vwl_boost,0.6430284349482525,0.5143996744581618,-2.0509006319282967
vwl_overdrive,vwl_boost,0.6430284349482525,0.5572759279548587,-1.8281989120024293
vwl_overdrive,vwl_boost,0.6430284349482525,0.6001521814515556,-1.6349976038114036
vwl_overdrive,vwl_boost,0.6430284349482525,0.6430284349482525,-1.4676778710477671
vwl_overdrive,vwl_boost,0.6430284349482525,0.6859046884449493,-1.3605585869644634
vwl_overdrive,vwl_boost,0.6430284349482525,0.7287809419416462,-1.2977040579555017
vwl_overdrive,vwl_boost,0.6430284349482525,0.771657195438343,-1.2403734538799371
vwl_overdrive,vwl_boost,0.6430284349482525,0.8145334489350399,-1.1871082303962073
vwl_overdrive,vwl_boost,0.6430284349482525,0.8574097024317368,-1.1507237026549506
vwl_overdrive,vwl_boost,0.6430284349482525,0.9002859559284336,-1.129985523449123
vwl_overdrive,vwl_boost,0.6430284349482525,0.9431622094251304,-1.1160171351710588
vwl_overdrive,vwl_boost,0.6430284349482525,0.9860384629218273,-1.1049726116915273
vwl_overdrive,vwl_boost,0.6430284349482525,1.0289147164185242,-1.0970439539632828
vwl_overdrive,vwl_boost,0.6430284349482525,1.071790969915221,-1.09073122252965
vwl_overdrive,vwl_boost,0.6430284349482525,1.114667223411918,-1.0870077996470398
vwl_overdrive,vwl_boost,0.6430284349482525,1.1575434769086148,-1.085056260003028
vwl_overdrive,vwl_boost,0.6859046884449493,0.3428946604713744,-3.016222667458032
vwl_overdrive,vwl_boost,0.6859046884449493,0.3857709139680713,-2.6437736610774696
vwl_overdrive,vwl_boost,0.6859046884449493,0.4286471674647681,-2.319167690576002
vwl_overdrive,vwl_boost,0.6859046884449493,0.471523420961465,-2.0331889464178743
vwl_overdrive,vwl_boost,0.6859046884449493,0.5143996744581618,-1.8138201321205734
vwl_overdrive,vwl_boost,0.6859046884449493,0.5572759279548587,-1.6203164950124174
vwl_overdrive,vwl_boost,0.6859046884449493,0.6001521814515556,-1.4553453891193149
vwl_overdrive,vwl_boost,0.6859046884449493,0.6430284349482525,-1.3496618325428082
vwl_overdrive,vwl_boost,0.6859046884449493,0.6859046884449493,-1.2872603325284764
vwl_overdrive,vwl_boost,0.6859046884449493,0.7287809419416462,-1.2293306102930563
vwl_overdrive,vwl_boost,0.6859046884449493,0.771657195438343,-1.1774972530312884
vwl_overdrive,vwl_boost,0.6859046884449493,0.8145334489350399,-1.1412718006719833
vwl_overdrive,vwl_boost,0.6859046884449493,0.8574097024317368,-1.1204447793147463
vwl_overdrive,vwl_boost,0.6859046884449493,0.9002859559284336,-1.1054785454893856
vwl_overdrive,vwl_boost,0.6859046884449493,0.9431622094251304,-1.0944900586663855
vwl_overdrive,vwl_boost,0.6859046884449493,0.9860384629218273,-1.087632740893543
vwl_overdrive,vwl_boost,0.6859046884449493,1.0289147164185242,-1.0817772352363049
vwl_overdrive,vwl_boost,0.6859046884449493,1.071790969915221,-1.0780555890030492
vwl_overdrive,vwl_boost,0.6859046884449493,1.114667223411918,-1.076131851120403
vwl_overdrive,vwl_boost,0.6859046884449493,1.1575434769086148,-1.076082798844766
vwl_overdrive,vwl_boost,0.7287809419416462,0.3428946604713744,-2.621208395909559
vwl_overdrive,vwl_boost,0.7287809419416462,0.3857709139680713,-2.299624176856822
vwl_overdrive,vwl_boost,0.7287809419416462,0.4286471674647681,-2.0166120998219093
vwl_overdrive,vwl_boost,0.7287809419416462,0.471523420961465,-1.8001452907918765
vwl_overdrive,vwl_boost,0.7287809419416462,0.5143996744581618,-1.6062681462135107
vwl_overdrive,vwl_boost,0.7287809419416462,0.5572759279548587,-1.4439368302460691
vwl_overdrive,vwl_boost,0.7287809419416462,0.6001521814515556,-1.339975138870568
vwl_overdrive,vwl_boost,0.7287809419416462,0.6430284349482525,-1.2768309518714025
vwl_overdrive,vwl_boost,0.7287809419416462,0.6859046884449493,-1.2187779095360465
vwl_overdrive,vwl_boost,0.7287809419416462,0.7287809419416462,-1.1682048988250668
vwl_overdrive,vwl_boost,0.7287809419416462,0.771657195438343,-1.1320227087313675
vwl_overdrive,vwl_boost,0.7287809419416462,0.8145334489350399,-1.1107477714132064
vwl_overdrive,vwl_boost,0.7287809419416462,0.8574097024317368,-1.0948446644582992
vwl_overdrive,vwl_boost,0.7287809419416462,0.9002859559284336,-1.0837921360056006
vwl_overdrive,vwl_boost,0.7287809419416462,0.9431622094251304,-1.0772585809914645
vwl_overdrive,vwl_boost,0.7287809419416462,0.9860384629218273,-1.0725670180831266
vwl_overdrive,vwl_boost,0.7287809419416462,1.0289147164185242,-1.0689538938531966
vwl_overdrive,vwl_boost,0.7287809419416462,1.071790969915221,-1.0669634579974336
vwl_overdrive,vwl_boost,0.7287809419416462,1.114667223411918,-1.066619518464886
vwl_overdrive,vwl_boost,0.7287809419416462,1.1575434769086148,-1.0682388311222242
vwl_overdrive,vwl_boost,0.7716571954383431,0.3428946604713744,-2.2832574741865557
vwl_overdrive,vwl_boost,0.7716571954383431,0.3857709139680713,-2.001931688781155
vwl_overdrive,vwl_boost,0.7716571954383431,0.4286471674647681,-1.7874365204680787
vwl_overdrive,vwl_boost,0.7716571954383431,0.471523420961465,-1.594800631272167
vwl_overdrive,vwl_boost,0.7716571954383431,0.5143996744581618,-1.4332654507222768
vwl_overdrive,vwl_boost,0.7716571954383431,0.5572759279548587,-1.3304487760334793
vwl_overdrive,vwl_boost,0.7716571954383431,0.6001521814515556,-1.26684331435056
vwl_overdrive,vwl_boost,0.7716571954383431,0.6430284349482525,-1.2079169095878184
vwl_overdrive,vwl_boost,0.7716571954383431,0.6859046884449493,-1.1586314317890887
vwl_overdrive,vwl_boost,0.7716571954383431,0.7287809419416462,-1.1225545808488895
vwl_overdrive,vwl_boost,0.7716571954383431,0.771657195438343,-1.1005848214230747
vwl_overdrive,vwl_boost,0.7716571954383431,0.8145334489350399,-1.0841167347104677
vwl_overdrive,vwl_boost,0.7716571954383431,0.8574097024317368,-1.0728059985289473
vwl_overdrive,vwl_boost,0.7716571954383431,0.9002859559284336,-1.0664897528780586
vwl_overdrive,vwl_boost,0.7716571954383431,0.9431622094251304,-1.0619100243214972
vwl_overdrive,vwl_boost,0.7716571954383431,0.9860384629218273,-1.0592763542538295
vwl_overdrive,vwl_boost,0.7716571954383431,1.0289147164185242,-1.0574738520139324
vwl_overdrive,vwl_boost,0.7716571954383431,1.071790969915221,-1.0572078852682505
vwl_overdrive,vwl_boost,0.7716571954383431,1.114667223411918,-1.0586095571136427
vwl_overdrive,vwl_boost,0.7716571954383431,1.1575434769086148,-1.0618060962066636
vwl_overdrive,vwl_boost,0.8145334489350399,0.3428946604713744,-1.9888816962429723
vwl_overdrive,vwl_boost,0.8145334489350399,0.3857709139680713,-1.775315165994781
vwl_overdrive,vwl_boost,0.8145334489350399,0.4286471674647681,-1.5828961019020853
vwl_overdrive,vwl_boost,0.8145334489350399,0.471523420961465,-1.422948184808182
vwl_overdrive,vwl_boost,0.8145334489350399,0.5143996744581618,-1.3213453234910415
vwl_overdrive,vwl_boost,0.8145334489350399,0.5572759279548587,-1.256778162114686
vwl_overdrive,vwl_boost,0.8145334489350399,0.6001521814515556,-1.196817842716812
vwl_overdrive,vwl_boost,0.8145334489350399,0.6430284349482525,-1.1485788645916735
vwl_overdrive,vwl_boost,0.8145334489350399,0.6859046884449493,-1.113451073335172
vwl_overdrive,vwl_boost,0.8145334489350399,0.7287809419416462,-1.0908701604701152
vwl_overdrive,vwl_boost,0.8145334489350399,0.771657195438343,-1.0737150570758083
vwl_overdrive,vwl_boost,0.8145334489350399,0.8145334489350399,-1.0616817982433293
vwl_overdrive,vwl_boost,0.8145334489350399,0.8574097024317368,-1.0551776343609391
vwl_overdrive,vwl_boost,0.8145334489350399,0.9002859559284336,-1.0507446693288538
vwl_overdrive,vwl_boost,0.8145334489350399,0.9431622094251304,-1.0486387527472403
vwl_overdrive,vwl_boost,0.8145334489350399,0.9860384629218273,-1.0475243494781092
vwl_overdrive,vwl_boost,0.8145334489350399,1.0289147164185242,-1.0474096519950802
vwl_overdrive,vwl_boost,0.8145334489350399,1.071790969915221,-1.0488626135261536
vwl_overdrive,vwl_boost,0.8145334489350399,1.114667223411918,-1.0517133383257047
vwl_overdrive,vwl_boost,0.8145334489350399,1.1575434769086148,-1.0559719584325282
vwl_overdrive,vwl_boost,0.8574097024317366,0.3428946604713744,-1.7638822478318226
vwl_overdrive,vwl_boost,0.8574097024317366,0.3857709139680713,-1.5715681488397468
vwl_overdrive,vwl_boost,0.8574097024317366,0.4286471674647681,-1.4135715651830005
vwl_overdrive,vwl_boost,0.8574097024317366,0.471523420961465,-1.3132465939028388
vwl_overdrive,vwl_boost,0.8574097024317366,0.5143996744581618,-1.2469752178537834
vwl_overdrive,vwl_boost,0.8574097024317366,0.5572759279548587,-1.1861951023067858
vwl_overdrive,vwl_boost,0.8574097024317366,0.6001521814515556,-1.1393476548160926
vwl_overdrive,vwl_boost,0.8574097024317366,0.6430284349482525,-1.1042515656968954
vwl_overdrive,vwl_boost,0.8574097024317366,0.6859046884449493,-1.0810367023182457
vwl_overdrive,vwl_boost,0.8574097024317366,0.7287809419416462,-1.0638935155319094
vwl_overdrive,vwl_boost,0.8574097024317366,0.771657195438343,-1.0511163952461413
vwl_overdrive,vwl_boost,0.8574097024317366,0.8145334489350399,-1.0445309712658932
vwl_overdrive,vwl_boost,0.8574097024317366,0.8574097024317368,-1.039875645012242
vwl_overdrive,vwl_boost,0.8574097024317366,0.9002859559284336,-1.037979992913922
vwl_overdrive,vwl_boost,0.8574097024317366,0.9431622094251304,-1.0372418415746076
vwl_overdrive,vwl_boost,0.8574097024317366,0.9860384629218273,-1.037362465775185
vwl_overdrive,vwl_boost,0.8574097024317366,1.0289147164185242,-1.0388833267900297
vwl_overdrive,vwl_boost,0.8574097024317366,1.071790969915221,-1.0417471731666053
vwl_overdrive,vwl_boost,0.8574097024317366,1.114667223411918,-1.0458655554299727
vwl_overdrive,vwl_boost,0.8574097024317366,1.1575434769086148,-1.0509412578251642
vwl_overdrive,vwl_boost,0.9002859559284335,0.3428946604713744,-1.5614615209804705
vwl_overdrive,vwl_boost,0.9002859559284335,0.3857709139680713,-1.4048963038583897
vwl_overdrive,vwl_boost,0.9002859559284335,0.4286471674647681,-1.305725856566119
vwl_overdrive,vwl_boost,0.9002859559284335,0.471523420961465,-1.2384640855120415
vwl_overdrive,vwl_boost,0.9002859559284335,0.5143996744581618,-1.1762879567994031
vwl_overdrive,vwl_boost,0.9002859559284335,0.5572759279548587,-1.13069190180288
vwl_overdrive,vwl_boost,0.9002859559284335,0.6001521814515556,-1.0961156391806732
vwl_overdrive,vwl_boost,0.9002859559284335,0.6430284349482525,-1.071566347223357
vwl_overdrive,vwl_boost,0.9002859559284335,0.6859046884449493,-1.05443669847896
vwl_overdrive,vwl_boost,0.9002859559284335,0.7287809419416462,-1.0413607569031271
vwl_overdrive,vwl_boost,0.9002859559284335,0.771657195438343,-1.0338565490729947
vwl_overdrive,vwl_boost,0.9002859559284335,0.8145334489350399,-1.0296699635446103
vwl_overdrive,vwl_boost,0.9002859559284335,0.8574097024317368,-1.027391163997407
vwl_overdrive,vwl_boost,0.9002859559284335,0.9002859559284336,-1.0268352999665582
vwl_overdrive,vwl_boost,0.9002859559284335,0.9431622094251304,-1.027199192515947
vwl_overdrive,vwl_boost,0.9002859559284335,0.9860384629218273,-1.0289124403447274
vwl_overdrive,vwl_boost,0.9002859559284335,1.0289147164185242,-1.0318687698659414
vwl_overdrive,vwl_boost,0.9002859559284335,1.071790969915221,-1.0360381962578114
vwl_overdrive,vwl_boost,0.9002859559284335,1.114667223411918,-1.040927080363138
vwl_overdrive,vwl_boost,0.9002859559284335,1.1575434769086148,-1.0466421676731854
vwl_overdrive,vwl_boost,0.9431622094251304,0.3428946604713744,-1.3979352516011614
vwl_overdrive,vwl_boost,0.9431622094251304,0.3857709139680713,-1.2982714155541362
vwl_overdrive,vwl_boost,0.9431622094251304,0.4286471674647681,-1.2303126590686626
vwl_overdrive,vwl_boost,0.9431622094251304,0.471523420961465,-1.1670558211400084
vwl_overdrive,vwl_boost,0.9431622094251304,0.5143996744581618,-1.1223103674449888
vwl_overdrive,vwl_boost,0.9431622094251304,0.5572759279548587,-1.0886122536398295
vwl_overdrive,vwl_boost,0.9431622094251304,0.6001521814515556,-1.0630784529709116
vwl_overdrive,vwl_boost,0.9431622094251304,0.6430284349482525,-1.0454303010284305
vwl_overdrive,vwl_boost,0.9431622094251304,0.6859046884449493,-1.0321567732438501
vwl_overdrive,vwl_boost,0.9431622094251304,0.7287809419416462,-1.0239075664088086
vwl_overdrive,vwl_boost,0.9431622094251304,0.771657195438343,-1.0194063554435373
vwl_overdrive,vwl_boost,0.9431622094251304,0.8145334489350399,-1.0172090289199875
vwl_overdrive,vwl_boost,0.9431622094251304,0.8574097024317368,-1.0163556742491258
vwl_overdrive,vwl_boost,0.9431622094251304,0.9002859559284336,-1.0170122575276679
vwl_overdrive,vwl_boost,0.9431622094251304,0.9431622094251304,-1.0189609603405645
vwl_overdrive,vwl_boost,0.9431622094251304,0.9860384629218273,-1.0219550079387731
vwl_overdrive,vwl_boost,0.9431622094251304,1.0289147164185242,-1.0264068228481127
vwl_overdrive,vwl_boost,0.9431622094251304,1.071790969915221,-1.031453716794924
vwl_overdrive,vwl_boost,0.9431622094251304,1.114667223411918,-1.0368554774197136
vwl_overdrive,vwl_boost,0.9431622094251304,1.1575434769086148,-1.0424597894664918
vwl_overdrive,vwl_boost,0.9860384629218273,0.3428946604713744,-1.2912190719706618
vwl_overdrive,vwl_boost,0.9860384629218273,0.3857709139680713,-1.2220227742372345
vwl_overdrive,vwl_boost,0.9860384629218273,0.4286471674647681,-1.157994641960071
vwl_overdrive,vwl_boost,0.9860384629218273,0.471523420961465,-1.1143944943179471
vwl_overdrive,vwl_boost,0.9860384629218273,0.5143996744581618,-1.0810758846870778
vwl_overdrive,vwl_boost,0.9860384629218273,0.5572759279548587,-1.0551915402272747
vwl_overdrive,vwl_boost,0.9860384629218273,0.6001521814515556,-1.0371421559683496
vwl_overdrive,vwl_boost,0.9860384629218273,0.6430284349482525,-1.0238083954303956
vwl_overdrive,vwl_boost,0.9860384629218273,0.6859046884449493,-1.0154002601993548
vwl_overdrive,vwl_boost,0.9860384629218273,0.7287809419416462,-1.01001732672966
vwl_overdrive,vwl_boost,0.9860384629218273,0.771657195438343,-1.0073612093499587
vwl_overdrive,vwl_boost,0.9860384629218273,0.8145334489350399,-1.00671097680351
vwl_overdrive,vwl_boost,0.9860384629218273,0.8574097024317368,-1.0069661292485053
vwl_overdrive,vwl_boost,0.9860384629218273,0.9002859559284336,-1.009197639003842
vwl_overdrive,vwl_boost,0.9860384629218273,0.9431622094251304,-1.0123888380252872
vwl_overdrive,vwl_boost,0.9860384629218273,0.9860384629218273,-1.0168499272676073
vwl_overdrive,vwl_boost,0.9860384629218273,1.0289147164185242,-1.0217224036657468
vwl_overdrive,vwl_boost,0.9860384629218273,1.071790969915221,-1.027119253359759
vwl_overdrive,vwl_boost,0.9860384629218273,1.114667223411918,-1.0325734868304088
vwl_overdrive,vwl_boost,0.9860384629218273,1.1575434769086148,-1.038338178791965
vwl_overdrive,vwl_boost,1.0289147164185242,0.3428946604713744,-1.2143724708040367
vwl_overdrive,vwl_boost,1.0289147164185242,0.3857709139680713,-1.1497790371493817
vwl_overdrive,vwl_boost,1.0289147164185242,0.4286471674647681,-1.1064402319667959
vwl_overdrive,vwl_boost,1.0289147164185242,0.471523420961465,-1.0735048644554086
vwl_overdrive,vwl_boost,1.0289147164185242,0.5143996744581618,-1.0475533373994979
vwl_overdrive,vwl_boost,1.0289147164185242,0.5572759279548587,-1.0292053377548138
vwl_overdrive,vwl_boost,1.0289147164185242,0.6001521814515556,-1.0159653663047725
vwl_overdrive,vwl_boost,1.0289147164185242,0.6430284349482525,-1.007601744620633
vwl_overdrive,vwl_boost,1.0289147164185242,0.6859046884449493,-1.0015085365211502
vwl_overdrive,vwl_boost,1.0289147164185242,0.7287809419416462,-0.9985141171690208
vwl_overdrive,vwl_boost,1.0289147164185242,0.771657195438343,-0.9975751477122352
vwl_overdrive,vwl_boost,1.0289147164185242,0.8145334489350399,-0.9976136289999781
vwl_overdrive,vwl_boost,1.0289147164185242,0.8574097024317368,-0.9992009921683697
vwl_overdrive,vwl_boost,1.0289147164185242,0.9002859559284336,-1.00271784421707
vwl_overdrive,vwl_boost,1.0289147164185242,0.9431622094251304,-1.0074917272017896
vwl_overdrive,vwl_boost,1.0289147164185242,0.9860384629218273,-1.0122645169326034
vwl_overdrive,vwl_boost,1.0289147164185242,1.0289147164185242,-1.0176070724086659
vwl_overdrive,vwl_boost,1.0289147164185242,1.071790969915221,-1.0230193266900047
vwl_overdrive,vwl_boost,1.0289147164185242,1.114667223411918,-1.0284690393348952
vwl_overdrive,vwl_boost,1.0289147164185242,1.1575434769086148,-1.0341840193467071
vwl_overdrive,vwl_boost,1.071790969915221,0.3428946604713744,-1.1415888810047945
vwl_overdrive,vwl_boost,1.071790969915221,0.3857709139680713,-1.0981740477956614
vwl_overdrive,vwl_boost,1.071790969915221,0.4286471674647681,-1.065871498478042
vwl_overdrive,vwl_boost,1.071790969915221,0.471523420961465,-1.0402389635359126
vwl_overdrive,vwl_boost,1.071790969915221,0.5143996744581618,-1.0214916907083678
vwl_overdrive,vwl_boost,1.071790969915221,0.5572759279548587,-1.0081261549274119
vwl_overdrive,vwl_boost,1.071790969915221,0.6001521814515556,-0.9998949777246353
vwl_overdrive,vwl_boost,1.071790969915221,0.6430284349482525,-0.9937392176519556
vwl_overdrive,vwl_boost,1.071790969915221,0.6859046884449493,-0.9904454679347063
vwl_overdrive,vwl_boost,1.071790969915221,0.7287809419416462,-0.9891606377208144
vwl_overdrive,vwl_boost,1.071790969915221,0.771657195438343,-0.9887746073934622
vwl_overdrive,vwl_boost,1.071790969915221,0.8145334489350399,-0.9901173471407364
vwl_overdrive,vwl_boost,1.071790969915221,0.8574097024317368,-0.993347052404964
vwl_overdrive,vwl_boost,1.071790969915221,0.9002859559284336,-0.9981654763497445
vwl_overdrive,vwl_boost,1.071790969915221,0.9431622094251304,-1.003299573510863
vwl_overdrive,vwl_boost,1.071790969915221,0.9860384629218273,-1.0083317598823829
vwl_overdrive,vwl_boost,1.071790969915221,1.0289147164185242,-1.013816868299677
vwl_overdrive,vwl_boost,1.071790969915221,1.071790969915221,-1.0190411185212667
vwl_overdrive,vwl_boost,1.071790969915221,1.114667223411918,-1.0246357977329175
vwl_overdrive,vwl_boost,1.071790969915221,1.1575434769086148,-1.0303842570787811
vwl_overdrive,vwl_boost,1.114667223411918,0.3428946604713744,-1.0900764838929407
vwl_overdrive,vwl_boost,1.114667223411918,0.3857709139680713,-1.0581477383422273
vwl_overdrive,vwl_boost,1.114667223411918,0.4286471674647681,-1.0324875941052303
vwl_overdrive,vwl_boost,1.114667223411918,0.471523420961465,-1.0136887302852704
vwl_overdrive,vwl_boost,1.114667223411918,0.5143996744581618,-1.000046275075748
vwl_overdrive,vwl_boost,1.114667223411918,0.5572759279548587,-0.992043115412643
vwl_overdrive,vwl_boost,1.114667223411918,0.6001521814515556,-0.9860978108903329
vwl_overdrive,vwl_boost,1.114667223411918,0.6430284349482525,-0.9830428231957089
vwl_overdrive,vwl_boost,1.114667223411918,0.6859046884449493,-0.9815540731830406
vwl_overdrive,vwl_boost,1.114667223411918,0.7287809419416462,-0.9809377598521272
vwl_overdrive,vwl_boost,1.114667223411918,0.771657195438343,-0.9819426183125755
vwl_overdrive,vwl_boost,1.114667223411918,0.8145334489350399,-0.9848837470086343
vwl_overdrive,vwl_boost,1.114667223411918,0.8574097024317368,-0.9892211022592091
vwl_overdrive,vwl_boost,1.114667223411918,0.9002859559284336,-0.994161711861974
vwl_overdrive,vwl_boost,1.114667223411918,0.9431622094251304,-0.9993755211852215
vwl_overdrive,vwl_boost,1.114667223411918,0.9860384629218273,-1.0046901139425526
vwl_overdrive,vwl_boost,1.114667223411918,1.0289147164185242,-1.0100869227331832
vwl_overdrive,vwl_boost,1.114667223411918,1.071790969915221,-1.0155482988799145
vwl_overdrive,vwl_boost,1.114667223411918,1.114667223411918,-1.021273699737879
vwl_overdrive,vwl_boost,1.114667223411918,1.1575434769086148,-1.027090742552955
vwl_overdrive,vwl_boost,1.1575434769086148,0.3428946604713744,-1.050661489073277
vwl_overdrive,vwl_boost,1.1575434769086148,0.3857709139680713,-1.0247061003191928
vwl_overdrive,vwl_boost,1.1575434769086148,0.4286471674647681,-1.0057437866447074
vwl_overdrive,vwl_boost,1.1575434769086148,0.471523420961465,-0.9919278841653938
vwl_overdrive,vwl_boost,1.1575434769086148,0.5143996744581618,-0.9836820309096724
vwl_overdrive,vwl_boost,1.1575434769086148,0.5572759279548587,-0.9784254386335299
vwl_overdrive,vwl_boost,1.1575434769086148,0.6001521814515556,-0.975467726691878
vwl_overdrive,vwl_boost,1.1575434769086148,0.6430284349482525,-0.9739896397811711
vwl_overdrive,vwl_boost,1.1575434769086148,0.6859046884449493,-0.9731867126362607
vwl_overdrive,vwl_boost,1.1575434769086148,0.7287809419416462,-0.973844736823212
vwl_overdrive,vwl_boost,1.1575434769086148,0.771657195438343,-0.9763912686879562
vwl_overdrive,vwl_boost,1.1575434769086148,0.8145334489350399,-0.980640413020387
vwl_overdrive,vwl_boost,1.1575434769086148,0.8574097024317368,-0.9854089514174756
vwl_overdrive,vwl_boost,1.1575434769086148,0.9002859559284336,-0.9908182065343277
vwl_overdrive,vwl_boost,1.1575434769086148,0.9431622094251304,-0.995938853402794
vwl_overdrive,vwl_boost,1.1575434769086148,0.9860384629218273,-1.0012804008038816
vwl_overdrive,vwl_boost,1.1575434769086148,1.0289147164185242,-1.0067251181129622
vwl_overdrive,vwl_boost,1.1575434769086148,1.071790969915221,-1.0118722997270164
vwl_overdrive,vwl_boost,1.1575434769086148,1.114667223411918,-1.0173773016038359
vwl_overdrive,vwl_boost,1.1575434769086148,1.1575434769086148,-1.0234509796553621
vwl_overdrive,vdd,0.34289466047137435,0.7245794129254838,-5.7810968546192845
vwl_overdrive,vdd,0.34289466047137435,0.753376280997685,-5.406055527020179
vwl_overdrive,vdd,0.34289466047137435,0.7821731490698864,-5.083109108709143
vwl_overdrive,vdd,0.34289466047137435,0.8109700171420877,-4.781841298492824
vwl_overdrive,vdd,0.34289466047137435,0.839766885214289,-4.484173129947328
vwl_overdrive,vdd,0.34289466047137435,0.8685637532864904,-4.145642697792668
vwl_overdrive,vdd,0.34289466047137435,0.8973606213586917,-3.7955629478796777
vwl_overdrive,vdd,0.34289466047137435,0.926157489430893,-3.485221466535362
vwl_overdrive,vdd,0.34289466047137435,0.9549543575030943,-3.2566956846038897
vwl_overdrive,vdd,0.34289466047137435,0.9837512255752956,-3.042987085574077
vwl_overdrive,vdd,0.34289466047137435,1.012548093647497,-2.8285233109501067
vwl_overdrive,vdd,0.34289466047137435,1.0413449617196981,-2.627938820988934
vwl_overdrive,vdd,0.34289466047137435,1.0701418297918996,-2.459081837453555
vwl_overdrive,vdd,0.34289466047137435,1.098938697864101,-2.3211680331553155
vwl_overdrive,vdd,0.34289466047137435,1.1277355659363022,-2.1820441355528835
vwl_overdrive,vdd,0.34289466047137435,1.1565324340085035,-2.045058824902519
vwl_overdrive,vdd,0.34289466047137435,1.1853293020807047,-1.9074978772963926
vwl_overdrive,vdd,0.34289466047137435,1.2141261701529062,-1.775659963592959
vwl_overdrive,vdd,0.34289466047137435,1.2429230382251075,-1.6462137827369685
vwl_overdrive,vdd,0.34289466047137435,1.2717199062973088,-1.515196864873719
vwl_overdrive,vdd,0.3857709139680712,0.7245794129254838,-5.329436589146654
vwl_overdrive,vdd,0.3857709139680712,0.753376280997685,-5.035462356969742
vwl_overdrive,vdd,0.3857709139680712,0.7821731490698864,-4.717976602951007
vwl_overdrive,vdd,0.3857709139680712,0.8109700171420877,-4.367947487313389
vwl_overdrive,vdd,0.3857709139680712,0.839766885214289,-4.006631604948908
vwl_overdrive,vdd,0.3857709139680712,0.8685637532864904,-3.656894782634622
vwl_overdrive,vdd,0.3857709139680712,0.8973606213586917,-3.3719639038678686
vwl_overdrive,vdd,0.3857709139680712,0.926157489430893,-3.148823927631307
vwl_overdrive,vdd,0.3857709139680712,0.9549543575030943,-2.92452255558699
vwl_overdrive,vdd,0.3857709139680712,0.9837512255752956,-2.7012262054407246
vwl_overdrive,vdd,0.3857709139680712,1.012548093647497,-2.5127172296086338
vwl_overdrive,vdd,0.3857709139680712,1.0413449617196981,-2.3640463451470057
vwl_overdrive,vdd,0.3857709139680712,1.0701418297918996,-2.2356569645814384
vwl_overdrive,vdd,0.3857709139680712,1.098938697864101,-2.1018385404040214
vwl_overdrive,vdd,0.3857709139680712,1.1277355659363022,-1.9571035685022034
vwl_overdrive,vdd,0.3857709139680712,1.1565324340085035,-1.8082224341311763
vwl_overdrive,vdd,0.3857709139680712,1.1853293020807047,-1.6732088864944659
vwl_overdrive,vdd,0.3857709139680712,1.2141261701529062,-1.5450104349593605
vwl_overdrive,vdd,0.3857709139680712,1.2429230382251075,-1.427037535525614
vwl_overdrive,vdd,0.3857709139680712,1.2717199062973088,-1.3239391340145812
vwl_overdrive,vdd,0.42864716746476805,0.7245794129254838,-4.976797915305491
vwl_overdrive,vdd,0.42864716746476805,0.753376280997685,-4.654394004657764
vwl_overdrive,vdd,0.42864716746476805,0.7821731490698864,-4.281906223325508
vwl_overdrive,vdd,0.42864716746476805,0.8109700171420877,-3.914478331034531
vwl_overdrive,vdd,0.42864716746476805,0.839766885214289,-3.559399778179779
vwl_overdrive,vdd,0.42864716746476805,0.8685637532864904,-3.285109559628403
vwl_overdrive,vdd,0.42864716746476805,0.8973606213586917,-3.048893500814607
vwl_overdrive,vdd,0.42864716746476805,0.926157489430893,-2.8102393781650044
vwl_overdrive,vdd,0.42864716746476805,0.9549543575030943,-2.5970930811981665
vwl_overdrive,vdd,0.42864716746476805,0.9837512255752956,-2.414814159826292
vwl_overdrive,vdd,0.42864716746476805,1.012548093647497,-2.2788062008968297
vwl_overdrive,vdd,0.42864716746476805,1.0413449617196981,-2.1490800995229833
vwl_overdrive,vdd,0.42864716746476805,1.0701418297918996,-2.0161157201525257
vwl_overdrive,vdd,0.42864716746476805,1.098938697864101,-1.866821549115432
vwl_overdrive,vdd,0.42864716746476805,1.1277355659363022,-1.7074612794727373
vwl_overdrive,vdd,0.42864716746476805,1.1565324340085035,-1.5748580259997553
vwl_overdrive,vdd,0.42864716746476805,1.1853293020807047,-1.45527305947305
vwl_overdrive,vdd,0.42864716746476805,1.2141261701529062,-1.34721630930127
vwl_overdrive,vdd,0.42864716746476805,1.2429230382251075,-1.2519298303905946
vwl_overdrive,vdd,0.42864716746476805,1.2717199062973088,-1.187999118786397
vwl_overdrive,vdd,0.47152342096146493,0.7245794129254838,-4.576657621830579
vwl_overdrive,vdd,0.47152342096146493,0.753376280997685,-4.243012778215896
vwl_overdrive,vdd,0.47152342096146493,0.7821731490698864,-3.8843849094349694
vwl_overdrive,vdd,0.47152342096146493,0.8109700171420877,-3.508834798658366
vwl_overdrive,vdd,0.47152342096146493,0.839766885214289,-3.213799159190056
vwl_overdrive,vdd,0.47152342096146493,0.8685637532864904,-2.9744753153505776
vwl_overdrive,vdd,0.47152342096146493,0.8973606213586917,-2.7222125938250845
vwl_overdrive,vdd,0.47152342096146493,0.926157489430893,-2.5160985500902
vwl_overdrive,vdd,0.47152342096146493,0.9549543575030943,-2.335573504560901
vwl_overdrive,vdd,0.47152342096146493,0.9837512255752956,-2.1953409459099054
vwl_overdrive,vdd,0.47152342096146493,1.012548093647497,-2.0639236461240094
vwl_overdrive,vdd,0.47152342096146493,1.0413449617196981,-1.9254038622840042
vwl_overdrive,vdd,0.47152342096146493,1.0701418297918996,-1.7635351548717524
vwl_overdrive,vdd,0.47152342096146493,1.098938697864101,-1.6170041484440736
vwl_overdrive,vdd,0.47152342096146493,1.1277355659363022,-1.4859408063815214
vwl_overdrive,vdd,0.47152342096146493,1.1565324340085035,-1.3786269620725948
vwl_overdrive,vdd,0.47152342096146493,1.1853293020807047,-1.2753919063035573
vwl_overdrive,vdd,0.47152342096146493,1.2141261701529062,-1.1898050404011875
vwl_overdrive,vdd,0.47152342096146493,1.2429230382251075,-1.136515443850625
vwl_overdrive,vdd,0.47152342096146493,1.2717199062973088,-1.0870128229889726
vwl_overdrive,vdd,0.5143996744581618,0.7245794129254838,-4.2217922551081255
vwl_overdrive,vdd,0.5143996744581618,0.753376280997685,-3.883803069671628
vwl_overdrive,vdd,0.5143996744581618,0.7821731490698864,-3.526163128131969
vwl_overdrive,vdd,0.5143996744581618,0.8109700171420877,-3.1878819224222363
vwl_overdrive,vdd,0.5143996744581618,0.839766885214289,-2.91936599000591
vwl_overdrive,vdd,0.5143996744581618,0.8685637532864904,-2.668814917796843
vwl_overdrive,vdd,0.5143996744581618,0.8973606213586917,-2.448534205521504
vwl_overdrive,vdd,0.5143996744581618,0.926157489430893,-2.2667159402470123
vwl_overdrive,vdd,0.5143996744581618,0.9549543575030943,-2.1203308160739955
vwl_overdrive,vdd,0.5143996744581618,0.9837512255752956,-1.976894098018423
vwl_overdrive,vdd,0.5143996744581618,1.012548093647497,-1.8217440893844596
vwl_overdrive,vdd,0.5143996744581618,1.0413449617196981,-1.666920002546561
vwl_overdrive,vdd,0.5143996744581618,1.0701418297918996,-1.534586778029988
vwl_overdrive,vdd,0.5143996744581618,1.098938697864101,-1.4171180397158538
vwl_overdrive,vdd,0.5143996744581618,1.1277355659363022,-1.309847575649114
vwl_overdrive,vdd,0.5143996744581618,1.1565324340085035,-1.2095992130788789
vwl_overdrive,vdd,0.5143996744581618,1.1853293020807047,-1.1390926312658816
vwl_overdrive,vdd,0.5143996744581618,1.2141261701529062,-1.0831187450234308
vwl_overdrive,vdd,0.5143996744581618,1.2429230382251075,-1.0279550054912026
vwl_overdrive,vdd,0.5143996744581618,1.2717199062973088,-0.9793921963188869
vwl_overdrive,vdd,0.5572759279548587,0.7245794129254838,-3.9076497098009764
vwl_overdrive,vdd,0.5572759279548587,0.753376280997685,-3.584412058063082
vwl_overdrive,vdd,0.5572759279548587,0.7821731490698864,-3.2246247245673536
vwl_overdrive,vdd,0.5572759279548587,0.8109700171420877,-2.896589600290092
vwl_overdrive,vdd,0.5572759279548587,0.839766885214289,-2.639840754743217
vwl_overdrive,vdd,0.5572759279548587,0.8685637532864904,-2.4098126590001847
vwl_overdrive,vdd,0.5572759279548587,0.8973606213586917,-2.2214245540202575
vwl_overdrive,vdd,0.5572759279548587,0.926157489430893,-2.0508744372656555
vwl_overdrive,vdd,0.5572759279548587,0.9549543575030943,-1.8872687069553118
vwl_overdrive,vdd,0.5572759279548587,0.9837512255752956,-1.722996729614328
vwl_overdrive,vdd,0.5572759279548587,1.012548093647497,-1.5799743205742913
vwl_overdrive,vdd,0.5572759279548587,1.0413449617196981,-1.4601736672087808
vwl_overdrive,vdd,0.5572759279548587,1.0701418297918996,-1.3619768374702796
vwl_overdrive,vdd,0.5572759279548587,1.098938697864101,-1.2522955723680393
vwl_overdrive,vdd,0.5572759279548587,1.1277355659363022,-1.1583906128736787
vwl_overdrive,vdd,0.5572759279548587,1.1565324340085035,-1.0913002972137211
vwl_overdrive,vdd,0.5572759279548587,1.1853293020807047,-1.0288244448272046
vwl_overdrive,vdd,0.5572759279548587,1.2141261701529062,-0.9697524750075361
vwl_overdrive,vdd,0.5572759279548587,1.2429230382251075,-0.9286572746808865
vwl_overdrive,vdd,0.5572759279548587,1.2717199062973088,-0.8882747782371151
vwl_overdrive,vdd,0.6001521814515556,0.7245794129254838,-3.6540152015021357
vwl_overdrive,vdd,0.6001521814515556,0.753376280997685,-3.296497223583192
vwl_overdrive,vdd,0.6001521814515556,0.7821731490698864,-2.9408456446070437
vwl_overdrive,vdd,0.6001521814515556,0.8109700171420877,-2.6416272463799646
vwl_overdrive,vdd,0.6001521814515556,0.839766885214289,-2.400786921125017
vwl_overdrive,vdd,0.6001521814515556,0.8685637532864904,-2.1942889863474617
vwl_overdrive,vdd,0.6001521814515556,0.8973606213586917,-1.9960560572535677
vwl_overdrive,vdd,0.6001521814515556,0.926157489430893,-1.8086850597747894
vwl_overdrive,vdd,0.6001521814515556,0.9549543575030943,-1.6453949018741258
vwl_overdrive,vdd,0.6001521814515556,0.9837512255752956,-1.5090092782990998
vwl_overdrive,vdd,0.6001521814515556,1.012548093647497,-1.4079328607217358
vwl_overdrive,vdd,0.6001521814515556,1.0413449617196981,-1.3083138699297692
vwl_overdrive,vdd,0.6001521814515556,1.0701418297918996,-1.2044470246891408
vwl_overdrive,vdd,0.6001521814515556,1.098938697864101,-1.1177293731774047
vwl_overdrive,vdd,0.6001521814515556,1.1277355659363022,-1.0418493081126399
vwl_overdrive,vdd,0.6001521814515556,1.1565324340085035,-0.9733486919206149
vwl_overdrive,vdd,0.6001521814515556,1.1853293020807047,-0.9215874382731978
vwl_overdrive,vdd,0.6001521814515556,1.2141261701529062,-0.8781841950541515
vwl_overdrive,vdd,0.6001521814515556,1.2429230382251075,-0.8354723977766632
vwl_overdrive,vdd,0.6001521814515556,1.2717199062973088,-0.798123917421977
vwl_overdrive,vdd,0.6430284349482525,0.7245794129254838,-3.3862184741445382
vwl_overdrive,vdd,0.6430284349482525,0.753376280997685,-3.0388748692289265
vwl_overdrive,vdd,0.6430284349482525,0.7821731490698864,-2.702759472000809
vwl_overdrive,vdd,0.6430284349482525,0.8109700171420877,-2.4215488330543162
vwl_overdrive,vdd,0.6430284349482525,0.839766885214289,-2.184601483403832
vwl_overdrive,vdd,0.6430284349482525,0.8685637532864904,-1.95975462671862
vwl_overdrive,vdd,0.6430284349482525,0.8973606213586917,-1.7640161685737972
vwl_overdrive,vdd,0.6430284349482525,0.926157489430893,-1.5953078443400008
vwl_overdrive,vdd,0.6430284349482525,0.9549543575030943,-1.4651758944039581
vwl_overdrive,vdd,0.6430284349482525,0.9837512255752956,-1.3640951913209416
vwl_overdrive,vdd,0.6430284349482525,1.012548093647497,-1.2568067485883865
vwl_overdrive,vdd,0.6430284349482525,1.0413449617196981,-1.1637978955842376
vwl_overdrive,vdd,0.6430284349482525,1.0701418297918996,-1.082383220910167
vwl_overdrive,vdd,0.6430284349482525,1.098938697864101,-0.9980368413856492
vwl_overdrive,vdd,0.6430284349482525,1.1277355659363022,-0.9285505704325184
vwl_overdrive,vdd,0.6430284349482525,1.1565324340085035,-0.8759491778647286
vwl_overdrive,vdd,0.6430284349482525,1.1853293020807047,-0.8289255456347606
vwl_overdrive,vdd,0.6430284349482525,1.2141261701529062,-0.787941046508897
vwl_overdrive,vdd,0.6430284349482525,1.2429230382251075,-0.7617462470791925
vwl_overdrive,vdd,0.6430284349482525,1.2717199062973088,-0.7479676494553257
vwl_overdrive,vdd,0.6859046884449493,0.7245794129254838,-3.1620526289655637
vwl_overdrive,vdd,0.6859046884449493,0.753376280997685,-2.816503591796436
vwl_overdrive,vdd,0.6859046884449493,0.7821731490698864,-2.4937448665253537
vwl_overdrive,vdd,0.6859046884449493,0.8109700171420877,-2.2045230009074537
vwl_overdrive,vdd,0.6859046884449493,0.839766885214289,-1.9572916848860125
vwl_overdrive,vdd,0.6859046884449493,0.8685637532864904,-1.7685843308268456
vwl_overdrive,vdd,0.6859046884449493,0.8973606213586917,-1.5801162495666943
vwl_overdrive,vdd,0.6859046884449493,0.926157489430893,-1.444700587397671
vwl_overdrive,vdd,0.6859046884449493,0.9549543575030943,-1.3297056785891352
vwl_overdrive,vdd,0.6859046884449493,0.9837512255752956,-1.2102181066973319
vwl_overdrive,vdd,0.6859046884449493,1.012548093647497,-1.1246052507855069
vwl_overdrive,vdd,0.6859046884449493,1.0413449617196981,-1.0463532691566595
vwl_overdrive,vdd,0.6859046884449493,1.0701418297918996,-0.9615494402694351
vwl_overdrive,vdd,0.6859046884449493,1.098938697864101,-0.8956959880178837
vwl_overdrive,vdd,0.6859046884449493,1.1277355659363022,-0.8334687665107857
vwl_overdrive,vdd,0.6859046884449493,1.1565324340085035,-0.7860365769464255
vwl_overdrive,vdd,0.6859046884449493,1.1853293020807047,-0.7499930148122246
vwl_overdrive,vdd,0.6859046884449493,1.2141261701529062,-0.7283394198614834
vwl_overdrive,vdd,0.6859046884449493,1.2429230382251075,-0.710476106290322
vwl_overdrive,vdd,0.6859046884449493,1.2717199062973088,-0.7007614037908352
vwl_overdrive,vdd,0.7287809419416462,0.7245794129254838,-2.970597596253188
vwl_overdrive,vdd,0.7287809419416462,0.753376280997685,-2.6110081826876876
vwl_overdrive,vdd,0.7287809419416462,0.7821731490698864,-2.285930422699772
vwl_overdrive,vdd,0.7287809419416462,0.8109700171420877,-2.0195682434688926
vwl_overdrive,vdd,0.7287809419416462,0.839766885214289,-1.8020263214210683
vwl_overdrive,vdd,0.7287809419416462,0.8685637532864904,-1.606628463057773
vwl_overdrive,vdd,0.7287809419416462,0.8973606213586917,-1.4467208576585515
vwl_overdrive,vdd,0.7287809419416462,0.926157489430893,-1.3004763923199791
vwl_overdrive,vdd,0.7287809419416462,0.9549543575030943,-1.1787658499439044
vwl_overdrive,vdd,0.7287809419416462,0.9837512255752956,-1.0905484681708713
vwl_overdrive,vdd,0.7287809419416462,1.012548093647497,-1.0077096223917
vwl_overdrive,vdd,0.7287809419416462,1.0413449617196981,-0.9400868435075324
vwl_overdrive,vdd,0.7287809419416462,1.0701418297918996,-0.8672685643902749
vwl_overdrive,vdd,0.7287809419416462,1.098938697864101,-0.8012031659685025
vwl_overdrive,vdd,0.7287809419416462,1.1277355659363022,-0.754162958425651
vwl_overdrive,vdd,0.7287809419416462,1.1565324340085035,-0.7189341551139126
vwl_overdrive,vdd,0.7287809419416462,1.1853293020807047,-0.6921913269126847
vwl_overdrive,vdd,0.7287809419416462,1.2141261701529062,-0.6753175845282269
vwl_overdrive,vdd,0.7287809419416462,1.2429230382251075,-0.6714651025423303
vwl_overdrive,vdd,0.7287809419416462,1.2717199062973088,-0.6742298847412733
vwl_overdrive,vdd,0.7716571954383431,0.7245794129254838,-2.787636907638225
vwl_overdrive,vdd,0.7716571954383431,0.753376280997685,-2.4226274890215245
vwl_overdrive,vdd,0.7716571954383431,0.7821731490698864,-2.1425395180492437
vwl_overdrive,vdd,0.7716571954383431,0.8109700171420877,-1.8795034992143131
vwl_overdrive,vdd,0.7716571954383431,0.839766885214289,-1.6639759932486875
vwl_overdrive,vdd,0.7716571954383431,0.8685637532864904,-1.4783743577985053
vwl_overdrive,vdd,0.7716571954383431,0.8973606213586917,-1.2974413240690155
vwl_overdrive,vdd,0.7716571954383431,0.926157489430893,-1.1633054649855152
vwl_overdrive,vdd,0.7716571954383431,0.9549543575030943,-1.0666008160219427
vwl_overdrive,vdd,0.7716571954383431,0.9837512255752956,-0.9863045803418622
vwl_overdrive,vdd,0.7716571954383431,1.012548093647497,-0.9135460145209293
vwl_overdrive,vdd,0.7716571954383431,1.0413449617196981,-0.8463629642133331
vwl_overdrive,vdd,0.7716571954383431,1.0701418297918996,-0.7818044665588659
vwl_overdrive,vdd,0.7716571954383431,1.098938697864101,-0.7315636758132278
vwl_overdrive,vdd,0.7716571954383431,1.1277355659363022,-0.690018601035745
vwl_overdrive,vdd,0.7716571954383431,1.1565324340085035,-0.6587243142189645
vwl_overdrive,vdd,0.7716571954383431,1.1853293020807047,-0.6472891928483641
vwl_overdrive,vdd,0.7716571954383431,1.2141261701529062,-0.646345747609213
vwl_overdrive,vdd,0.7716571954383431,1.2429230382251075,-0.6490034675972934
vwl_overdrive,vdd,0.7716571954383431,1.2717199062973088,-0.6530822821822466
vwl_overdrive,vdd,0.8145334489350399,0.7245794129254838,-2.629109468764707
vwl_overdrive,vdd,0.8145334489350399,0.753376280997685,-2.303897276312438
vwl_overdrive,vdd,0.8145334489350399,0.7821731490698864,-2.017509865866509
vwl_overdrive,vdd,0.8145334489350399,0.8109700171420877,-1.7547502228891267
vwl_overdrive,vdd,0.8145334489350399,0.839766885214289,-1.5289636454004734
vwl_overdrive,vdd,0.8145334489350399,0.8685637532864904,-1.3331720377577587
vwl_overdrive,vdd,0.8145334489350399,0.8973606213586917,-1.1781543597873048
vwl_overdrive,vdd,0.8145334489350399,0.926157489430893,-1.0644710535355209
vwl_overdrive,vdd,0.8145334489350399,0.9549543575030943,-0.9727543303655354
vwl_overdrive,vdd,0.8145334489350399,0.9837512255752956,-0.8935577968121543
vwl_overdrive,vdd,0.8145334489350399,1.012548093647497,-0.8298567360185475
vwl_overdrive,vdd,0.8145334489350399,1.0413449617196981,-0.7718448377721191
vwl_overdrive,vdd,0.8145334489350399,1.0701418297918996,-0.7178726026252698
vwl_overdrive,vdd,0.8145334489350399,1.098938697864101,-0.6680392949743926
vwl_overdrive,vdd,0.8145334489350399,1.1277355659363022,-0.6373156053191257
vwl_overdrive,vdd,0.8145334489350399,1.1565324340085035,-0.6258641520039807
vwl_overdrive,vdd,0.8145334489350399,1.1853293020807047,-0.6236839598766988
vwl_overdrive,vdd,0.8145334489350399,1.2141261701529062,-0.6250749468424545
vwl_overdrive,vdd,0.8145334489350399,1.2429230382251075,-0.6288799311590836
vwl_overdrive,vdd,0.8145334489350399,1.2717199062973088,-0.6335554161458076
vwl_overdrive,vdd,0.8574097024317366,0.7245794129254838,-2.5268475234434944
vwl_overdrive,vdd,0.8574097024317366,0.753376280997685,-2.194747610808622
vwl_overdrive,vdd,0.8574097024317366,0.7821731490698864,-1.9023099633832496
vwl_overdrive,vdd,0.8574097024317366,0.8109700171420877,-1.6237503633464323
vwl_overdrive,vdd,0.8574097024317366,0.839766885214289,-1.4023037224393824
vwl_overdrive,vdd,0.8574097024317366,0.8685637532864904,-1.2334708488442345
vwl_overdrive,vdd,0.8574097024317366,0.8973606213586917,-1.088175341303163
vwl_overdrive,vdd,0.8574097024317366,0.926157489430893,-0.9727551885346215
vwl_overdrive,vdd,0.8574097024317366,0.9549543575030943,-0.8903351795303468
vwl_overdrive,vdd,0.8574097024317366,0.9837512255752956,-0.8220676388126135
vwl_overdrive,vdd,0.8574097024317366,1.012548093647497,-0.7633012830822281
vwl_overdrive,vdd,0.8574097024317366,1.0413449617196981,-0.7101288601699999
vwl_overdrive,vdd,0.8574097024317366,1.0701418297918996,-0.6624911397800594
vwl_overdrive,vdd,0.8574097024317366,1.098938697864101,-0.6276318481146603
vwl_overdrive,vdd,0.8574097024317366,1.1277355659363022,-0.6110697343731368
vwl_overdrive,vdd,0.8574097024317366,1.1565324340085035,-0.603711742321207
vwl_overdrive,vdd,0.8574097024317366,1.1853293020807047,-0.6015040291424063
vwl_overdrive,vdd,0.8574097024317366,1.2141261701529062,-0.6057716642586009
vwl_overdrive,vdd,0.8574097024317366,1.2429230382251075,-0.6122587661241845
vwl_overdrive,vdd,0.8574097024317366,1.2717199062973088,-0.6193478643825361
vwl_overdrive,vdd,0.9002859559284335,0.7245794129254838,-2.4384893404019468
vwl_overdrive,vdd,0.9002859559284335,0.753376280997685,-2.0925494536975844
vwl_overdrive,vdd,0.9002859559284335,0.7821731490698864,-1.7846319360618879
vwl_overdrive,vdd,0.9002859559284335,0.8109700171420877,-1.516786678672208
vwl_overdrive,vdd,0.9002859559284335,0.839766885214289,-1.318672203800526
vwl_overdrive,vdd,0.9002859559284335,0.8685637532864904,-1.148193735200388
vwl_overdrive,vdd,0.9002859559284335,0.8973606213586917,-1.0062883428006735
vwl_overdrive,vdd,0.9002859559284335,0.926157489430893,-0.9024928792087242
vwl_overdrive,vdd,0.9002859559284335,0.9549543575030943,-0.8241970173323779
vwl_overdrive,vdd,0.9002859559284335,0.9837512255752956,-0.7554552127963825
vwl_overdrive,vdd,0.9002859559284335,1.012548093647497,-0.7096718079274655
vwl_overdrive,vdd,0.9002859559284335,1.0413449617196981,-0.6686454674082198
vwl_overdrive,vdd,0.9002859559284335,1.0701418297918996,-0.6288908273555812
vwl_overdrive,vdd,0.9002859559284335,1.098938697864101,-0.6015696754101519
vwl_overdrive,vdd,0.9002859559284335,1.1277355659363022,-0.5858287379493041
vwl_overdrive,vdd,0.9002859559284335,1.1565324340085035,-0.5814125737479097
vwl_overdrive,vdd,0.9002859559284335,1.1853293020807047,-0.5852677330229475
vwl_overdrive,vdd,0.9002859559284335,1.2141261701529062,-0.5928703829093612
vwl_overdrive,vdd,0.9002859559284335,1.2429230382251075,-0.6004867500966395
vwl_overdrive,vdd,0.9002859559284335,1.2717199062973088,-0.6085212635095316
vwl_overdrive,vdd,0.9431622094251304,0.7245794129254838,-2.3540197505571925
vwl_overdrive,vdd,0.9431622094251304,0.753376280997685,-1.9930665068093725
vwl_overdrive,vdd,0.9431622094251304,0.7821731490698864,-1.6966430949691012
vwl_overdrive,vdd,0.9431622094251304,0.8109700171420877,-1.4396627689829384
vwl_overdrive,vdd,0.9431622094251304,0.839766885214289,-1.243456804199721
vwl_overdrive,vdd,0.9431622094251304,0.8685637532864904,-1.077370034161871
vwl_overdrive,vdd,0.9431622094251304,0.8973606213586917,-0.9416843392486174
vwl_overdrive,vdd,0.9431622094251304,0.926157489430893,-0.8398680184132633
vwl_overdrive,vdd,0.9431622094251304,0.9549543575030943,-0.7673912241702132
vwl_overdrive,vdd,0.9431622094251304,0.9837512255752956,-0.7119200105391318
vwl_overdrive,vdd,0.9431622094251304,1.012548093647497,-0.6770617724039657
vwl_overdrive,vdd,0.9431622094251304,1.0413449617196981,-0.6414028803020506
vwl_overdrive,vdd,0.9431622094251304,1.0701418297918996,-0.6008899154469448
vwl_overdrive,vdd,0.9431622094251304,1.098938697864101,-0.5746181649895082
vwl_overdrive,vdd,0.9431622094251304,1.1277355659363022,-0.5669431033650129
vwl_overdrive,vdd,0.9431622094251304,1.1565324340085035,-0.5681984828516911
vwl_overdrive,vdd,0.9431622094251304,1.1853293020807047,-0.5745386172870065
vwl_overdrive,vdd,0.9431622094251304,1.2141261701529062,-0.5827766654762561
vwl_overdrive,vdd,0.9431622094251304,1.2429230382251075,-0.5914922680477165
vwl_overdrive,vdd,0.9431622094251304,1.2717199062973088,-0.6013858931407021
vwl_overdrive,vdd,0.9860384629218273,0.7245794129254838,-2.26878938060838
vwl_overdrive,vdd,0.9860384629218273,0.753376280997685,-1.9175865645502024
vwl_overdrive,vdd,0.9860384629218273,0.7821731490698864,-1.6263781410113685
vwl_overdrive,vdd,0.9860384629218273,0.8109700171420877,-1.3798345794034697
vwl_overdrive,vdd,0.9860384629218273,0.839766885214289,-1.1820748350812376
vwl_overdrive,vdd,0.9860384629218273,0.8685637532864904,-1.0150738589436599
vwl_overdrive,vdd,0.9860384629218273,0.8973606213586917,-0.8879444916627438
vwl_overdrive,vdd,0.9860384629218273,0.926157489430893,-0.7966435292638341
vwl_overdrive,vdd,0.9860384629218273,0.9549543575030943,-0.7304435933354274
vwl_overdrive,vdd,0.9860384629218273,0.9837512255752956,-0.6836741120436481
vwl_overdrive,vdd,0.9860384629218273,1.012548093647497,-0.6522995305583774
vwl_overdrive,vdd,0.9860384629218273,1.0413449617196981,-0.6121830499289519
vwl_overdrive,vdd,0.9860384629218273,1.0701418297918996,-0.5759113740113502
vwl_overdrive,vdd,0.9860384629218273,1.098938697864101,-0.5590750906888922
vwl_overdrive,vdd,0.9860384629218273,1.1277355659363022,-0.555653634788336
vwl_overdrive,vdd,0.9860384629218273,1.1565324340085035,-0.558744100122668
vwl_overdrive,vdd,0.9860384629218273,1.1853293020807047,-0.5665261637598036
vwl_overdrive,vdd,0.9860384629218273,1.2141261701529062,-0.5753648068549103
vwl_overdrive,vdd,0.9860384629218273,1.2429230382251075,-0.585246209329176
vwl_overdrive,vdd,0.9860384629218273,1.2717199062973088,-0.5963095935157766
vwl_overdrive,vdd,1.0289147164185242,0.7245794129254838,-2.204898463917127
vwl_overdrive,vdd,1.0289147164185242,0.753376280997685,-1.8619842100416297
vwl_overdrive,vdd,1.0289147164185242,0.7821731490698864,-1.5718658678043949
vwl_overdrive,vdd,1.0289147164185242,0.8109700171420877,-1.3239998169679446
vwl_overdrive,vdd,1.0289147164185242,0.839766885214289,-1.1261677095368152
vwl_overdrive,vdd,1.0289147164185242,0.8685637532864904,-0.9720581893982753
vwl_overdrive,vdd,1.0289147164185242,0.8973606213586917,-0.8563274393331178
vwl_overdrive,vdd,1.0289147164185242,0.926157489430893,-0.7650787114156298
vwl_overdrive,vdd,1.0289147164185242,0.9549543575030943,-0.7016102026816571
vwl_overdrive,vdd,1.0289147164185242,0.9837512255752956,-0.6590792248915398
vwl_overdrive,vdd,1.0289147164185242,1.012548093647497,-0.6251688656903234
vwl_overdrive,vdd,1.0289147164185242,1.0413449617196981,-0.5902502570757454
vwl_overdrive,vdd,1.0289147164185242,1.0701418297918996,-0.5613020543955997
vwl_overdrive,vdd,1.0289147164185242,1.098938697864101,-0.5486718271339613
vwl_overdrive,vdd,1.0289147164185242,1.1277355659363022,-0.5468911579154474
vwl_overdrive,vdd,1.0289147164185242,1.1565324340085035,-0.5519194586309165
vwl_overdrive,vdd,1.0289147164185242,1.1853293020807047,-0.5603556184595005
vwl_overdrive,vdd,1.0289147164185242,1.2141261701529062,-0.5698163665908722
vwl_overdrive,vdd,1.0289147164185242,1.2429230382251075,-0.58036211825564
vwl_overdrive,vdd,1.0289147164185242,1.2717199062973088,-0.5917643122830708
vwl_overdrive,vdd,1.071790969915221,0.7245794129254838,-2.1600695838077897
vwl_overdrive,vdd,1.071790969915221,0.753376280997685,-1.8163578074963456
vwl_overdrive,vdd,1.071790969915221,0.7821731490698864,-1.518710688465259
vwl_overdrive,vdd,1.071790969915221,0.8109700171420877,-1.2796110091236281
vwl_overdrive,vdd,1.071790969915221,0.839766885214289,-1.0914445274602815
vwl_overdrive,vdd,1.071790969915221,0.8685637532864904,-0.9467396808536848
vwl_overdrive,vdd,1.071790969915221,0.8973606213586917,-0.8284929194825604
vwl_overdrive,vdd,1.071790969915221,0.926157489430893,-0.7357797457344832
vwl_overdrive,vdd,1.071790969915221,0.9549543575030943,-0.6761943190332123
vwl_overdrive,vdd,1.071790969915221,0.9837512255752956,-0.6368776626623847
vwl_overdrive,vdd,1.071790969915221,1.012548093647497,-0.607198233962701
vwl_overdrive,vdd,1.071790969915221,1.0413449617196981,-0.5758867410414749
vwl_overdrive,vdd,1.071790969915221,1.0701418297918996,-0.5511712999477045
vwl_overdrive,vdd,1.071790969915221,1.098938697864101,-0.5409236212958227
vwl_overdrive,vdd,1.071790969915221,1.1277355659363022,-0.5406488200688455
vwl_overdrive,vdd,1.071790969915221,1.1565324340085035,-0.5466741245712111
vwl_overdrive,vdd,1.071790969915221,1.1853293020807047,-0.5558016707852267
vwl_overdrive,vdd,1.071790969915221,1.2141261701529062,-0.5650014239380613
vwl_overdrive,vdd,1.071790969915221,1.2429230382251075,-0.5760762524283327
vwl_overdrive,vdd,1.071790969915221,1.2717199062973088,-0.5878543729010295
vwl_overdrive,vdd,1.114667223411918,0.7245794129254838,-2.1213852544237177
vwl_overdrive,vdd,1.114667223411918,0.753376280997685,-1.7676736060632001
vwl_overdrive,vdd,1.114667223411918,0.7821731490698864,-1.4801913512450313
vwl_overdrive,vdd,1.114667223411918,0.8109700171420877,-1.2538929468545714
vwl_overdrive,vdd,1.114667223411918,0.839766885214289,-1.0652521649219666
vwl_overdrive,vdd,1.114667223411918,0.8685637532864904,-0.9221654249774808
vwl_overdrive,vdd,1.114667223411918,0.8973606213586917,-0.8024130944234111
vwl_overdrive,vdd,1.114667223411918,0.926157489430893,-0.7102551753733573
vwl_overdrive,vdd,1.114667223411918,0.9549543575030943,-0.655927783906926
vwl_overdrive,vdd,1.114667223411918,0.9837512255752956,-0.6231601027245712
vwl_overdrive,vdd,1.114667223411918,1.012548093647497,-0.5950585102446946
vwl_overdrive,vdd,1.114667223411918,1.0413449617196981,-0.5648953844733093
vwl_overdrive,vdd,1.114667223411918,1.0701418297918996,-0.5426778625392886
vwl_overdrive,vdd,1.114667223411918,1.098938697864101,-0.5346440939104375
vwl_overdrive,vdd,1.114667223411918,1.1277355659363022,-0.5356300722709473
vwl_overdrive,vdd,1.114667223411918,1.1565324340085035,-0.5423594547134454
vwl_overdrive,vdd,1.114667223411918,1.1853293020807047,-0.5517893604689088
vwl_overdrive,vdd,1.114667223411918,1.2141261701529062,-0.5615278393306297
vwl_overdrive,vdd,1.114667223411918,1.2429230382251075,-0.5729008257219401
vwl_overdrive,vdd,1.114667223411918,1.2717199062973088,-0.5850632405301072
vwl_overdrive,vdd,1.1575434769086148,0.7245794129254838,-2.079619973277411
vwl_overdrive,vdd,1.1575434769086148,0.753376280997685,-1.7313005241503845
vwl_overdrive,vdd,1.1575434769086148,0.7821731490698864,-1.4571329221570968
vwl_overdrive,vdd,1.1575434769086148,0.8109700171420877,-1.2316713601259632
vwl_overdrive,vdd,1.1575434769086148,0.839766885214289,-1.0405788846748576
vwl_overdrive,vdd,1.1575434769086148,0.8685637532864904,-0.8990791212332077
vwl_overdrive,vdd,1.1575434769086148,0.8973606213586917,-0.7793322098151978
vwl_overdrive,vdd,1.1575434769086148,0.926157489430893,-0.690058639943321
vwl_overdrive,vdd,1.1575434769086148,0.9549543575030943,-0.6430290647708283
vwl_overdrive,vdd,1.1575434769086148,0.9837512255752956,-0.6143409680615225
vwl_overdrive,vdd,1.1575434769086148,1.012548093647497,-0.5841325970401955
vwl_overdrive,vdd,1.1575434769086148,1.0413449617196981,-0.5549067341225556
vwl_overdrive,vdd,1.1575434769086148,1.0701418297918996,-0.5357869862546728
vwl_overdrive,vdd,1.1575434769086148,1.098938697864101,-0.5295681813846549
vwl_overdrive,vdd,1.1575434769086148,1.1277355659363022,-0.5310948931720183
vwl_overdrive,vdd,1.1575434769086148,1.1565324340085035,-0.5386089022673672
vwl_overdrive,vdd,1.1575434769086148,1.1853293020807047,-0.5483709706203237
vwl_overdrive,vdd,1.1575434769086148,1.2141261701529062,-0.5587533490004855
vwl_overdrive,vdd,1.1575434769086148,1.2429230382251075,-0.5702823612589505
vwl_overdrive,vdd,1.1575434769086148,1.2717199062973088,-0.5830324350730987
vblpre_ratio,vwl_boost,0.36447726571380573,0.3428946604713744,-1.2709569804354761
vblpre_ratio,vwl_boost,0.36447726571380573,0.3857709139680713,-1.1449105593960816
vblpre_ratio,vwl_boost,0.36447726571380573,0.4286471674647681,-1.0215171959736338
vblpre_ratio,vwl_boost,0.36447726571380573,0.471523420961465,-0.9261625312084346
vblpre_ratio,vwl_boost,0.36447726571380573,0.5143996744581618,-0.841107295240955
vblpre_ratio,vwl_boost,0.36447726571380573,0.5572759279548587,-0.7741888169595301
vblpre_ratio,vwl_boost,0.36447726571380573,0.6001521814515556,-0.7257645774816416
vblpre_ratio,vwl_boost,0.36447726571380573,0.6430284349482525,-0.6874475884031486
vblpre_ratio,vwl_boost,0.36447726571380573,0.6859046884449493,-0.65922586171396
vblpre_ratio,vwl_boost,0.36447726571380573,0.7287809419416462,-0.6374704522791914
vblpre_ratio,vwl_boost,0.36447726571380573,0.771657195438343,-0.6203416387488153
vblpre_ratio,vwl_boost,0.36447726571380573,0.8145334489350399,-0.6080611119264999
vblpre_ratio,vwl_boost,0.36447726571380573,0.8574097024317368,-0.5992765004753805
vblpre_ratio,vwl_boost,0.36447726571380573,0.9002859559284336,-0.5933768324531902
vblpre_ratio,vwl_boost,0.36447726571380573,0.9431622094251304,-0.589390579530729
vblpre_ratio,vwl_boost,0.36447726571380573,0.9860384629218273,-0.5875088007851289
vblpre_ratio,vwl_boost,0.36447726571380573,1.0289147164185242,-0.5866804174339652
vblpre_ratio,vwl_boost,0.36447726571380573,1.071790969915221,-0.5864725610058437
vblpre_ratio,vwl_boost,0.36447726571380573,1.114667223411918,-0.586787003220993
vblpre_ratio,vwl_boost,0.36447726571380573,1.1575434769086148,-0.5878396225953031
vblpre_ratio,vwl_boost,0.37857889654100624,0.3428946604713744,-1.3834608929347854
vblpre_ratio,vwl_boost,0.37857889654100624,0.3857709139680713,-1.2414163289280769
vblpre_ratio,vwl_boost,0.37857889654100624,0.4286471674647681,-1.1174487699935443
vblpre_ratio,vwl_boost,0.37857889654100624,0.471523420961465,-1.0010119671689308
vblpre_ratio,vwl_boost,0.37857889654100624,0.5143996744581618,-0.9115341444598167
vblpre_ratio,vwl_boost,0.37857889654100624,0.5572759279548587,-0.8377973692912566
vblpre_ratio,vwl_boost,0.37857889654100624,0.6001521814515556,-0.7759311445785841
vblpre_ratio,vwl_boost,0.37857889654100624,0.6430284349482525,-0.7342671335495531
vblpre_ratio,vwl_boost,0.37857889654100624,0.6859046884449493,-0.6992460965472864
vblpre_ratio,vwl_boost,0.37857889654100624,0.7287809419416462,-0.6754052488946499
vblpre_ratio,vwl_boost,0.37857889654100624,0.771657195438343,-0.6560652016731777
vblpre_ratio,vwl_boost,0.37857889654100624,0.8145334489350399,-0.6421746535502432
vblpre_ratio,vwl_boost,0.37857889654100624,0.8574097024317368,-0.6320062718062518
vblpre_ratio,vwl_boost,0.37857889654100624,0.9002859559284336,-0.6250971084125837
vblpre_ratio,vwl_boost,0.37857889654100624,0.9431622094251304,-0.6194611706195756
vblpre_ratio,vwl_boost,0.37857889654100624,0.9860384629218273,-0.6161463327522495
vblpre_ratio,vwl_boost,0.37857889654100624,1.0289147164185242,-0.6144190293484015
vblpre_ratio,vwl_boost,0.37857889654100624,1.071790969915221,-0.6138087432889938
vblpre_ratio,vwl_boost,0.37857889654100624,1.114667223411918,-0.6143635382939943
vblpre_ratio,vwl_boost,0.37857889654100624,1.1575434769086148,-0.615364587401353
vblpre_ratio,vwl_boost,0.39268052736820674,0.3428946604713744,-1.5369993471053567
vblpre_ratio,vwl_boost,0.39268052736820674,0.3857709139680713,-1.3393176168170369
vblpre_ratio,vwl_boost,0.39268052736820674,0.4286471674647681,-1.2120531208410414
vblpre_ratio,vwl_boost,0.39268052736820674,0.471523420961465,-1.0908692727014615
vblpre_ratio,vwl_boost,0.39268052736820674,0.5143996744581618,-0.9859434488699786
vblpre_ratio,vwl_boost,0.39268052736820674,0.5572759279548587,-0.905425532573607
vblpre_ratio,vwl_boost,0.39268052736820674,0.6001521814515556,-0.837261103818976
vblpre_ratio,vwl_boost,0.39268052736820674,0.6430284349482525,-0.7846579317233418
vblpre_ratio,vwl_boost,0.39268052736820674,0.6859046884449493,-0.7452109220417357
vblpre_ratio,vwl_boost,0.39268052736820674,0.7287809419416462,-0.7155858939434465
vblpre_ratio,vwl_boost,0.39268052736820674,0.771657195438343,-0.6927635371619169
vblpre_ratio,vwl_boost,0.39268052736820674,0.8145334489350399,-0.677687812195841
vblpre_ratio,vwl_boost,0.39268052736820674,0.8574097024317368,-0.6664837459067959
vblpre_ratio,vwl_boost,0.39268052736820674,0.9002859559284336,-0.6587427185894671
vblpre_ratio,vwl_boost,0.39268052736820674,0.9431622094251304,-0.6526212399304453
vblpre_ratio,vwl_boost,0.39268052736820674,0.9860384629218273,-0.6482376920564397
vblpre_ratio,vwl_boost,0.39268052736820674,1.0289147164185242,-0.6452561465258103
vblpre_ratio,vwl_boost,0.39268052736820674,1.071790969915221,-0.6437778260920274
vblpre_ratio,vwl_boost,0.39268052736820674,1.114667223411918,-0.6440142289830865
vblpre_ratio,vwl_boost,0.39268052736820674,1.1575434769086148,-0.6451715491467794
vblpre_ratio,vwl_boost,0.40678215819540725,0.3428946604713744,-1.6893287752515433
vblpre_ratio,vwl_boost,0.40678215819540725,0.3857709139680713,-1.4717242991208441
vblpre_ratio,vwl_boost,0.40678215819540725,0.4286471674647681,-1.3106239496562218
vblpre_ratio,vwl_boost,0.40678215819540725,0.471523420961465,-1.1889967900957672
vblpre_ratio,vwl_boost,0.40678215819540725,0.5143996744581618,-1.0696200776077747
vblpre_ratio,vwl_boost,0.40678215819540725,0.5572759279548587,-0.974124664658292
vblpre_ratio,vwl_boost,0.40678215819540725,0.6001521814515556,-0.9032468966114107
vblpre_ratio,vwl_boost,0.40678215819540725,0.6430284349482525,-0.840736942725141
vblpre_ratio,vwl_boost,0.40678215819540725,0.6859046884449493,-0.795457926498107
vblpre_ratio,vwl_boost,0.40678215819540725,0.7287809419416462,-0.7582879907186431
vblpre_ratio,vwl_boost,0.40678215819540725,0.771657195438343,-0.7322986634115185
vblpre_ratio,vwl_boost,0.40678215819540725,0.8145334489350399,-0.7139945675634501
vblpre_ratio,vwl_boost,0.40678215819540725,0.8574097024317368,-0.7022476747943903
vblpre_ratio,vwl_boost,0.40678215819540725,0.9002859559284336,-0.6938669863940261
vblpre_ratio,vwl_boost,0.40678215819540725,0.9431622094251304,-0.6876505034517701
vblpre_ratio,vwl_boost,0.40678215819540725,0.9860384629218273,-0.683483032105057
vblpre_ratio,vwl_boost,0.40678215819540725,1.0289147164185242,-0.6800091165847906
vblpre_ratio,vwl_boost,0.40678215819540725,1.071790969915221,-0.6779822349834442
vblpre_ratio,vwl_boost,0.40678215819540725,1.114667223411918,-0.6775601502389031
vblpre_ratio,vwl_boost,0.40678215819540725,1.1575434769086148,-0.6783163428017513
vblpre_ratio,vwl_boost,0.42088378902260776,0.3428946604713744,-1.833778846262309
vblpre_ratio,vwl_boost,0.42088378902260776,0.3857709139680713,-1.6374586839398417
vblpre_ratio,vwl_boost,0.42088378902260776,0.4286471674647681,-1.4187909498363915
vblpre_ratio,vwl_boost,0.42088378902260776,0.471523420961465,-1.2832992666754652
vblpre_ratio,vwl_boost,0.42088378902260776,0.5143996744581618,-1.167443563309583
vblpre_ratio,vwl_boost,0.42088378902260776,0.5572759279548587,-1.0551936754647564
vblpre_ratio,vwl_boost,0.42088378902260776,0.6001521814515556,-0.9689211353108734
vblpre_ratio,vwl_boost,0.42088378902260776,0.6430284349482525,-0.9035838850488414
vblpre_ratio,vwl_boost,0.42088378902260776,0.6859046884449493,-0.8478429884169963
vblpre_ratio,vwl_boost,0.42088378902260776,0.7287809419416462,-0.8057548483593667
vblpre_ratio,vwl_boost,0.42088378902260776,0.771657195438343,-0.7751494047544932
vblpre_ratio,vwl_boost,0.42088378902260776,0.8145334489350399,-0.7514768000419425
vblpre_ratio,vwl_boost,0.42088378902260776,0.8574097024317368,-0.7370144499968244
vblpre_ratio,vwl_boost,0.42088378902260776,0.9002859559284336,-0.7287622310111784
vblpre_ratio,vwl_boost,0.42088378902260776,0.9431622094251304,-0.7231021010797158
vblpre_ratio,vwl_boost,0.42088378902260776,0.9860384629218273,-0.7187169059400986
vblpre_ratio,vwl_boost,0.42088378902260776,1.0289147164185242,-0.7155070979252935
vblpre_ratio,vwl_boost,0.42088378902260776,1.071790969915221,-0.7133223892328109
vblpre_ratio,vwl_boost,0.42088378902260776,1.114667223411918,-0.712923096548532
vblpre_ratio,vwl_boost,0.42088378902260776,1.1575434769086148,-0.7135554026786284
vblpre_ratio,vwl_boost,0.43498541984980826,0.3428946604713744,-1.9802831054305814
vblpre_ratio,vwl_boost,0.43498541984980826,0.3857709139680713,-1.7826398197502937
vblpre_ratio,vwl_boost,0.43498541984980826,0.4286471674647681,-1.5760837427205527
vblpre_ratio,vwl_boost,0.43498541984980826,0.471523420961465,-1.386923549139747
vblpre_ratio,vwl_boost,0.43498541984980826,0.5143996744581618,-1.2606420354987595
vblpre_ratio,vwl_boost,0.43498541984980826,0.5572759279548587,-1.1467505786416987
vblpre_ratio,vwl_boost,0.43498541984980826,0.6001521814515556,-1.0410881705141575
vblpre_ratio,vwl_boost,0.43498541984980826,0.6430284349482525,-0.9685926149074179
vblpre_ratio,vwl_boost,0.43498541984980826,0.6859046884449493,-0.9063136436705503
vblpre_ratio,vwl_boost,0.43498541984980826,0.7287809419416462,-0.8583527066655582
vblpre_ratio,vwl_boost,0.43498541984980826,0.771657195438343,-0.8193063702146469
vblpre_ratio,vwl_boost,0.43498541984980826,0.8145334489350399,-0.7953321174777639
vblpre_ratio,vwl_boost,0.43498541984980826,0.8574097024317368,-0.7739664640913322
vblpre_ratio,vwl_boost,0.43498541984980826,0.9002859559284336,-0.763290277230391
vblpre_ratio,vwl_boost,0.43498541984980826,0.9431622094251304,-0.7577041307337996
vblpre_ratio,vwl_boost,0.43498541984980826,0.9860384629218273,-0.7536010295746978
vblpre_ratio,vwl_boost,0.43498541984980826,1.0289147164185242,-0.7503565049364095
vblpre_ratio,vwl_boost,0.43498541984980826,1.071790969915221,-0.7481511079128631
vblpre_ratio,vwl_boost,0.43498541984980826,1.114667223411918,-0.7477637520843627
vblpre_ratio,vwl_boost,0.43498541984980826,1.1575434769086148,-0.7483389287536498
vblpre_ratio,vwl_boost,0.4490870506770088,0.3428946604713744,-2.1368557850959653
vblpre_ratio,vwl_boost,0.4490870506770088,0.3857709139680713,-1.9263782822738058
vblpre_ratio,vwl_boost,0.4490870506770088,0.4286471674647681,-1.738268751873795
vblpre_ratio,vwl_boost,0.4490870506770088,0.471523420961465,-1.5153788761503395
vblpre_ratio,vwl_boost,0.4490870506770088,0.5143996744581618,-1.3602459709850414
vblpre_ratio,vwl_boost,0.4490870506770088,0.5572759279548587,-1.2426287795443174
vblpre_ratio,vwl_boost,0.4490870506770088,0.6001521814515556,-1.1318939139991406
vblpre_ratio,vwl_boost,0.4490870506770088,0.6430284349482525,-1.0349498906540717
vblpre_ratio,vwl_boost,0.4490870506770088,0.6859046884449493,-0.97137980517568
vblpre_ratio,vwl_boost,0.4490870506770088,0.7287809419416462,-0.9138702872594551
vblpre_ratio,vwl_boost,0.4490870506770088,0.771657195438343,-0.87203515790919
vblpre_ratio,vwl_boost,0.4490870506770088,0.8145334489350399,-0.8386578779203
vblpre_ratio,vwl_boost,0.4490870506770088,0.8574097024317368,-0.8159924200950991
vblpre_ratio,vwl_boost,0.4490870506770088,0.9002859559284336,-0.7984848284019157
vblpre_ratio,vwl_boost,0.4490870506770088,0.9431622094251304,-0.790912536409601
vblpre_ratio,vwl_boost,0.4490870506770088,0.9860384629218273,-0.78703416880421
vblpre_ratio,vwl_boost,0.4490870506770088,1.0289147164185242,-0.7839842269657588
vblpre_ratio,vwl_boost,0.4490870506770088,1.071790969915221,-0.7818162334267511
vblpre_ratio,vwl_boost,0.4490870506770088,1.114667223411918,-0.7816086379700681
vblpre_ratio,vwl_boost,0.4490870506770088,1.1575434769086148,-0.782139345717247
vblpre_ratio,vwl_boost,0.46318868150420933,0.3428946604713744,-2.297924258495031
vblpre_ratio,vwl_boost,0.46318868150420933,0.3857709139680713,-2.0736941587560165
vblpre_ratio,vwl_boost,0.46318868150420933,0.4286471674647681,-1.8808754923597715
vblpre_ratio,vwl_boost,0.46318868150420933,0.471523420961465,-1.686439859063333
vblpre_ratio,vwl_boost,0.46318868150420933,0.5143996744581618,-1.4793092513419979
vblpre_ratio,vwl_boost,0.46318868150420933,0.5572759279548587,-1.337454498731603
vblpre_ratio,vwl_boost,0.46318868150420933,0.6001521814515556,-1.2259121510583084
vblpre_ratio,vwl_boost,0.46318868150420933,0.6430284349482525,-1.119223739038378
vblpre_ratio,vwl_boost,0.46318868150420933,0.6859046884449493,-1.039896266180146
vblpre_ratio,vwl_boost,0.46318868150420933,0.7287809419416462,-0.9771559395792965
vblpre_ratio,vwl_boost,0.46318868150420933,0.771657195438343,-0.9276099562428253
vblpre_ratio,vwl_boost,0.46318868150420933,0.8145334489350399,-0.8870933533628989
vblpre_ratio,vwl_boost,0.46318868150420933,0.8574097024317368,-0.8614264397633931
vblpre_ratio,vwl_boost,0.46318868150420933,0.9002859559284336,-0.8364041948558867
vblpre_ratio,vwl_boost,0.46318868150420933,0.9431622094251304,-0.8247737932123081
vblpre_ratio,vwl_boost,0.46318868150420933,0.9860384629218273,-0.819255365834368
vblpre_ratio,vwl_boost,0.46318868150420933,1.0289147164185242,-0.8164472451119021
vblpre_ratio,vwl_boost,0.46318868150420933,1.071790969915221,-0.8154089689107812
vblpre_ratio,vwl_boost,0.46318868150420933,1.114667223411918,-0.8150858899319359
vblpre_ratio,vwl_boost,0.46318868150420933,1.1575434769086148,-0.8154972059931539
vblpre_ratio,vwl_boost,0.47729031233140984,0.3428946604713744,-2.459598348032352
vblpre_ratio,vwl_boost,0.47729031233140984,0.3857709139680713,-2.248127259468784
vblpre_ratio,vwl_boost,0.47729031233140984,0.4286471674647681,-2.0202208295919695
vblpre_ratio,vwl_boost,0.47729031233140984,0.471523420961465,-1.836388161667673
vblpre_ratio,vwl_boost,0.47729031233140984,0.5143996744581618,-1.6236418193465691
vblpre_ratio,vwl_boost,0.47729031233140984,0.5572759279548587,-1.4506846902596766
vblpre_ratio,vwl_boost,0.47729031233140984,0.6001521814515556,-1.3215133678276862
vblpre_ratio,vwl_boost,0.47729031233140984,0.6430284349482525,-1.213655603811711
vblpre_ratio,vwl_boost,0.47729031233140984,0.6859046884449493,-1.1149504442726974
vblpre_ratio,vwl_boost,0.47729031233140984,0.7287809419416462,-1.0469388171213359
vblpre_ratio,vwl_boost,0.47729031233140984,0.771657195438343,-0.9892572287358612
vblpre_ratio,vwl_boost,0.47729031233140984,0.8145334489350399,-0.9448177595134299
vblpre_ratio,vwl_boost,0.47729031233140984,0.8574097024317368,-0.9067941066504024
vblpre_ratio,vwl_boost,0.47729031233140984,0.9002859559284336,-0.8843223364250425
vblpre_ratio,vwl_boost,0.47729031233140984,0.9431622094251304,-0.8618490071611579
vblpre_ratio,vwl_boost,0.47729031233140984,0.9860384629218273,-0.8542474836541094
vblpre_ratio,vwl_boost,0.47729031233140984,1.0289147164185242,-0.8502184207813162
vblpre_ratio,vwl_boost,0.47729031233140984,1.071790969915221,-0.849198243889447
vblpre_ratio,vwl_boost,0.47729031233140984,1.114667223411918,-0.8496032192757227
vblpre_ratio,vwl_boost,0.47729031233140984,1.1575434769086148,-0.8507007417572879
vblpre_ratio,vwl_boost,0.49139194315861034,0.3428946604713744,-2.6510466040110834
vblpre_ratio,vwl_boost,0.49139194315861034,0.3857709139680713,-2.4145035127091123
vblpre_ratio,vwl_boost,0.49139194315861034,0.4286471674647681,-2.1876797335702944
vblpre_ratio,vwl_boost,0.49139194315861034,0.471523420961465,-1.9791315418314352
vblpre_ratio,vwl_boost,0.49139194315861034,0.5143996744581618,-1.792743554867475
vblpre_ratio,vwl_boost,0.49139194315861034,0.5572759279548587,-1.5805373024381772
vblpre_ratio,vwl_boost,0.49139194315861034,0.6001521814515556,-1.423116126130135
vblpre_ratio,vwl_boost,0.49139194315861034,0.6430284349482525,-1.3102965509483202
vblpre_ratio,vwl_boost,0.49139194315861034,0.6859046884449493,-1.2095098974090965
vblpre_ratio,vwl_boost,0.49139194315861034,0.7287809419416462,-1.1236452064541496
vblpre_ratio,vwl_boost,0.49139194315861034,0.771657195438343,-1.0602959965073349
vblpre_ratio,vwl_boost,0.49139194315861034,0.8145334489350399,-1.0085593405142204
vblpre_ratio,vwl_boost,0.49139194315861034,0.8574097024317368,-0.9656196760712004
vblpre_ratio,vwl_boost,0.49139194315861034,0.9002859559284336,-0.9341822578292844
vblpre_ratio,vwl_boost,0.49139194315861034,0.9431622094251304,-0.9119222960614822
vblpre_ratio,vwl_boost,0.49139194315861034,0.9860384629218273,-0.8938190131837509
vblpre_ratio,vwl_boost,0.49139194315861034,1.0289147164185242,-0.88810400464604
vblpre_ratio,vwl_boost,0.49139194315861034,1.071790969915221,-0.8862886684337428
vblpre_ratio,vwl_boost,0.49139194315861034,1.114667223411918,-0.8867568663341183
vblpre_ratio,vwl_boost,0.49139194315861034,1.1575434769086148,-0.8878660037365945
vblpre_ratio,vwl_boost,0.5054935739858109,0.3428946604713744,-2.8901427384286094
vblpre_ratio,vwl_boost,0.5054935739858109,0.3857709139680713,-2.5847400951728123
vblpre_ratio,vwl_boost,0.5054935739858109,0.4286471674647681,-2.3694561139404615
vblpre_ratio,vwl_boost,0.5054935739858109,0.471523420961465,-2.1332597597775687
vblpre_ratio,vwl_boost,0.5054935739858109,0.5143996744581618,-1.9391965353454819
vblpre_ratio,vwl_boost,0.5054935739858109,0.5572759279548587,-1.742635512068972
vblpre_ratio,vwl_boost,0.5054935739858109,0.6001521814515556,-1.5549941551402802
vblpre_ratio,vwl_boost,0.5054935739858109,0.6430284349482525,-1.4053889701669373
vblpre_ratio,vwl_boost,0.5054935739858109,0.6859046884449493,-1.3033504778860783
vblpre_ratio,vwl_boost,0.5054935739858109,0.7287809419416462,-1.2114220048846216
vblpre_ratio,vwl_boost,0.5054935739858109,0.771657195438343,-1.1388560251121196
vblpre_ratio,vwl_boost,0.5054935739858109,0.8145334489350399,-1.082750191669224
vblpre_ratio,vwl_boost,0.5054935739858109,0.8574097024317368,-1.0341054912498475
vblpre_ratio,vwl_boost,0.5054935739858109,0.9002859559284336,-0.9929283346910308
vblpre_ratio,vwl_boost,0.5054935739858109,0.9431622094251304,-0.9675582725261944
vblpre_ratio,vwl_boost,0.5054935739858109,0.9860384629218273,-0.9471090175571398
vblpre_ratio,vwl_boost,0.5054935739858109,1.0289147164185242,-0.9337966897301045
vblpre_ratio,vwl_boost,0.5054935739858109,1.071790969915221,-0.9301894612755953
vblpre_ratio,vwl_boost,0.5054935739858109,1.114667223411918,-0.9301055469494328
vblpre_ratio,vwl_boost,0.5054935739858109,1.1575434769086148,-0.9319618172362877
vblpre_ratio,vwl_boost,0.5195952048130114,0.3428946604713744,-3.1215939146567093
vblpre_ratio,vwl_boost,0.5195952048130114,0.3857709139680713,-2.8077578320629253
vblpre_ratio,vwl_boost,0.5195952048130114,0.4286471674647681,-2.542605419269174
vblpre_ratio,vwl_boost,0.5195952048130114,0.471523420961465,-2.3175924334950135
vblpre_ratio,vwl_boost,0.5195952048130114,0.5143996744581618,-2.0961574794204
vblpre_ratio,vwl_boost,0.5195952048130114,0.5572759279548587,-1.903370488791293
vblpre_ratio,vwl_boost,0.5195952048130114,0.6001521814515556,-1.7051049927063746
vblpre_ratio,vwl_boost,0.5195952048130114,0.6430284349482525,-1.532018722018376
vblpre_ratio,vwl_boost,0.5195952048130114,0.6859046884449493,-1.4021463233241778
vblpre_ratio,vwl_boost,0.5195952048130114,0.7287809419416462,-1.3047879358926244
vblpre_ratio,vwl_boost,0.5195952048130114,0.771657195438343,-1.224666103752164
vblpre_ratio,vwl_boost,0.5195952048130114,0.8145334489350399,-1.1640508983702278
vblpre_ratio,vwl_boost,0.5195952048130114,0.8574097024317368,-1.115624058897495
vblpre_ratio,vwl_boost,0.5195952048130114,0.9002859559284336,-1.0703718343818118
vblpre_ratio,vwl_boost,0.5195952048130114,0.9431622094251304,-1.0361685606425142
vblpre_ratio,vwl_boost,0.5195952048130114,0.9860384629218273,-1.0131544236154553
vblpre_ratio,vwl_boost,0.5195952048130114,1.0289147164185242,-0.9979589545510326
vblpre_ratio,vwl_boost,0.5195952048130114,1.071790969915221,-0.9875721440739119
vblpre_ratio,vwl_boost,0.5195952048130114,1.114667223411918,-0.9846311411825384
vblpre_ratio,vwl_boost,0.5195952048130114,1.1575434769086148,-0.985639510837994
vblpre_ratio,vwl_boost,0.5336968356402119,0.3428946604713744,-3.345858108040483
vblpre_ratio,vwl_boost,0.5336968356402119,0.3857709139680713,-3.0456895555240333
vblpre_ratio,vwl_boost,0.5336968356402119,0.4286471674647681,-2.737923094576087
vblpre_ratio,vwl_boost,0.5336968356402119,0.471523420961465,-2.5070147949141055
vblpre_ratio,vwl_boost,0.5336968356402119,0.5143996744581618,-2.277621520451923
vblpre_ratio,vwl_boost,0.5336968356402119,0.5572759279548587,-2.0673189230539757
vblpre_ratio,vwl_boost,0.5336968356402119,0.6001521814515556,-1.8776360557348628
vblpre_ratio,vwl_boost,0.5336968356402119,0.6430284349482525,-1.6920170668336716
vblpre_ratio,vwl_boost,0.5336968356402119,0.6859046884449493,-1.5275360750576312
vblpre_ratio,vwl_boost,0.5336968356402119,0.7287809419416462,-1.4109334352671985
vblpre_ratio,vwl_boost,0.5336968356402119,0.771657195438343,-1.3227090514586508
vblpre_ratio,vwl_boost,0.5336968356402119,0.8145334489350399,-1.2549385423064368
vblpre_ratio,vwl_boost,0.5336968356402119,0.8574097024317368,-1.2045171138833273
vblpre_ratio,vwl_boost,0.5336968356402119,0.9002859559284336,-1.1633703097258
vblpre_ratio,vwl_boost,0.5336968356402119,0.9431622094251304,-1.1242968247087397
vblpre_ratio,vwl_boost,0.5336968356402119,0.9860384629218273,-1.0943574882510976
vblpre_ratio,vwl_boost,0.5336968356402119,1.0289147164185242,-1.0740824044689847
vblpre_ratio,vwl_boost,0.5336968356402119,1.071790969915221,-1.063592796521251
vblpre_ratio,vwl_boost,0.5336968356402119,1.114667223411918,-1.0563802131860998
vblpre_ratio,vwl_boost,0.5336968356402119,1.1575434769086148,-1.0541120768668162
vblpre_ratio,vwl_boost,0.5477984664674124,0.3428946604713744,-3.607422937066834
vblpre_ratio,vwl_boost,0.5477984664674124,0.3857709139680713,-3.273969229178055
vblpre_ratio,vwl_boost,0.5477984664674124,0.4286471674647681,-2.980134049411334
vblpre_ratio,vwl_boost,0.5477984664674124,0.471523420961465,-2.697933871931653
vblpre_ratio,vwl_boost,0.5477984664674124,0.5143996744581618,-2.4659119930185867
vblpre_ratio,vwl_boost,0.5477984664674124,0.5572759279548587,-2.255010004980405
vblpre_ratio,vwl_boost,0.5477984664674124,0.6001521814515556,-2.050620745489111
vblpre_ratio,vwl_boost,0.5477984664674124,0.6430284349482525,-1.868418029449248
vblpre_ratio,vwl_boost,0.5477984664674124,0.6859046884449493,-1.6949487408558555
vblpre_ratio,vwl_boost,0.5477984664674124,0.7287809419416462,-1.5472619683247342
vblpre_ratio,vwl_boost,0.5477984664674124,0.771657195438343,-1.4409766755654134
vblpre_ratio,vwl_boost,0.5477984664674124,0.8145334489350399,-1.3627430777082683
vblpre_ratio,vwl_boost,0.5477984664674124,0.8574097024317368,-1.3090843459858506
vblpre_ratio,vwl_boost,0.5477984664674124,0.9002859559284336,-1.265471068053052
vblpre_ratio,vwl_boost,0.5477984664674124,0.9431622094251304,-1.228564434175209
vblpre_ratio,vwl_boost,0.5477984664674124,0.9860384629218273,-1.1970908888485199
vblpre_ratio,vwl_boost,0.5477984664674124,1.0289147164185242,-1.171697550264681
vblpre_ratio,vwl_boost,0.5477984664674124,1.071790969915221,-1.1562764864674078
vblpre_ratio,vwl_boost,0.5477984664674124,1.114667223411918,-1.151322619426664
vblpre_ratio,vwl_boost,0.5477984664674124,1.1575434769086148,-1.1466787419061637
vblpre_ratio,vwl_boost,0.5619000972946129,0.3428946604713744,-3.8785750089184354
vblpre_ratio,vwl_boost,0.5619000972946129,0.3857709139680713,-3.544046161943749
vblpre_ratio,vwl_boost,0.5619000972946129,0.4286471674647681,-3.2138417516310303
vblpre_ratio,vwl_boost,0.5619000972946129,0.471523420961465,-2.927126929658339
vblpre_ratio,vwl_boost,0.5619000972946129,0.5143996744581618,-2.676033444778902
vblpre_ratio,vwl_boost,0.5619000972946129,0.5572759279548587,-2.438018192758164
vblpre_ratio,vwl_boost,0.5619000972946129,0.6001521814515556,-2.2419379483265045
vblpre_ratio,vwl_boost,0.5619000972946129,0.6430284349482525,-2.046844356530673
vblpre_ratio,vwl_boost,0.5619000972946129,0.6859046884449493,-1.879470951646054
vblpre_ratio,vwl_boost,0.5619000972946129,0.7287809419416462,-1.7168024981101966
vblpre_ratio,vwl_boost,0.5619000972946129,0.771657195438343,-1.5872465237794349
vblpre_ratio,vwl_boost,0.5619000972946129,0.8145334489350399,-1.4967734264956367
vblpre_ratio,vwl_boost,0.5619000972946129,0.8574097024317368,-1.4289734409091264
vblpre_ratio,vwl_boost,0.5619000972946129,0.9002859559284336,-1.3866371854061066
vblpre_ratio,vwl_boost,0.5619000972946129,0.9431622094251304,-1.3510648688060425
vblpre_ratio,vwl_boost,0.5619000972946129,0.9860384629218273,-1.3193166123492333
vblpre_ratio,vwl_boost,0.5619000972946129,1.0289147164185242,-1.2955958134367729
vblpre_ratio,vwl_boost,0.5619000972946129,1.071790969915221,-1.2758803679209516
vblpre_ratio,vwl_boost,0.5619000972946129,1.114667223411918,-1.2656602708300402
vblpre_ratio,vwl_boost,0.5619000972946129,1.1575434769086148,-1.263011063384793
vblpre_ratio,vwl_boost,0.5760017281218134,0.3428946604713744,-4.20730790397844
vblpre_ratio,vwl_boost,0.5760017281218134,0.3857709139680713,-3.8101958603841135
vblpre_ratio,vwl_boost,0.5760017281218134,0.4286471674647681,-3.483062363667174
vblpre_ratio,vwl_boost,0.5760017281218134,0.471523420961465,-3.178105526496189
vblpre_ratio,vwl_boost,0.5760017281218134,0.5143996744581618,-2.899980608453459
vblpre_ratio,vwl_boost,0.5760017281218134,0.5572759279548587,-2.6669937648381965
vblpre_ratio,vwl_boost,0.5760017281218134,0.6001521814515556,-2.444823520664177
vblpre_ratio,vwl_boost,0.5760017281218134,0.6430284349482525,-2.247055919544777
vblpre_ratio,vwl_boost,0.5760017281218134,0.6859046884449493,-2.0723646776274416
vblpre_ratio,vwl_boost,0.5760017281218134,0.7287809419416462,-1.909842952168426
vblpre_ratio,vwl_boost,0.5760017281218134,0.771657195438343,-1.7648608660808496
vblpre_ratio,vwl_boost,0.5760017281218134,0.8145334489350399,-1.6453103320427174
vblpre_ratio,vwl_boost,0.5760017281218134,0.8574097024317368,-1.570196918210406
vblpre_ratio,vwl_boost,0.5760017281218134,0.9002859559284336,-1.5165142708415806
vblpre_ratio,vwl_boost,0.5760017281218134,0.9431622094251304,-1.482977025054976
vblpre_ratio,vwl_boost,0.5760017281218134,0.9860384629218273,-1.451932746179844
vblpre_ratio,vwl_boost,0.5760017281218134,1.0289147164185242,-1.4287625978013025
vblpre_ratio,vwl_boost,0.5760017281218134,1.071790969915221,-1.4113718705434681
vblpre_ratio,vwl_boost,0.5760017281218134,1.114667223411918,-1.3968824150832022
vblpre_ratio,vwl_boost,0.5760017281218134,1.1575434769086148,-1.390888706946714
vblpre_ratio,vwl_boost,0.5901033589490139,0.3428946604713744,-4.549242245125549
vblpre_ratio,vwl_boost,0.5901033589490139,0.3857709139680713,-4.125759289408707
vblpre_ratio,vwl_boost,0.5901033589490139,0.4286471674647681,-3.7586677023547153
vblpre_ratio,vwl_boost,0.5901033589490139,0.471523420961465,-3.4362729448725307
vblpre_ratio,vwl_boost,0.5901033589490139,0.5143996744581618,-3.153372462830011
vblpre_ratio,vwl_boost,0.5901033589490139,0.5572759279548587,-2.898284306044192
vblpre_ratio,vwl_boost,0.5901033589490139,0.6001521814515556,-2.668391191603287
vblpre_ratio,vwl_boost,0.5901033589490139,0.6430284349482525,-2.4730160504722996
vblpre_ratio,vwl_boost,0.5901033589490139,0.6859046884449493,-2.2782882999883203
vblpre_ratio,vwl_boost,0.5901033589490139,0.7287809419416462,-2.126156180959916
vblpre_ratio,vwl_boost,0.5901033589490139,0.771657195438343,-1.9710339077039707
vblpre_ratio,vwl_boost,0.5901033589490139,0.8145334489350399,-1.8399930107349332
vblpre_ratio,vwl_boost,0.5901033589490139,0.8574097024317368,-1.734257988266194
vblpre_ratio,vwl_boost,0.5901033589490139,0.9002859559284336,-1.6655469012569575
vblpre_ratio,vwl_boost,0.5901033589490139,0.9431622094251304,-1.623650814019038
vblpre_ratio,vwl_boost,0.5901033589490139,0.9860384629218273,-1.593560009918029
vblpre_ratio,vwl_boost,0.5901033589490139,1.0289147164185242,-1.5663400021661882
vblpre_ratio,vwl_boost,0.5901033589490139,1.071790969915221,-1.548055496855762
vblpre_ratio,vwl_boost,0.5901033589490139,1.114667223411918,-1.535657055816459
vblpre_ratio,vwl_boost,0.5901033589490139,1.1575434769086148,-1.528702476812748
vblpre_ratio,vwl_boost,0.6042049897762144,0.3428946604713744,-4.863036667349559
vblpre_ratio,vwl_boost,0.6042049897762144,0.3857709139680713,-4.47365299927285
vblpre_ratio,vwl_boost,0.6042049897762144,0.4286471674647681,-4.071727211857542
vblpre_ratio,vwl_boost,0.6042049897762144,0.471523420961465,-3.7179527535938264
vblpre_ratio,vwl_boost,0.6042049897762144,0.5143996744581618,-3.4152868443918245
vblpre_ratio,vwl_boost,0.6042049897762144,0.5572759279548587,-3.1520303863601296
vblpre_ratio,vwl_boost,0.6042049897762144,0.6001521814515556,-2.9172762275882027
vblpre_ratio,vwl_boost,0.6042049897762144,0.6430284349482525,-2.6976342580838324
vblpre_ratio,vwl_boost,0.6042049897762144,0.6859046884449493,-2.5069018831691503
vblpre_ratio,vwl_boost,0.6042049897762144,0.7287809419416462,-2.338772737396355
vblpre_ratio,vwl_boost,0.6042049897762144,0.771657195438343,-2.1926271379392275
vblpre_ratio,vwl_boost,0.6042049897762144,0.8145334489350399,-2.0533375574779664
vblpre_ratio,vwl_boost,0.6042049897762144,0.8574097024317368,-1.9347437494404698
vblpre_ratio,vwl_boost,0.6042049897762144,0.9002859559284336,-1.8459210854971984
vblpre_ratio,vwl_boost,0.6042049897762144,0.9431622094251304,-1.7847032065720907
vblpre_ratio,vwl_boost,0.6042049897762144,0.9860384629218273,-1.7528451258978655
vblpre_ratio,vwl_boost,0.6042049897762144,1.0289147164185242,-1.7270311309998319
vblpre_ratio,vwl_boost,0.6042049897762144,1.071790969915221,-1.7027347886307174
vblpre_ratio,vwl_boost,0.6042049897762144,1.114667223411918,-1.6892083583919393
vblpre_ratio,vwl_boost,0.6042049897762144,1.1575434769086148,-1.6808505796918216
vblpre_ratio,vwl_boost,0.6183066206034149,0.3428946604713744,-5.19840359294793
vblpre_ratio,vwl_boost,0.6183066206034149,0.3857709139680713,-4.81808725040213
vblpre_ratio,vwl_boost,0.6183066206034149,0.4286471674647681,-4.420820005814478
vblpre_ratio,vwl_boost,0.6183066206034149,0.471523420961465,-4.035861506031198
vblpre_ratio,vwl_boost,0.6183066206034149,0.5143996744581618,-3.701099614445229
vblpre_ratio,vwl_boost,0.6183066206034149,0.5572759279548587,-3.4187302765715035
vblpre_ratio,vwl_boost,0.6183066206034149,0.6001521814515556,-3.170431302540813
vblpre_ratio,vwl_boost,0.6183066206034149,0.6430284349482525,-2.945216668441466
vblpre_ratio,vwl_boost,0.6183066206034149,0.6859046884449493,-2.738436932785818
vblpre_ratio,vwl_boost,0.6183066206034149,0.7287809419416462,-2.5517896866348964
vblpre_ratio,vwl_boost,0.6183066206034149,0.771657195438343,-2.4121114289154364
vblpre_ratio,vwl_boost,0.6183066206034149,0.8145334489350399,-2.267892212941432
vblpre_ratio,vwl_boost,0.6183066206034149,0.8574097024317368,-2.1502441172669333
vblpre_ratio,vwl_boost,0.6183066206034149,0.9002859559284336,-2.0444647664121263
vblpre_ratio,vwl_boost,0.6183066206034149,0.9431622094251304,-1.9718818249281909
vblpre_ratio,vwl_boost,0.6183066206034149,0.9860384629218273,-1.921508279687548
vblpre_ratio,vwl_boost,0.6183066206034149,1.0289147164185242,-1.8976529059777185
vblpre_ratio,vwl_boost,0.6183066206034149,1.071790969915221,-1.8762429460052847
vblpre_ratio,vwl_boost,0.6183066206034149,1.114667223411918,-1.857161680597114
vblpre_ratio,vwl_boost,0.6183066206034149,1.1575434769086148,-1.8489132309666043
vblpre_ratio,vwl_boost,0.6324082514306154,0.3428946604713744,-5.555743514095467
vblpre_ratio,vwl_boost,0.6324082514306154,0.3857709139680713,-5.141530792992734
vblpre_ratio,vwl_boost,0.6324082514306154,0.4286471674647681,-4.772418932166414
vblpre_ratio,vwl_boost,0.6324082514306154,0.471523420961465,-4.388132035032096
vblpre_ratio,vwl_boost,0.6324082514306154,0.5143996744581618,-4.0082124536116135
vblpre_ratio,vwl_boost,0.6324082514306154,0.5572759279548587,-3.701985352737518
vblpre_ratio,vwl_boost,0.6324082514306154,0.6001521814515556,-3.438418403890098
vblpre_ratio,vwl_boost,0.6324082514306154,0.6430284349482525,-3.2042280548041053
vblpre_ratio,vwl_boost,0.6324082514306154,0.6859046884449493,-2.9832149526312453
vblpre_ratio,vwl_boost,0.6324082514306154,0.7287809419416462,-2.7829858500221807
vblpre_ratio,vwl_boost,0.6324082514306154,0.771657195438343,-2.620003385103229
vblpre_ratio,vwl_boost,0.6324082514306154,0.8145334489350399,-2.48519135259423
vblpre_ratio,vwl_boost,0.6324082514306154,0.8574097024317368,-2.3509223398434274
vblpre_ratio,vwl_boost,0.6324082514306154,0.9002859559284336,-2.2501884351863337
vblpre_ratio,vwl_boost,0.6324082514306154,0.9431622094251304,-2.16058160155415
vblpre_ratio,vwl_boost,0.6324082514306154,0.9860384629218273,-2.10090950038676
vblpre_ratio,vwl_boost,0.6324082514306154,1.0289147164185242,-2.0641341158327067
vblpre_ratio,vwl_boost,0.6324082514306154,1.071790969915221,-2.0467170892194493
vblpre_ratio,vwl_boost,0.6324082514306154,1.114667223411918,-2.03079239757155
vblpre_ratio,vwl_boost,0.6324082514306154,1.1575434769086148,-2.019000115438477
