-1.165283191023086973e-04,5.176066806076456972e-01,2.060709420687517390e+00,-1.575114471160655967e+02
-5.323405042332392170e-04,1.846174366615291973e+01,5.267240249685062325e-01,-7.762894232381692916e+01
-3.395055501211204606e-03,2.994413508040722505e+01,1.411554000297964961e+00,-1.472306625261491035e+02
-6.179819315636847846e-04,2.317821169101093037e-01,1.120562060780503266e+01,-2.206891379166861782e+02
-4.027451892054036576e-04,1.155894230692565650e+01,3.644703707132120329e-01,-8.915488734507734137e+01
-2.280857651162646743e-02,4.080261967082192243e+00,1.675300323953674209e+01,-2.159401130546792729e+02
-1.598284723122981102e-02,1.081581969131092613e+00,1.449179568324154843e+01,-2.546982327970883659e+02
-2.262577229615343744e-02,2.898571140188741957e+00,1.146585597653870892e+01,-2.595444123634050015e+02
-3.575257871077339687e-03,2.240863505958207469e+01,1.532182130587708357e+00,-1.337525672068582310e+02
-3.034942047848608430e-03,1.940292808014566006e+01,1.403499553262414157e+00,-1.567884050358043169e+02
-3.866549811116728845e-03,1.239729393546915759e+01,1.852370833951558993e+00,-1.400029306347439615e+02
-1.530586717903191334e-03,1.341335298351912009e+01,9.566689074761964839e-01,-1.141626669696139231e+02
-6.094287554059385492e-03,7.016557952150653144e+00,2.844578656687138718e+00,-1.417469430741308258e+02
-1.058287130289508986e-03,2.724039385676244507e+01,6.707664049817891883e-01,-9.217162187146949748e+01
-1.131565007688740965e-02,2.853680635581921621e+01,3.799454094165255036e+00,-1.738442886468880033e+02
-6.389796076713342814e-04,4.661753070394397902e+00,5.528334888758109633e-01,-1.078789480171013082e+02
-1.400014815777123143e-03,2.456127215924717433e+01,7.591289781234468181e-01,-9.620079386433722846e+01
-1.703254490118126865e-02,3.994994804416628575e+00,7.172213547599714190e+00,-2.345599079438410968e+02
-1.258164687128288496e-03,2.700339637813409155e+01,7.263795659725049703e-01,-1.008940816292583946e+02
-1.215353764926017889e-03,2.296229093288647505e+01,7.211790916616175329e-01,-9.863844551549374273e+01
-9.824653351751240146e-03,2.663439897368965603e+01,3.335744646149696901e+00,-1.807813925806327120e+02
-2.172034752861246032e-02,3.141273503533383860e+00,1.091637088551926027e+01,-2.565464668626662501e+02
-1.782506470399896834e-02,3.760858590469150720e+00,8.408405589523281876e+00,-2.612211529402250676e+02
-3.452027988816708075e-03,1.409067550926521584e+01,1.785929278303093559e+00,-1.181356852130159325e+02
-1.469036001638645943e-02,7.880454483279708100e+00,5.637022467546680460e+00,-2.203176058829006365e+02
-8.307444303566760904e-03,9.162437741671181968e+00,2.956318020074650388e+00,-2.013807335972702504e+02
-1.277469601432041670e-02,2.348307411892768926e+01,4.190364788177666888e+00,-1.800508881875533689e+02
-1.379229847993683998e-02,6.134114209458518374e+00,6.619308017342226513e+00,-2.349642174941104145e+02
-5.918372023220332644e-03,1.469084859117120345e+01,2.622146163723773071e+00,-1.937271994720631483e+02
-2.031948668088927323e-02,2.700102142042105413e+00,1.286480061282958864e+01,-2.593698290770354902e+02
-9.541198190592322173e-03,2.790469130723383273e+01,3.247268069864964080e+00,-1.773326810324065548e+02
-1.098700954847722962e-02,2.441488892836101599e+01,3.765641237119872642e+00,-1.766293571936080298e+02
-5.123622772314509639e-03,1.543170802248770102e+01,1.978509422708097265e+00,-1.803313219025620810e+02
-1.184022074003284949e-02,1.419599478395049630e+01,4.638030570300636590e+00,-1.948087606019477107e+02
-7.819501012972265158e-03,1.692239915365778558e+01,2.434368794401454483e+00,-1.731665182718455185e+02
-1.047799797392072463e-02,9.202876767955933346e+00,4.510469551778704123e+00,-2.026736638050966803e+02
-1.351229502535966458e-02,1.643258071751930505e+00,7.643680196251914083e+00,-2.380960516911990226e+02
-3.660428931659510682e-03,1.931054883605435180e+01,1.536983281682549718e+00,-1.492104274447494845e+02
-1.506029014184566590e-02,6.592934710710992796e+00,6.242051192449984853e+00,-2.182987873622854522e+02
-4.021728639172746436e-04,1.154100309097463395e+01,3.650470802660805703e-01,-8.918636891692780466e+01
-1.391915674237403054e-02,8.293747390291605015e+00,5.774139621237627473e+00,-2.205541065186243941e+02
-1.136042338931255585e-02,9.852379816940299406e+00,5.073913846109395109e+00,-2.179182337845047073e+02
-1.259829023478073289e-02,1.359917176482216217e+00,8.205547608229865730e+00,-2.263268196004563890e+02
-1.173348965924169048e-02,1.346247425422008037e+00,7.363417745201786602e+00,-2.003162337938527173e+02
-7.265814573503003547e-03,1.261421246451090994e+01,2.581084076279441586e+00,-1.851910173059422107e+02
-6.347799343516808204e-03,1.191459680845578717e+01,2.023224814822753181e+00,-1.837445016503704380e+02
-6.694805257547649727e-03,1.576097885780665742e+01,2.073028889745836434e+00,-1.629022733076245117e+02
-4.484313734416292725e-03,1.741133051733835302e+01,1.750183436793301128e+00,-1.694417426244768308e+02
-3.071383221455697976e-03,1.995382016520830248e+01,1.415050916064139130e+00,-1.483625522979898506e+02
-1.165073908053760113e-02,9.391231895481011449e+00,4.840827347388526825e+00,-2.134003392646364432e+02
-1.008974621267977843e-02,2.509758998790808704e+01,3.397231360248506693e+00,-1.860400032093502318e+02
-9.015586899457672318e-03,1.864468198112980701e+01,3.598911210704856867e+00,-1.916306420247739197e+02
-1.527671734130274690e-02,1.325357000658540674e+00,7.756615349065213216e+00,-2.087505723871038867e+02
-1.296194535273855787e-02,6.020416344636323913e+00,5.409259550408901163e+00,-2.157701683251531790e+02
-9.225454638468372909e-03,2.545461422818350883e+01,3.156781423008751641e+00,-1.830207239422508110e+02
-8.798386422338658891e-03,1.789118276310198041e+01,3.383770051685962788e+00,-1.601401658362399303e+02
-1.331676983632857671e-02,8.775661290263242265e+00,5.610907533529697844e+00,-2.161936760125380488e+02
-5.506809983629622728e-03,7.820952078283422537e+00,2.345693664782303234e+00,-1.967596482407232941e+02
-9.190783142142123704e-03,2.134294120554108076e+01,3.258527589541693636e+00,-1.754385730063735878e+02
-1.741268874702241176e-02,3.385080872870035229e+00,1.143884817207134041e+01,-2.632275524817661676e+02
-2.094996816620696423e-02,2.780207187149176917e+00,1.360880562972640817e+01,-2.626072817359767555e+02
-8.611848714402653426e-03,7.491769328247992910e+00,3.454063519624174017e+00,-1.932988718803446773e+02
-6.174110497783324991e-03,5.170243143855983270e+00,3.275463060974863172e+00,-2.137762172927256188e+02
-3.976974419289457628e-03,1.009158706034431674e+01,1.908660681007552151e+00,-1.482489411105347017e+02
-8.561954967247134909e-03,5.582779934972280422e+00,3.384764558308897442e+00,-1.872702632382898855e+02
-4.722922116622622207e-03,4.979161720319615902e+00,2.390645584484785147e+00,-1.651159964208939073e+02
-4.653131011717584389e-04,1.155807033233003800e+01,3.980088986654241601e-01,-9.476531549626929518e+01
-4.789254050805797562e-04,1.995377244801382344e-01,8.790404300555149320e+00,-2.258286257846682190e+02
-5.829833757519905721e-03,1.376525295636946922e+00,1.482141893974269919e+01,-2.609412577849598165e+02
-1.512378351082701959e-02,1.904994771039113077e+00,7.464318768319726516e+00,-2.223358582665030667e+02
-1.460239890731408058e-02,2.493016953062177521e+01,4.991546499196466868e+00,-1.920833007186142822e+02
-4.274364374465130893e-03,2.060994976077013519e+01,1.648582277181144473e+00,-1.485884282592013221e+02
-5.478876988759450763e-03,2.623329659691092530e+01,1.762998890119942486e+00,-1.776581425332094000e+02
-4.492551234298743611e-03,1.568438436061655139e+01,1.751362773978189624e+00,-1.735354609804248298e+02
-1.620339292953382887e-02,2.239948999975584165e+00,7.127137193508317203e+00,-2.107338757685703854e+02
-6.407230654528885821e-03,1.080511637373170686e+01,2.353939110235604648e+00,-1.820421887761451671e+02
-1.892345896902647776e-02,3.509226187521106155e+00,9.515500695600321635e+00,-2.633956709089753758e+02
-8.921487734978219425e-03,9.347654498269435397e-01,1.129626739005111169e+01,-2.565277872155938326e+02
-6.596991484366191436e-04,2.619033257149059324e+00,6.760367328660924491e-01,-1.124179160829260695e+02
-1.089485800149391989e-02,2.136935048419820760e+01,3.458071149890676654e+00,-1.941138326468465891e+02
-9.537461552390444700e-03,1.756933540077519496e+01,3.642848106652405882e+00,-1.992384323749662940e+02
-1.481529117260261923e-03,1.041739692642622117e+01,9.902775491349362635e-01,-1.209204688939346113e+02
-1.719750594407991329e-02,4.679211328486432286e+00,8.110941907683756114e+00,-2.473360348009686902e+02
-3.662966543896247189e-03,2.302709653113070587e+01,1.456450637455318553e+00,-1.553810043048336524e+02
-1.576926891667099293e-03,2.001085522476419598e+01,9.281580425178601601e-01,-1.294756039706652473e+02
-2.753188364399616981e-03,5.343298449507151160e-01,1.018922956306760064e+01,-2.465277882624604047e+02
-8.637883310389551580e-03,1.818857831491143173e+01,3.363181707200242343e+00,-1.946087601016813835e+02
-1.340703441536959632e-02,1.529440513419709369e+01,4.810494008619973449e+00,-1.996963799243762310e+02
-4.190673027898752763e-04,2.392898100477541590e+00,7.560805360745533887e-01,-9.198088759016626170e+01
-7.711526275602902276e-03,1.472973426351702031e+01,2.443626495102979135e+00,-1.775401135679253457e+02
-3.069802361935342755e-03,6.531413248229924751e-01,5.423233038425339103e+00,-2.494052182384751575e+02
-1.757433277558579851e-02,2.204422019910863284e+00,8.775872573574947211e+00,-2.446736990945268246e+02
-7.410718156149414745e-03,1.477662240641528291e+00,6.238167175834115064e+00,-2.428446087731147145e+02
-1.256548288654021558e-02,1.215389742993023070e+01,4.675563252094393718e+00,-1.725342710816518093e+02
-2.071815582334724079e-04,2.370696217478957202e+00,9.732517051378839490e-01,-1.113598628178292529e+02
-6.020160282208399972e-03,2.964838384168512775e+01,1.907119796446086868e+00,-1.763903289752313412e+02
-5.310344126539679604e-04,9.453349765243316938e+00,5.228010344085461947e-01,-1.351396942114334081e+02
-8.215537665138756759e-03,1.616026620057598961e+01,2.792293943478281193e+00,-1.744327136354554000e+02
-2.873803555183702800e-04,3.389478459962383283e+00,8.469262086501142539e-01,-1.247858933647696631e+02
-1.781325148594362561e-03,1.984060977021116656e+01,9.486948064770986955e-01,-1.292677321888636754e+02
-2.680564402699970022e-03,1.890775201367396363e+01,1.185330050138301949e+00,-1.695763525138342800e+02
-1.599983766178562569e-02,5.890392177400812557e+00,6.995174765921817972e+00,-2.296715319086197269e+02
-1.306083536150275115e-02,2.829244481532189326e+01,4.161158437910133401e+00,-1.861637459959597436e+02
-3.674448938033545234e-03,2.385462443632017937e+01,1.452187054813854017e+00,-1.558420222551936831e+02
-8.753932671047449238e-03,1.656368893817109011e+01,3.241314752386227571e+00,-1.838204971760537205e+02
-1.639370093708230822e-02,1.546210458723624948e+00,1.274002969437944266e+01,-2.594552390766073131e+02
-1.933011120095708135e-02,3.531287297451388696e+00,1.215219062628347402e+01,-2.644382649861078676e+02
-3.649610925914803777e-03,1.668003675312303358e+01,1.553311331637729609e+00,-1.576763220811330655e+02
-2.070818392852803117e-03,2.186546026752549921e+01,9.770686251277184153e-01,-1.642036761662910180e+02
-1.710391612144109008e-02,3.793345010489447944e+00,7.810429352793523350e+00,-2.397047792539803481e+02
-1.401131728550559716e-02,7.044879287959940228e+00,5.657063230170185086e+00,-2.034704672261322003e+02
-1.664235078795488557e-02,2.135035765537762309e+00,1.325940892379596825e+01,-2.617241156843390968e+02
-9.922598241579155473e-03,2.937149387707393799e+01,3.269422137070420842e+00,-1.951354838617990879e+02
-1.325367255145561488e-02,2.417886686635301174e+01,4.594593226816418685e+00,-1.891891166730341638e+02
-1.127195801657759726e-02,2.737287050340730588e+01,3.717920345612792055e+00,-1.815410676199165891e+02
-1.589708077369074435e-02,3.755890590643748972e+00,7.393812494467619345e+00,-2.437909596004632533e+02
-1.074424541384274255e-02,2.005997445872660379e+00,5.855702305245771733e+00,-2.451889712300940971e+02
-1.195631400301033764e-02,2.894133464655034516e+01,4.450345020894395098e+00,-1.928913551954648256e+02
-3.558764903651911939e-04,2.598397950093735531e+00,7.670439049480772820e-01,-9.716256970992172626e+01
-3.324426492098446310e-03,1.232683494741738217e+00,3.829439252151849882e+00,-2.435574709632956285e+02
-1.272802034428715569e-02,2.693268631696850690e+01,4.005948317988655916e+00,-1.860702011794398345e+02
-1.963641342461788786e-02,2.195822575968105816e+00,1.098017533254895106e+01,-2.279973906980210927e+02
-1.658964768972169199e-02,8.894511028792770446e+00,6.534004984695580553e+00,-2.170092428619726093e+02
-1.796563208073962553e-02,1.661576947454120434e+00,1.319453029537411481e+01,-2.578396473258413835e+02
-6.181374199031072336e-04,7.980080436606399985e+00,6.316042740621878870e-01,-1.422474541952674372e+02
-9.868315364658587080e-03,1.694555211569757702e+01,3.768035618588787994e+00,-1.974509727263312300e+02
-5.664732762535307914e-03,1.938144760734955341e+01,1.816905134107464015e+00,-1.785358030307972399e+02
-2.430098352874974360e-03,2.475098472366865465e+01,1.054979196687131804e+00,-1.632238648296834072e+02
-2.694327727938353092e-03,2.457412428505872271e+01,1.315779595923689760e+00,-1.656998760249634870e+02
-1.196730347670409145e-02,2.683370047347285237e+01,3.928637233221121239e+00,-1.839796728890361805e+02
-1.541408597203978645e-02,5.751009742802842162e+00,6.836726206532211414e+00,-2.287821102538100604e+02
-2.066144831818999758e-03,2.784567755542147438e+01,9.304908956078463689e-01,-1.613873935880434374e+02
-4.197347546636285209e-04,2.257836828466498469e-01,8.874832542451690287e+00,-2.324196535122043485e+02
-1.946419922138312858e-02,3.869595358804455820e+00,1.161538395288474135e+01,-2.648562539861978280e+02
-1.245336349245490352e-02,2.285478586070484397e+01,4.111610063971393281e+00,-1.867641723799278282e+02
-4.008930618434926492e-03,2.884159280105919265e+00,1.193938282494589664e+01,-2.669147595656611429e+02
-2.337013926175869648e-04,3.985843468223403185e+00,5.345433766089000560e-01,-9.617890983089414192e+01
-8.871763482685131406e-04,2.572169435876547894e-01,4.194107773754793378e+00,-1.913352498297051625e+02
-1.902385660674676265e-02,1.953527892263263288e+00,1.063970228083027969e+01,-2.482158679008507534e+02
-3.096387625418629786e-04,6.487750633994330940e+00,4.357231712435901128e-01,-9.035654529618933850e+01
-2.672144859241020560e-04,2.942609723690008394e+00,6.105973643303238552e-01,-8.837639294742849927e+01
-1.289868171069336392e-02,1.303269840915902034e+00,9.394248248591440031e+00,-2.414187843314137467e+02
-1.752539015346922090e-03,1.107330072560664114e+01,1.103572521894920611e+00,-1.520088515154932338e+02
-1.092950542801286425e-03,1.248785054282274665e+01,7.679633752017300807e-01,-1.662371532505576113e+02
-3.680966055187840334e-03,2.317431089127072141e+01,1.404644595451077560e+00,-1.004237204151821317e+02
-3.597987126391693526e-03,1.498553801128447560e+01,1.907232805115604224e+00,-1.409270567926739943e+02
-3.159373428599232102e-03,8.760983363412215397e+00,1.942732644925397656e+00,-1.174040188153714581e+02
-5.703516201540279312e-04,6.753370734747132786e-01,1.356390339918147614e+00,-1.367703191546326025e+02
-1.398381140860418398e-02,2.955181935729074283e+00,6.460183714642408148e+00,-2.034886175078126485e+02
-1.486155803753877111e-02,7.175684429668754305e+00,6.708714711950806375e+00,-2.376804096417637879e+02
-1.017436834619422220e-02,1.005041589070291330e+01,3.828908533486046206e+00,-1.946982473431183394e+02
-4.341103322265401666e-03,7.695574311980706739e+00,2.371428364089891438e+00,-1.747681628747272384e+02
-1.053060819701462500e-03,2.737025615746381257e-01,4.356542682100039698e+00,-1.914056577128358470e+02
-5.741986335098868931e-03,6.074514891903520564e+00,3.014520013251759334e+00,-1.730129783232340515e+02
-1.082730843337178020e-02,1.342280429268812902e+01,4.099951155504538924e+00,-2.024827775835474881e+02
-1.288580225481312375e-02,4.985171096812701208e+00,5.504760962613909570e+00,-2.075319453546779300e+02
-1.236109061596718690e-02,1.366056694126250193e+01,4.694004915531694522e+00,-1.987034754304392266e+02
-1.281782408988947283e-02,3.569760828268585762e+00,6.122777842639827384e+00,-2.141977939399779416e+02
-4.568522211422023326e-03,2.251220473213709283e+01,1.795225583008245973e+00,-1.603854420196073534e+02
-8.366431737959695650e-03,1.832425096132012143e+01,3.208814365254299528e+00,-1.772775340450738497e+02
-5.858308089858985275e-04,7.393414222966050886e+00,5.623891724869503062e-01,-1.303902430500896230e+02
-1.610063657906396842e-02,2.509244451336526183e+00,7.071599745817777283e+00,-2.371183115719787793e+02
-4.048530995184680160e-03,2.416750903578640219e+01,1.456176074029173817e+00,-1.039379600500628129e+02
-1.193031599393289642e-02,6.624234627945313925e+00,4.935043290712269659e+00,-2.044267426375882053e+02
-1.265751141338850722e-02,5.579912570081293488e+00,5.317293528826482429e+00,-2.169609815613457329e+02
-8.801518256874122162e-03,1.587309029784443482e+01,3.648492868728258731e+00,-1.851261027261693926e+02
-1.593177069581255823e-02,5.534336207272921193e+00,7.422336152648782992e+00,-2.408989405755413600e+02
-1.063440652690199675e-02,4.970283034509444420e+00,4.790780697981933400e+00,-1.798857068163103179e+02
-1.427066835068264115e-02,2.523108381077348028e+00,6.911796350741266970e+00,-2.343948311721370317e+02
-1.090083590048251429e-02,1.031156364158606031e+01,4.176976288222235212e+00,-2.024715213438372245e+02
-1.772042721767581180e-02,4.545468231714046681e+00,8.259360113737482578e+00,-2.531362734735099025e+02
-1.514148358599829401e-02,8.925844721161208639e+00,6.527045231260689917e+00,-2.272774546696588231e+02
-1.369105781404375902e-02,3.861587236458687400e+00,5.798529195005593273e+00,-2.151854686707655731e+02
-7.818647558414959856e-03,1.758519638863905854e+01,2.742527750706722944e+00,-1.816685044927265835e+02
-8.401965789418146258e-03,1.852950263131361908e+01,3.217885053480106006e+00,-1.766200405529647526e+02
-3.881412915391775284e-03,8.747877963279982794e+00,2.097505676849392930e+00,-1.222513591767770293e+02
-1.212077527765742860e-02,5.142710652957473982e+00,5.195196886151332905e+00,-2.096065943007307624e+02
-1.351644397298451669e-03,1.592028097554063137e+01,8.628981387274249348e-01,-1.615806599371733796e+02
-1.543155892521370746e-02,7.025896707309749800e+00,8.168077742552128484e+00,-2.538072949965644227e+02
-6.457824819254920010e-03,2.460906804611418863e+01,2.054255669695002506e+00,-1.736515399529754973e+02
-1.564821524692907098e-02,6.785374113541465135e+00,8.217586111720452280e+00,-2.509351572899880978e+02
-1.000906468756461269e-02,7.190595898347559078e+00,4.538704503959785086e+00,-2.068144858350045183e+02
-3.267765042027313003e-04,4.520285470700372343e+00,4.678641633660826638e-01,-9.630510728035234536e+01
-1.728757817447371115e-02,2.135675835859063731e+00,8.429022858027478193e+00,-2.260073188249837415e+02
-9.255645110208862714e-03,9.731023453065255069e+00,3.732330495079830612e+00,-1.887213296200179400e+02
-2.231932469578307935e-03,5.364251354234797375e+00,1.573553264077516944e+00,-1.687219367073950025e+02
-1.664251768425573444e-02,3.981947339795567586e+00,7.652737091402539882e+00,-2.462621750685167967e+02
-1.854376103771649548e-02,4.446291224605424475e+00,8.648063823503740366e+00,-2.543731154664033909e+02
-1.539634554885868124e-02,1.486315530293651932e+00,9.221796102200613632e+00,-2.501146585259168944e+02
-1.575794644439043254e-02,2.378327604801749651e+00,7.274173638781451956e+00,-2.165423721223458529e+02
-1.455470013813547556e-02,1.319262448414610267e+00,8.453583141945687274e+00,-2.090568489995362995e+02
-1.748291176638281513e-02,1.987383998680396724e+00,8.658523830714692338e+00,-2.230954844035425708e+02
-4.754533262608464511e-03,3.147776295093397181e+00,6.694409188130380883e+00,-2.640225105207194360e+02
-4.883687063477037266e-04,2.293575548865534586e+01,3.640884204300281479e-01,-8.579471189055065850e+01
-5.320954104760377158e-04,2.622960014628524794e-01,9.471902202086383227e+00,-2.330879473450635828e+02
-1.202902488556703044e-02,1.742326052736610364e+01,4.952199330941849276e+00,-2.113050563011969984e+02
-1.567108666109336091e-03,3.996741694340528728e-01,1.017075882475074344e+01,-2.158914516765414646e+02
-1.121957205931372985e-02,1.514824372018029663e+00,6.153330467347849719e+00,-2.252006066087692489e+02
-8.305618775071646476e-03,1.117732031875825527e+01,3.664665634406162109e+00,-2.082600175066787642e+02
-1.020313494183783211e-03,2.641180287202482191e+01,6.378969380927453914e-01,-1.445621738156250444e+02
-8.988023263483241668e-03,2.025196575502427265e+01,3.270037094528409849e+00,-1.900897046221106734e+02
-2.540595152664048596e-03,1.877366724586418201e+01,1.466995933759394966e+00,-1.538474561315416054e+02
-2.597534457328794710e-04,1.689761272576932072e+01,3.853776729235611209e-01,-9.343438073015182965e+01
-1.417905641009411036e-02,6.743066919110368929e+00,6.876314571308761003e+00,-2.449558350662371140e+02
-1.802308452660372155e-03,1.235680500452987474e+01,1.876066521483840122e+00,-1.975032967369479024e+02
-3.223243928661796102e-04,2.855890826413978445e+01,3.808634770765405020e-01,-1.105116686824561754e+02
-7.670926132097929603e-03,3.146966871290739043e+00,4.251336635845825107e+00,-2.060140537174321480e+02
-8.160521137131336242e-03,4.473091491200938741e+00,3.951665544716108869e+00,-2.021381217923503186e+02
-1.611491998048409507e-02,3.639470636600798059e+00,7.445923221824556570e+00,-2.159414379843401548e+02
-7.299232863705544701e-03,2.744367758628135689e+01,2.881638740724378867e+00,-1.817130675497419361e+02
-1.943359994298548849e-03,4.896520229583725126e+00,1.665548188833476662e+00,-1.192830110425966694e+02
-2.037619808992403945e-03,5.253204467075097694e-01,8.923467174114051659e+00,-2.308835221106388644e+02
-8.815799681609888354e-04,2.463868517731300045e+01,6.506566892719519712e-01,-1.326787842395816597e+02
-3.203613131123697090e-03,7.061726827038253163e+00,2.053685754530083507e+00,-2.103333950835094015e+02
-2.053997577538709679e-02,1.782443303675409707e+00,1.462126011672009795e+01,-2.530447863574290466e+02
-1.303313425711885229e-02,5.226727931496066404e+00,5.966735915868381035e+00,-2.367610690896103165e+02
-1.329442513761305844e-02,5.227369771679334143e+00,5.966309765441082824e+00,-2.372294382544561699e+02
-2.033229164862530858e-02,1.597505620767632362e+00,1.345836485965808116e+01,-2.308635887034507732e+02
-4.273614924394118558e-04,6.477566367939566305e+00,4.767836499897798452e-01,-9.689906874114562640e+01
-7.897423407543954733e-04,2.958555054269199625e-01,7.612130799390842917e+00,-2.273553822477583140e+02
-1.903706515332923357e-02,6.782855975343952792e+00,1.105897499489946512e+01,-2.665431288546816972e+02
-2.275644052106346946e-02,2.602634784431071324e+00,1.244388750471174987e+01,-2.509971142565338482e+02
-3.511989722525782343e-03,1.449463738977791749e+01,1.712041605446965820e+00,-1.755712698936873721e+02
-1.562782764377009317e-02,1.627515581789439336e+00,8.934196509571803446e+00,-2.473487796201808919e+02
-1.644895857696556524e-02,1.242483808241249710e+00,1.280404722033821407e+01,-2.455678753183714207e+02
-1.977668859045920990e-02,1.487021570785633129e+00,1.228981754633905510e+01,-2.469726608441872031e+02
-8.335411231035412191e-03,1.126758485630984730e+01,2.906161214010959615e+00,-1.896706997445108698e+02
-1.940249535492772487e-02,4.685572211499293260e+00,8.525330660565309415e+00,-2.509841817773985611e+02
-1.704334565376786070e-02,5.734242091497848470e+00,7.003453718738213318e+00,-2.248232808671905332e+02
-1.919451382165591677e-02,1.519314016388835453e+00,1.328897628259725039e+01,-2.499040237894689653e+02
-1.365154066192234526e-02,6.867485284248596500e+00,5.718825517708912010e+00,-2.144280480166524114e+02
-2.255090975050338606e-03,2.121477900699767005e+01,1.135097090496387962e+00,-1.127993783965112442e+02
-7.296858979418740371e-03,1.717340429240441324e+01,2.634788368735229813e+00,-1.920436793969792575e+02
-3.743814377457007096e-04,3.594580229914603464e+00,5.967195756899947856e-01,-8.905775254506249894e+01
-5.430427026246031214e-03,1.281922707322823429e+00,4.864116543550987437e+00,-2.535907550784791624e+02
-2.008356586625967277e-02,3.752934043730988378e+00,1.163932157429567482e+01,-2.616063622757309872e+02
-1.197349541641114928e-02,7.134154786472342025e+00,5.089861758036851924e+00,-2.113058581843279740e+02
-2.164867880914630657e-02,4.457758600056181741e+00,1.131595971161025993e+01,-2.654127494609548990e+02
-2.472562819543476682e-03,1.682686979849058417e+01,1.345209929997825071e+00,-1.488578302827998243e+02
-2.097295845529269578e-02,2.939738786748259614e+00,1.009137922850722369e+01,-2.614859734694828717e+02
-1.091905886657032650e-02,1.073920854790534785e+00,9.436129828674241438e+00,-2.576077074317684037e+02
-1.640089049965170673e-02,6.722719947821192754e+00,1.055242311356595941e+01,-2.660666581525998708e+02
-1.065857035019715559e-03,4.099812243273383672e+00,1.347067079679487911e+00,-9.428665962058481398e+01
-2.061014920597796507e-02,1.591561799127391819e+00,1.345163010051308916e+01,-2.283687213265335743e+02
-8.404540426441882081e-03,1.067516630227445162e+01,3.405778378678725460e+00,-1.932587646691108887e+02
-1.603654327644612326e-03,6.139094799579313033e+00,1.313899215247840813e+00,-1.083825948633904090e+02
-2.183243528609338929e-02,2.552757926705480962e+00,1.137974848800888061e+01,-2.590966901793457851e+02
-1.310582858297084687e-02,8.750287943980042726e+00,5.296060941998016247e+00,-2.068230653604741462e+02
-5.665926044146084306e-03,9.622191497427362350e+00,2.132393898334197679e+00,-1.226158688521919373e+02
-2.132398848424256130e-02,4.794337380954991623e+00,1.086792550259810319e+01,-2.626618899395579092e+02
-7.745516559166073286e-04,6.040025235561406802e+00,7.069124729799871609e-01,-1.024672225229293332e+02
-1.657624124854909994e-02,5.528089142957915314e+00,6.890516257517557364e+00,-2.278469152395340416e+02
-1.757313293723602662e-02,1.495954781316879645e+00,9.738788303359656950e+00,-2.309433685079287670e+02
-2.595120177619926818e-03,9.011695807884926523e+00,1.518731434829925009e+00,-1.372061895625730585e+02
-1.829621464692763114e-02,1.676362335604893117e+00,9.252949537512606071e+00,-2.474538684923677181e+02
-1.159868161074584757e-03,1.070088333404880032e+01,7.532167362539582411e-01,-1.315931015685924592e+02
-3.172234860041909556e-03,1.151138667616852462e+00,5.137167470708075001e+00,-2.498420411956373641e+02
-1.707493515237748852e-02,5.044766569734516537e+00,7.594389790847873023e+00,-2.332660073837035384e+02
-1.584196054635536588e-02,3.916263123890003861e+00,1.071630020149150830e+01,-2.665000197946922640e+02
-2.242338679146240084e-03,1.299282181138314662e+01,1.492053496064940532e+00,-1.697697903166542801e+02
-1.843099389717865050e-02,4.980184733721003454e+00,8.388346471957225603e+00,-2.486095862650699360e+02
-1.447704512269924575e-03,8.550844379463120593e-01,4.571762535160194041e+00,-2.518505894140228634e+02
-1.268852856333528914e-02,6.931965534577376076e+00,5.370433234010883794e+00,-2.141568926303310150e+02
-4.731299755756926341e-04,7.339091341595861628e+00,5.120434830270805815e-01,-7.464134351547203039e+01
-1.103140282020620075e-02,1.332142315732859750e+01,4.270899797908276341e+00,-1.973505338476393263e+02
-1.747093599611480169e-02,2.628412839773016429e+00,7.752217132998737270e+00,-2.303099654301602186e+02
-1.777221770735390102e-02,1.430618241981521654e+00,9.945417592271654783e+00,-2.265995076745840606e+02
-4.483255413445263494e-04,8.751521616779278645e+00,4.382292471131973288e-01,-9.574108658025458851e+01
-1.278828559985586847e-03,2.683201158134903008e-01,5.161924068057119896e+00,-2.046929987616669280e+02
-1.291390772601045214e-04,2.291855287778866490e+00,7.886595178540242168e-01,-9.024377860117490968e+01
-8.311713099962123735e-03,2.552751581971490324e+01,3.219537536355543406e+00,-1.927667039098114685e+02
-1.445071594006495409e-02,2.419020601227610534e+00,8.074366798096884068e+00,-2.378330733011604536e+02
-1.112772036019395346e-02,2.983776912817585725e+00,6.374765270906244119e+00,-2.584719198310388606e+02
-1.591187944985906350e-02,1.694203492474621697e+01,6.341215655875679147e+00,-2.079458990231748601e+02
-1.918054311063450285e-02,1.722716982192517010e+00,1.244163424022241671e+01,-2.548698327413328855e+02
-1.754632328727900176e-02,1.431488328423965450e+00,1.273301916868608075e+01,-2.563831500983973797e+02
-1.613189603192256155e-02,1.269901914262270992e+01,6.045805010983403172e+00,-2.043904287370775990e+02
-8.741204548275540234e-03,2.760282206091821955e+00,5.049077787841163456e+00,-2.501885182815216240e+02
-2.912313400321786712e-03,8.043764468847632187e+00,1.660797809538743008e+00,-1.260782001078230081e+02
-4.342219466899552033e-04,5.688369476418138504e+00,5.382177579848492766e-01,-7.594937870296116955e+01
-1.973617453058456456e-02,1.615100518079201075e+00,1.325026581974821660e+01,-2.558284264536480350e+02
-2.001785197880891556e-02,4.864576421391024752e+00,9.423706985311959272e+00,-2.406720488812622989e+02
-1.590779149191637321e-02,1.352925575049957452e+01,5.379608858943949912e+00,-2.187520526060635859e+02
-1.383934468736902970e-02,2.248837009062131642e+01,4.982824703684770817e+00,-1.837830307813266018e+02
-1.854254771561560794e-02,1.752395736687201167e+00,1.155997927391942248e+01,-2.530904344988524883e+02
-7.209411317816713689e-03,9.610648213030656972e-01,6.886451135012298330e+00,-2.427656411069762612e+02
-2.031896174336060568e-02,1.775212945791795116e+00,1.319510312571365596e+01,-2.567819275631907203e+02
-9.127524871689621233e-03,1.474115800676714372e+01,3.685444579870747361e+00,-1.888055222819742198e+02
-1.805233031235764854e-02,4.132179666946502294e+00,8.451175455949783810e+00,-2.377177917916639274e+02
-9.305708677724190562e-04,7.265775299761483730e+00,6.555048348994949592e-01,-1.347346237671897597e+02
-3.918130974459288138e-03,2.470810861544845238e+01,2.001402475247735513e+00,-1.827587057757990863e+02
-9.942666555835364892e-03,6.417067616053071077e+00,4.603002526102224046e+00,-2.117840413842654357e+02
-1.982770173008146716e-02,4.935438908354188747e+00,9.014907001982892965e+00,-2.397892889431200558e+02
-7.663120621016452283e-04,6.154839705802649164e+00,5.274027508432829192e-01,-1.030238341340576937e+02
-1.940589360075482134e-02,7.172772125130966181e+00,8.845285243313407264e+00,-2.483847790854715640e+02
-6.300612327262471168e-03,8.006863387843631275e-01,1.051083957147731596e+01,-2.474878785882357022e+02
-6.661339281985650604e-03,8.999638188185663523e+00,3.009841482891459918e+00,-1.948005339199423815e+02
-1.677954561585930440e-02,1.500281265745611714e+00,9.945672401063662349e+00,-2.416710344129552936e+02
-5.415516186326659390e-03,1.320179717626315608e+01,2.941453118264381494e+00,-2.026880329011186177e+02
-1.035807686613030888e-03,3.631086725360494150e+00,1.074416344022871561e+00,-9.885933368532994336e+01
-6.037558082462358717e-04,5.184206887048389945e+00,9.686943301113147831e-01,-1.261559021038834487e+02
-1.201106386696982990e-02,2.072992608496941358e+01,4.469607020848966883e+00,-1.969611487126743441e+02
-3.158671813489162365e-03,1.434860897126437962e+01,1.752850358141863518e+00,-1.710491862177732685e+02
-8.480946079115363190e-03,2.075600020140972646e+01,3.277056300284714396e+00,-1.945356680555060507e+02
-1.216973813735213079e-02,1.860513491713656009e+01,3.995384827045456166e+00,-1.748745810927418916e+02
-5.528802134805493786e-04,3.584631412857619104e+00,9.528349920747919422e-01,-1.168354979992001716e+02
-3.293055878679648166e-03,6.504563005103072282e-01,4.813528458448803171e+00,-2.301693811331547010e+02
-1.156795246138708419e-02,1.801757756785151798e+01,3.945749648884517402e+00,-1.757643430049635072e+02
-1.531516714893593452e-03,4.501162625573236209e-01,5.428491389938920442e+00,-2.243206354655329733e+02
-1.572503407976030831e-02,4.524624819767268491e+00,7.009760985038050229e+00,-2.118153654686589391e+02
-1.211293869378138842e-02,1.912513835826271702e+01,4.511395234185699543e+00,-1.786205638729990710e+02
-2.168416206246190315e-04,2.503702383667447862e+01,3.161078645552346522e-01,-7.280230170332241357e+01
-1.817796965314721902e-02,1.386790694529601131e+00,1.501699629422146209e+01,-2.567841873530382486e+02
-4.797746083185669592e-03,4.142406684621300350e+00,1.225536705850986863e+01,-2.686991252553517597e+02
-5.653762623782687723e-04,2.105878923400754665e-01,1.065698662851621314e+01,-2.189569748924011492e+02
-3.551205173140619883e-03,7.036441200573731791e+00,1.965847444473859174e+00,-1.209570184874615535e+02
-8.621270679839651910e-03,2.587122331452763291e+01,3.122362442037091235e+00,-1.443589947479257205e+02
-2.992602546745687809e-03,8.749942268359220066e+00,1.887648365991059229e+00,-1.023683501719000049e+02
-1.091730555476849544e-02,2.038547673459819976e+01,3.926693132637101069e+00,-1.641258152863579767e+02
-4.541448330453040378e-04,2.901210058582712747e+01,5.198912234171785274e-01,-9.537868650892214362e+01
-1.463793849239529953e-02,3.553861383279533825e+00,8.210801866647427616e+00,-2.508995115614622193e+02
-4.089016672264625049e-03,8.864811838626061036e-01,1.002489545709890173e+01,-2.527736923901545651e+02
-6.084138480472554324e-03,9.046312045724377526e+00,2.489869354038350302e+00,-1.851792218804237677e+02
-1.294499714699830217e-02,3.198457268852649804e+00,6.951831583654694668e+00,-2.376454614141226216e+02
-1.319164252417870040e-02,1.155323224798314063e+00,1.470561987602066978e+01,-2.551948496113701594e+02
-5.828149861423962026e-03,9.731786432107745188e-01,6.304663676527836103e+00,-2.424649851478172877e+02
-6.460299332313046081e-03,6.377517881525237575e-01,1.128028126658264796e+01,-2.457280377462220713e+02
-8.294503240817104051e-03,4.065622242091153637e+00,8.514808187743829748e+00,-2.641546303730369232e+02
-1.786864522307746866e-02,1.393398023025240295e+00,1.436188874997723097e+01,-2.542048018451514224e+02
-1.637423832978572233e-03,1.832623490681659462e+01,1.034374228909161531e+00,-8.079138268666419265e+01
-5.182963901604807806e-03,7.712024091129247694e+00,2.215028365344619665e+00,-1.872633305485814503e+02
-9.689904484148366415e-03,1.854674141622047046e+01,3.313002562565982245e+00,-1.791865667420619843e+02
-8.894407775494934552e-04,2.901260005399502262e+01,6.237950346000569191e-01,-9.368055766612206980e+01
-8.978545362353720916e-03,2.367812692754912973e+01,3.144942117812023596e+00,-1.495860289618094612e+02
-1.308242995690515713e-02,1.852230407766305431e+00,1.419183315894445485e+01,-2.604039080899404439e+02
-1.334720626707670528e-03,4.802826129191498872e+00,1.124032761855418006e+00,-1.156227390302054090e+02
-4.296553584472638737e-04,2.284108709741507326e+01,4.276691575305126558e-01,-1.239042375548925179e+02
-1.352486484407557261e-02,4.221771599493876259e+00,8.009961404262730511e+00,-2.476707494376270233e+02
-3.043441690181108040e-03,5.466167257902956322e+00,2.109860860922374126e+00,-1.099250288747163751e+02
-9.903426808013079952e-03,2.008188726772461052e+01,3.652552687780546314e+00,-1.627244207472301127e+02
-1.238062170342727787e-02,1.292533550422853850e+01,4.927221127699781711e+00,-1.879926656373061178e+02
-3.050803540223058063e-03,5.492520619567844875e+00,1.942716732436259086e+00,-1.740341083686377033e+02
-2.678011814912202061e-03,1.795450215935682436e+01,1.386512155958099068e+00,-1.513126364571812701e+02
-1.619201170724494238e-02,2.843202611492572807e+00,7.705191342909919250e+00,-2.371172112786488810e+02
-1.854970236356506819e-02,3.407751596880737033e+00,8.915751421466158178e+00,-2.467133939991502416e+02
-5.598397605609176271e-03,8.844110378098799075e+00,2.486942693632120616e+00,-1.872091710438536154e+02
-1.325273061012352885e-02,2.111703277426871495e+01,4.521422566230437035e+00,-1.648369748167849593e+02
-1.406703782472575742e-02,1.353908170010476253e+00,9.582687185199546320e+00,-2.241494325203472613e+02
-1.827523742994197748e-04,2.212312155867779495e+01,3.501571525567800935e-01,-7.774579183238138569e+01
-2.177982687407460996e-03,5.918931604482549069e+00,1.616963871649613083e+00,-1.896955867261455921e+02
-6.373036405375199012e-03,8.978232438979247831e+00,2.533403147841341241e+00,-1.902591076178637195e+02
-6.255703027323644477e-04,4.368053027884203354e-01,9.237241261018519722e+00,-2.441387520236735327e+02
-5.969204377176225672e-03,2.160820655097500875e+00,5.324260499940307589e+00,-2.485897627141415853e+02
-1.704505919506060785e-02,3.126022700367627749e+00,8.964603316208343387e+00,-2.515251283402427305e+02
-1.588560939250095033e-02,1.725551276046776605e+00,8.267526820358135353e+00,-2.388319344925311043e+02
-1.025109392835829233e-02,4.633106632837320937e+00,5.863007610768550038e+00,-2.528345685614374077e+02
-9.208042956905249099e-03,5.136309778461663811e+00,3.801059130721063273e+00,-2.202326662472946168e+02
-1.581257474426752199e-02,1.124276298453618317e+00,1.036173142302279793e+01,-2.510882232722356093e+02
-1.297967247301454402e-03,8.345967351978933468e-01,2.227227180265186401e+00,-1.474166353546112305e+02
-1.118930005513141951e-02,8.409650556364056229e+00,4.405839657678344956e+00,-1.964596175534417171e+02
-9.883482824538439987e-03,6.598440063976251935e+00,4.140447110996547053e+00,-1.685448843714694931e+02
-1.249491708174941401e-02,4.706284273342240532e+00,5.351842618336230650e+00,-2.296168986410830826e+02
-2.606644048454381107e-03,5.238798947507177228e-01,4.717287213426995862e+00,-2.298015437856067820e+02
-1.828057481684811428e-02,1.458175761064104847e+00,1.046668241314735326e+01,-2.563838722148296370e+02
-1.556592019487691367e-02,4.711618654296141351e+00,7.163128668376500308e+00,-2.445226201595913835e+02
-1.203661704013303871e-02,1.302936301126438989e+00,7.901659274924209164e+00,-2.335911641919911403e+02
-2.658041766372092832e-03,9.601672229875140019e-01,4.195429346845406471e+00,-2.484357045501389791e+02
-1.185252216288750632e-02,1.755639869690019506e+00,8.188163320231447884e+00,-2.569029043842068063e+02
-5.445974774361542680e-04,6.767177186352943963e+00,7.748167883305412396e-01,-1.740012831689267614e+02
-7.745892650774007480e-03,1.072930347047337696e+00,5.941948632368455385e+00,-2.276200388423464460e+02
-3.645016086954117572e-03,4.327693403141758210e+00,5.622757532610252795e+00,-2.614144056190033893e+02
-1.343468847736036106e-03,6.786061515960478685e-01,2.598373396738994590e+00,-2.266812907189516295e+02
-7.815584010249804897e-03,1.189806681135450628e+00,4.380139627225857701e+00,-1.953192459947272255e+02
-1.797398305949430772e-02,2.816646856733792781e+00,1.007746503344080580e+01,-2.556001551825150386e+02
-8.004457951375350223e-04,8.699732037335676793e-01,2.533873568473287818e+00,-2.610269614258436945e+02
-1.923197079032836279e-02,3.443322564431758437e+00,9.747911488714407824e+00,-2.382047018828006628e+02
-5.183290182736203459e-04,1.203942732399311488e+00,1.346053046117065000e+00,-1.892788381981245607e+02
-1.252439460282550078e-02,3.719830188173602892e+00,6.921668628131789625e+00,-2.518505114160144842e+02
-7.330541074927312932e-03,1.364276644766345470e+01,2.764662630415943845e+00,-1.147957321161037498e+02
-9.637625677792115110e-04,4.898438820330279775e-01,2.547790693601097889e+00,-1.473031062870671803e+02
-1.686298948719948745e-02,2.600075418460260579e+00,8.347297367030117599e+00,-2.432451334085755548e+02
-6.284006164514220789e-03,1.156185157155758425e+00,4.284858654748252782e+00,-1.923202771589515123e+02
-1.751861692566515291e-02,2.170025375003597823e+00,9.884959670050109892e+00,-2.578649971955267688e+02
-1.406096540798017040e-02,2.662245493312045852e+00,6.805810414424979804e+00,-2.362911262556113741e+02
-1.271969296492365346e-03,5.260359655685694635e-01,2.648563360373936248e+00,-2.298707847418268670e+02
-1.053811462252990860e-03,9.942216085497971534e+00,7.045763543225804781e-01,-1.235315678265169623e+02
-1.234219821618934461e-02,2.013945597068942384e+00,6.107533353180258473e+00,-2.013917752275238797e+02
-1.711466428054691027e-02,5.239062890537313777e+00,7.578859469103631952e+00,-2.363086388117881711e+02
-5.697125889435706442e-03,5.581188281443738575e+00,3.446474778737700362e+00,-2.307876238811177529e+02
-1.929506477353419482e-03,6.621890764093098625e+00,1.119538684846173471e+00,-1.832989692650043878e+02
-2.038728224813527931e-02,2.583379599647333436e+00,1.037498725846098147e+01,-2.580173119816309395e+02
-4.828699097068167405e-03,7.401025708652566593e-01,4.756413508502913778e+00,-2.359326698792812920e+02
-6.598462566489788272e-04,1.526064398373340625e+00,1.286491546446732137e+00,-1.876033972251429418e+02
-7.225994215212008277e-03,5.351032971827491380e+00,4.515610495549398529e+00,-2.506745373552107310e+02
-1.199001820027473589e-02,1.126264199760716700e+01,4.115946504963590158e+00,-1.925907186412428018e+02
-7.135129996331714651e-03,1.469234773725219378e+00,6.161890380055896621e+00,-2.600007057902900556e+02
-3.311790941908214839e-03,5.366504851253347752e+00,3.353534813922001145e+00,-2.510688807525354775e+02
-9.107188880798399930e-03,6.428405103113028929e+00,5.078342902470733833e+00,-2.264654292094652135e+02
-1.019378259639007814e-02,1.450518727913798545e+00,6.222897696867169870e+00,-2.331339813211401975e+02
-2.229804569198740819e-03,9.106242371237176503e-01,5.008388449231131467e+00,-2.533985737803126312e+02
-3.988449497477045483e-03,1.680062137253910137e+01,2.123183848753355640e+00,-1.845128525277402218e+02
-1.656181963704578871e-03,1.173556600999880128e+00,2.599918879730689802e+00,-2.512711591177127275e+02
-1.761682960342807538e-02,9.262702850512745556e+00,7.218080654499881454e+00,-2.406499622195714494e+02
-1.365914230239854976e-02,6.097987969185164836e+00,7.177268146704086860e+00,-2.546899487609377104e+02
-1.588872704444110190e-02,9.765442638546725007e+00,6.702869076392325098e+00,-2.265754588402875243e+02
-9.941616427327409911e-03,5.947972078698893661e+00,4.230675666245432787e+00,-1.828937860255398959e+02
-1.354491095050827480e-02,5.804963410241869681e+00,6.435941144874561815e+00,-2.321103890622036943e+02
-2.106601474750333710e-03,1.220057061044527158e+00,6.026051019890198646e+00,-2.561944048425607434e+02
-1.005047607638180672e-03,4.657520734035530685e-01,2.652362639026344837e+00,-1.404928448078006795e+02
-1.011207826719941714e-02,8.370691238987397753e-01,6.558372038982737351e+00,-2.349415338035076388e+02
-1.656877784139790602e-02,1.233685762751850712e+00,1.242423301296585336e+01,-2.298613429606143654e+02
-9.385465433507978600e-03,1.304041316745262913e+00,7.475068783318894461e+00,-2.588292907845536206e+02
-7.854769043251939517e-03,8.149140433186992993e+00,3.495711481652677755e+00,-1.992365154417164490e+02
-1.393566514841984745e-02,1.410594626024078257e+00,9.520880729541019605e+00,-2.249644019030762365e+02
-1.158791939947862110e-03,1.035716709467935459e+01,7.172547048932240710e-01,-1.139879590315436388e+02
-8.119009033480244783e-04,1.478304598618822130e+00,1.390618396646496002e+00,-1.949586110275874944e+02
-1.848455974788403705e-02,1.564565851322827106e+00,1.047169956052097639e+01,-2.113455388724474062e+02
-8.885494895073361640e-03,1.160691519051786358e+01,3.542033951882884057e+00,-1.563401956044266967e+02
-1.099833281051931788e-02,5.609533853388366964e+00,4.869080352385208421e+00,-1.690396241974096370e+02
-1.413863308291479163e-03,7.517835669547892508e+00,9.000302386914650343e-01,-1.778173779422113512e+02
-1.130914310689891140e-03,1.354762235470919229e+00,1.657323602136115515e+00,-2.283470590233853841e+02
-4.733401062789341363e-03,5.385177240458985715e+00,3.393433167595600430e+00,-2.255607529018220134e+02
-7.979302532132854890e-04,2.225914010782702235e+00,1.051727281284182247e+00,-9.427845866009468523e+01
-6.301036000362901859e-03,1.501544472765843130e+00,5.335134248242111354e+00,-2.270724028238579990e+02
-8.093213920343102219e-03,1.160152008640017662e+00,5.190407518663191944e+00,-1.939986223101020641e+02
-1.259338045261934949e-02,1.820566287795220717e+01,4.670091931603137070e+00,-1.979014549454577434e+02
-2.123499346861750306e-03,1.008039369364019056e+00,3.111022949225170198e+00,-2.517304367693760412e+02
-1.312540586745851445e-02,1.795959461840361815e+00,7.143501337385226968e+00,-1.955612251465287841e+02
-2.195961829743518865e-03,4.441958635465577121e-01,5.533583174945861494e+00,-2.301321004950870588e+02
-7.724794895703905899e-04,1.059493889020439727e+00,2.477099791352722846e+00,-2.626424858653410297e+02
-7.120715858626170932e-04,1.188733875840322973e+00,1.370089448695676948e+00,-1.934505027095678429e+02
-1.022457906627226645e-02,2.038011707740914780e+00,5.185653042480109498e+00,-2.073198688630452580e+02
-1.458250838091947749e-02,1.165549689770030595e+00,9.685377967256995291e+00,-2.488069509879368013e+02
-1.268256914547221878e-02,2.629694650686056789e+00,5.376732124648928135e+00,-1.923458227443944963e+02
-7.327851678141943017e-04,8.601970527470623296e+00,6.460725174699473161e-01,-1.185431080765254137e+02
-9.456657367326882493e-04,6.839947815230715822e-01,2.044513842015930560e+00,-1.753191559772579922e+02
-1.025216674374053363e-03,6.776952629617800650e-01,2.356501239160210037e+00,-2.328976263141158256e+02
-7.624103094333038906e-04,8.682235216369531550e-01,4.608933257226380142e+00,-2.654516053499664849e+02
-9.474628218736975277e-03,8.017821677706713501e+00,3.924843048490230579e+00,-2.181033884531420881e+02
-1.268158300905457628e-02,8.570181967393240008e-01,8.349148966569305941e+00,-2.416097293596365319e+02
-4.405810633098065747e-03,1.512610801917544379e+01,1.729756244133482612e+00,-1.739229773498497025e+02
-2.169895237726432967e-03,5.689898012576927400e+00,1.379831093940072417e+00,-1.875122915415362286e+02
-1.140861159101235096e-02,1.307004390836087770e+00,7.166345754775155896e+00,-2.409581942971310582e+02
-1.265242518538080112e-02,4.170134843374677658e+00,6.393868644028876780e+00,-2.468413748610467451e+02
-5.145144676638646088e-03,1.054531209680376502e+00,6.767998301102193359e+00,-2.577782525875459783e+02
-1.335620353736907857e-02,4.453278117690734561e+00,9.591229816594941227e+00,-2.673599475580989520e+02
-1.104026285987606132e-02,5.613582184517810880e+00,5.200445567010459236e+00,-2.382367614564652456e+02
-7.802413131789997548e-03,7.796581433839668840e-01,6.039614767907880655e+00,-2.393567514447636881e+02
-1.303379208951111791e-02,1.740538521625750734e+00,8.499052113723445601e+00,-2.606756325795730618e+02
-7.746815550367271500e-03,5.709410467646501175e+00,3.886458910817574441e+00,-2.361060778491139445e+02
-1.566568254530664728e-02,3.095358431521963993e+00,8.411162124692431519e+00,-2.624146328714189167e+02
-7.978937724801280808e-04,4.620675767609020212e+00,7.858727192297795261e-01,-1.201284030954669788e+02
-1.123331274103518511e-02,2.720271487706226843e+00,7.110965341275469420e+00,-2.609474906454589700e+02
-5.303160455780745949e-03,7.967317377602494144e-01,4.513675585168665627e+00,-1.946470040966630677e+02
-2.708982348730232595e-03,5.139178414794875138e+00,5.322948144186625541e+00,-2.688373458669112210e+02
-9.175856251677615844e-03,4.790942935062048491e+00,3.576798153877944308e+00,-1.758870837229717097e+02
-2.365518006782973970e-03,6.847121896762097926e+00,2.793749888061091813e+00,-2.344547888989172861e+02
-1.290448289844465211e-02,2.933269185187884709e+00,6.643335460559447014e+00,-2.302002137942926083e+02
-1.128378224472531728e-02,6.586681347632620032e+00,6.762231914791882126e+00,-2.594551370178804177e+02
-1.453200362600788262e-02,1.125601906564406285e+00,8.286135658149500927e+00,-2.199531187477206231e+02
-6.219415114088498037e-03,4.496428829245120440e+00,6.327605257214447221e+00,-2.626361057500061520e+02
-1.173949583500114892e-02,1.594322474952297730e+00,6.622511711359815756e+00,-1.919119996542156343e+02
-6.876234528963208687e-04,1.507162685134855629e+00,1.636047995761325202e+00,-2.199136575488227550e+02
-4.607644873302120872e-03,1.254322313309631953e+00,8.283432619876487379e+00,-2.587612804011490084e+02
-2.116123147020796888e-02,2.463792509467814362e+00,9.763891149349799292e+00,-2.369921135394472174e+02
-1.224478754352703938e-02,1.637277998000960411e+00,9.975913398805589694e+00,-2.570995268112964709e+02
-1.350160881367463289e-02,6.028185587847421090e+00,8.330886160780854865e+00,-2.620327533328355116e+02
-1.966325471925622556e-02,2.441830469011245341e+00,9.541720878307033971e+00,-2.164896893317610420e+02
-1.564168256394933608e-03,7.786757368848562511e-01,3.051822787418282612e+00,-2.224066517238411507e+02
-7.580556996977817590e-03,7.964902080481060409e+00,3.027110009877757246e+00,-1.858045225057809375e+02
-2.005210187368044669e-02,3.415258351262680847e+00,9.959270390911882487e+00,-2.589896127892271238e+02
-1.772682541100984235e-02,3.325911295104011955e+00,9.205451292632790938e+00,-2.593472720293643192e+02
-1.091145251124778920e-03,1.241610420983278784e+00,5.156825271242407638e+00,-2.606096470256387079e+02
-5.583123343874764116e-04,2.434644367823303845e+00,8.691313235801766401e-01,-7.922068381860090369e+01
-1.837847997846699458e-02,3.583743059182404878e+00,7.974763224883264279e+00,-2.358549255230552149e+02
-2.108416468168486033e-02,2.993270005353161345e+00,8.824146537045798766e+00,-2.305748378952940811e+02
-1.118005049289620819e-03,7.363778131223000400e+00,9.127631831006841612e-01,-1.681899146161848648e+02
-1.713615144249106296e-03,3.066343960190329176e-01,5.903634852273463629e+00,-2.129371744935112361e+02
-9.036442152088464000e-04,9.462181027037335213e-01,1.438308535290755197e+00,-1.830105411550493955e+02
-1.637249045065773678e-02,2.651716436521525111e+00,7.679339859223014209e+00,-1.881114289691440149e+02
-3.053574791697851679e-03,1.342580210964933229e+01,1.485822621136226651e+00,-1.861347967263720307e+02
-5.383274008052189516e-03,5.409265079031706058e+00,2.927051693597543913e+00,-1.970382256879281897e+02
-1.562061841949766508e-02,1.288596746269913274e+00,9.947014722468860981e+00,-2.555938191830820756e+02
-8.362395702944756121e-04,1.979937993598699464e+01,8.456950258551468869e-01,-1.833351124421762393e+02
-7.891444645954646606e-03,2.372260391630733878e+00,3.969028208040654704e+00,-1.974574711521125039e+02
-1.225808571538307933e-02,3.271909325698500126e+00,5.369536227942210971e+00,-2.067374461993011039e+02
-5.582410580678016411e-03,2.948712285132811672e+01,1.788176522041578176e+00,-1.855136286290789940e+02
-8.965888188092295194e-03,5.620163476345085840e+00,4.355831240089751866e+00,-2.465781112664893442e+02
-6.942518435066212176e-04,8.127369324244559934e-01,4.618018085050015209e+00,-2.677860809900814161e+02
-6.840635448081029170e-03,9.622194189789720298e+00,2.719733260735591518e+00,-1.964190354221029793e+02
-1.161437593312667285e-02,2.657894382377553555e+01,4.296580168289143131e+00,-2.054209663671788917e+02
-5.333752413927792847e-03,1.797565868534164935e+01,1.893186363611790268e+00,-1.822561272820473732e+02
-1.192277710997397509e-02,9.094626313582361732e+00,4.669817687445125820e+00,-2.105559057602288249e+02
-1.879359384741243616e-02,4.996639291776913794e+00,8.017763736360622673e+00,-2.458779011101356105e+02
-1.025832739117205116e-03,1.354627265779156486e+00,1.425024308673720874e+00,-1.928860588525764115e+02
-1.367348571136439359e-02,1.325532352084538346e+01,6.456311006669609220e+00,-2.315791491353829485e+02
-2.240026963095082847e-03,1.092422331617562037e+01,1.367188239726252252e+00,-1.273940815012198158e+02
-8.413014913635935912e-03,1.875053246273780161e+01,3.377872077090904313e+00,-2.060989326325113780e+02
-1.199938344306337133e-02,8.868608737817338383e-01,7.856840014781527159e+00,-2.450664476706066921e+02
-6.856293487035178963e-03,2.214339655611686553e+00,6.694448680050607337e+00,-2.608143643882530682e+02
-6.090752999841364274e-04,7.531197990251413898e+00,9.438003362112117323e-01,-1.825657948429949329e+02
-9.050107339807858878e-03,4.974257839670160664e+00,5.369826028051331690e+00,-2.585523499993799987e+02
-1.163449112377780773e-02,2.366182257801347788e+01,4.423429587305057531e+00,-2.107785502033729585e+02
-1.646625591707439815e-02,1.715395780283963001e+00,8.045678562671087164e+00,-2.374450487599229973e+02
-5.319767095454341899e-03,6.389172700046900744e+00,3.451026431774109948e+00,-2.367883900736418639e+02
-1.392967057258284866e-03,8.460847475580197674e-01,2.427612766578600922e+00,-2.313702669280272630e+02
-1.484574679563558340e-02,8.588422460926768309e+00,8.640812926542828620e+00,-2.629986961110760149e+02
-1.104908293503806087e-02,6.103590203152982951e+00,8.725540465987586813e+00,-2.629503610114127810e+02
-2.778486327682923480e-03,5.033590586206559081e+00,5.250143331139175196e+00,-2.629524839443730002e+02
-4.779406800633034628e-03,1.411737957295521761e+00,4.403606548271572940e+00,-2.289785582642124950e+02
-5.377904268173926833e-03,6.789719812372231544e+00,3.191733106657999919e+00,-2.261666699432348651e+02
-1.904281685610222444e-02,1.837320712834760839e+00,9.244907151836939008e+00,-2.392417007461155265e+02
-6.272066197346092779e-04,8.521320843994302230e-01,2.924094025735676894e+00,-2.571476122653461402e+02
-4.736772128677233244e-04,4.447128434448913703e-01,2.334463996996518187e+00,-1.287214426693354881e+02
-2.028066321535492572e-02,1.719940807290351259e+00,1.251951663887941280e+01,-2.550475464767421272e+02
-1.634373224205060496e-02,1.558598895924286021e+00,8.474499986032244081e+00,-1.868903806071122631e+02
-8.988930476818342633e-03,1.562132908324069147e+00,7.287200824225414486e+00,-2.563934997174793011e+02
-1.552245607680288741e-02,3.154541680484006960e+00,6.595305879350587652e+00,-2.256259253750659752e+02
-2.150989367059918944e-02,1.798707752974878060e+00,1.153257365483494645e+01,-2.547592572220949307e+02
-6.299841585727985679e-03,4.654534400390871518e+00,5.306269253655636398e+00,-2.558625550409411176e+02
-1.283633395749110909e-02,1.524895544898963173e+01,5.106215928010936267e+00,-2.199182790218879120e+02
-1.271952421767280454e-02,5.799331796459810562e+00,5.064776793827705070e+00,-1.680649337097419220e+02
-1.642674206777682434e-03,6.121689766119775555e-01,3.076724710578800703e+00,-2.280904621829582766e+02
-2.015641614392496561e-02,7.758959370755011520e+00,7.892669333411736154e+00,-2.506569994765678757e+02
-3.888074056355332771e-03,5.819137718417919380e-01,4.298223824754813904e+00,-1.898651609392644275e+02
-2.171564303666030649e-02,1.848443696171339967e+00,1.157152409915775415e+01,-2.525118579481720644e+02
-1.809679173979862263e-02,6.805244081906687725e+00,7.216197943797999947e+00,-1.842221083171192220e+02
-1.263561900784101154e-02,1.928185898735134174e+01,4.542183393383476542e+00,-1.975862276796496531e+02
-1.405784389919930528e-03,1.602550939546814712e+00,5.017202941286453388e+00,-2.624649607333946619e+02
-1.189441319783041302e-02,1.148415792955302495e+00,1.167634908213879008e+01,-2.538060281846483690e+02
-2.134399943875205444e-02,4.511622694606741923e+00,9.445832354243302476e+00,-2.334050085306698747e+02
-1.386816392777889470e-02,1.151345271762668254e+01,4.988397234282099468e+00,-2.105921921075320711e+02
-4.154685335168406025e-03,1.222277141815603763e+01,2.142960534422750918e+00,-2.018698704451225012e+02
-2.103772373026416634e-02,8.152671571097798164e+00,8.191866096371821726e+00,-2.376669118747716709e+02
-7.761144539217917915e-03,6.787662130848273634e+00,8.979580450508922951e+00,-2.670923088991644363e+02
-1.885335413569433349e-02,9.588797917095153167e+00,7.271662592927557789e+00,-2.448578291153408202e+02
-6.795913021107147060e-04,2.513329356194812014e+00,1.196677619551306693e+00,-2.152162379485486383e+02
-6.396590537645956360e-04,7.204913003315476239e+00,8.299708775294882823e-01,-1.760841984845262118e+02
-8.769961981199078530e-04,4.372728855378325896e+00,1.393064755780781594e+00,-2.162737134618182608e+02
-9.875796189119505700e-03,1.464632078392435810e+00,6.757426203049456070e+00,-2.436621322435770196e+02
-2.326365600734343550e-02,5.848645235969717859e+00,1.275431761916654949e+01,-2.602513139212919668e+02
-8.325532578845084783e-03,1.220671772057551729e+00,5.476954360929719989e+00,-2.364924473785237637e+02
-2.172033367783842914e-02,8.038511474360635845e+00,8.846747949398038102e+00,-2.516346406258755337e+02
-3.637114461251196086e-04,1.288142568053888271e+00,2.621666900212436868e+00,-2.845125114190788622e+02
-4.268145937199903503e-04,1.328507756408014329e+00,2.324758318650971045e+00,-2.828819246746765543e+02
-3.835045171586519007e-04,1.280702215086895190e+00,2.438824466649013978e+00,-2.832372953017992359e+02
-3.522521981636642986e-04,1.094063402227039905e+00,2.980262819720508105e+00,-2.835514432520545256e+02
-3.636096400981716050e-04,1.197894335318314463e+00,2.844490291755922939e+00,-2.847105460235482610e+02
-3.526676383439952605e-04,1.169569260758031026e+00,3.007516167471194102e+00,-2.851170118422471091e+02
-3.704964352166073799e-04,1.192989011649495223e+00,3.164608074312167840e+00,-2.853225657396556016e+02
-4.347820761934069835e-04,1.391620475438062554e+00,2.212444958359649938e+00,-2.812364488807369298e+02
-3.625037530027052962e-04,1.243852878913335847e+00,2.645530077437379113e+00,-2.845227154876088207e+02
-3.532226681306699172e-04,1.175988994273949428e+00,3.010938806686950020e+00,-2.851048348895965319e+02
-3.704964352166073799e-04,1.192989011649495223e+00,3.164608074312167840e+00,-2.853225657396556016e+02
-3.835479004702613769e-04,1.280768727275594765e+00,2.438963886299589046e+00,-2.832452595410421168e+02
-4.272370579172732612e-04,1.327441122015532882e+00,2.328447419423117282e+00,-2.829106475334521633e+02
-3.828567307824909394e-04,1.334267502113966275e+00,2.574271710707625616e+00,-2.842407130788647578e+02
-3.673254271674572741e-04,1.355763407698754586e+00,2.784941715380900629e+00,-2.848812023068159647e+02
-3.635321828640014630e-04,1.294105652996418998e+00,2.913641981691987848e+00,-2.851033881424576748e+02
-3.839599747289734939e-04,1.301525336553367662e+00,2.582600102445559376e+00,-2.842856767671381135e+02
-3.832970177540376603e-04,1.334403619230464910e+00,2.572379473092727409e+00,-2.842316117538427989e+02
-3.657157357893461359e-04,1.330960380202818483e+00,2.604941993595419447e+00,-2.844267643255047346e+02
-3.748306994596900792e-04,1.363636104925557646e+00,2.765808634488733819e+00,-2.848111253783939105e+02
-3.650301123179840353e-04,1.334891189003107881e+00,2.786158061949003173e+00,-2.849051038027176332e+02
-3.637114461251196086e-04,1.288142568053888271e+00,2.621666900212436868e+00,-2.845125114190788622e+02
-3.638225458973029752e-04,1.291910917348367382e+00,2.627347098386954460e+00,-2.845295314438437231e+02
-3.649543344179116732e-04,1.321443233156180730e+00,2.664999855108830751e+00,-2.846422599806967924e+02
-3.650301123179840353e-04,1.334891189003107881e+00,2.786158061949003173e+00,-2.849051038027176332e+02
-3.649543344179116732e-04,1.321443233156180730e+00,2.664999855108830751e+00,-2.846422599806967924e+02
-3.649543344179116732e-04,1.321443233156180730e+00,2.664999855108830751e+00,-2.846422599806967924e+02
-3.649543344179116732e-04,1.321443233156180730e+00,2.664999855108830751e+00,-2.846422599806967924e+02
-3.649543344179116732e-04,1.321443233156180730e+00,2.664999855108830751e+00,-2.846422599806967924e+02
-3.649543344179116732e-04,1.321443233156180730e+00,2.664999855108830751e+00,-2.846422599806967924e+02
-3.832057078180903958e-04,1.361143023533391672e+00,2.490428182406370983e+00,-2.837732130487090672e+02
-3.829809258727145385e-04,1.252286373402312636e+00,2.591712387665363160e+00,-2.843046087950183392e+02
-3.654848678341026075e-04,1.332330666174534439e+00,2.660657104760149938e+00,-2.846182586431578443e+02
-3.607696441181913348e-04,1.237251089735198706e+00,2.817135483055975609e+00,-2.848844163758965919e+02
-3.829809258727145385e-04,1.252286373402312636e+00,2.591712387665363160e+00,-2.843046087950183392e+02
-3.551016767576856180e-04,1.172721786452622039e+00,2.709669940853240089e+00,-2.845028262435326383e+02
-3.635321828640014630e-04,1.294105652996418998e+00,2.913641981691987848e+00,-2.851033881424576748e+02
-3.555927276199440665e-04,1.183992805117004332e+00,2.975216557382271532e+00,-2.851073721337168649e+02
-3.723767532421261707e-04,1.201611260165718287e+00,3.149599406866955498e+00,-2.853132577238810086e+02
-3.650301123179840353e-04,1.334891189003107881e+00,2.786158061949003173e+00,-2.849051038027176332e+02
-3.637749404518614369e-04,1.282994934124418229e+00,2.622990127088255186e+00,-2.845155305214951227e+02
-3.637114461251196086e-04,1.288142568053888271e+00,2.621666900212436868e+00,-2.845125114190788622e+02
-4.254647504989366694e-04,1.322951574020310606e+00,2.341109472863364349e+00,-2.829845983580531197e+02
-4.254647504989366694e-04,1.322951574020310606e+00,2.341109472863364349e+00,-2.829845983580531197e+02
-3.649543344179116732e-04,1.321443233156180730e+00,2.664999855108830751e+00,-2.846422599806967924e+02
-3.704964352166073799e-04,1.192989011649495223e+00,3.164608074312167840e+00,-2.853225657396556016e+02
-3.649543344179116732e-04,1.321443233156180730e+00,2.664999855108830751e+00,-2.846422599806967924e+02
-3.649543344179116732e-04,1.321443233156180730e+00,2.664999855108830751e+00,-2.846422599806967924e+02
-4.355153037916578251e-04,1.286012424308367930e+00,2.517633799546974416e+00,-2.837909768632405303e+02
-3.649543344179116732e-04,1.321443233156180730e+00,2.664999855108830751e+00,-2.846422599806967924e+02
-3.649543344179116732e-04,1.321443233156180730e+00,2.664999855108830751e+00,-2.846422599806967924e+02
-3.650301123179840353e-04,1.334891189003107881e+00,2.786158061949003173e+00,-2.849051038027176332e+02
-3.637114461251196086e-04,1.288142568053888271e+00,2.621666900212436868e+00,-2.845125114190788622e+02
-3.637114461251196086e-04,1.288142568053888271e+00,2.621666900212436868e+00,-2.845125114190788622e+02
-3.649543344179116732e-04,1.321443233156180730e+00,2.664999855108830751e+00,-2.846422599806967924e+02
-3.637114461251196086e-04,1.288142568053888271e+00,2.621666900212436868e+00,-2.845125114190788622e+02
-3.637114461251196086e-04,1.288142568053888271e+00,2.621666900212436868e+00,-2.845125114190788622e+02
-3.631187874817741815e-04,1.283952893116993899e+00,2.688589895552872644e+00,-2.846617296816251610e+02
-3.829809258727145385e-04,1.252286373402312636e+00,2.591712387665363160e+00,-2.843046087950183392e+02
-3.606473589222427482e-04,1.240663714516010208e+00,2.795736049201217543e+00,-2.848499139349919460e+02
-3.598527701678168062e-04,1.237317348305302600e+00,2.925493932629791960e+00,-2.851057186420117091e+02
-3.618661531033947297e-04,1.243243576405159034e+00,2.646983910596790501e+00,-2.845276625475688093e+02
-3.650301123179840353e-04,1.334891189003107881e+00,2.786158061949003173e+00,-2.849051038027176332e+02
-3.637114461251196086e-04,1.288142568053888271e+00,2.621666900212436868e+00,-2.845125114190788622e+02
-3.637114461251196086e-04,1.288142568053888271e+00,2.621666900212436868e+00,-2.845125114190788622e+02
-3.829809258727145385e-04,1.252286373402312636e+00,2.591712387665363160e+00,-2.843046087950183392e+02
-3.643459323456984438e-04,1.313823714188773195e+00,2.667303288760156210e+00,-2.846451577454825497e+02
-3.649543344179116732e-04,1.321443233156180730e+00,2.664999855108830751e+00,-2.846422599806967924e+02
-3.555927276199440665e-04,1.183992805117004332e+00,2.975216557382271532e+00,-2.851073721337168649e+02
-3.643459323456984438e-04,1.313823714188773195e+00,2.667303288760156210e+00,-2.846451577454825497e+02
-3.637779725009509407e-04,1.288362506366865778e+00,2.630592779369175016e+00,-2.845397467406146461e+02
-3.649543344179116732e-04,1.321443233156180730e+00,2.664999855108830751e+00,-2.846422599806967924e+02
-3.637811435439459681e-04,1.287926696737736743e+00,2.627164183511303541e+00,-2.845313134449428958e+02
-3.643275762574193426e-04,1.322045229399222199e+00,2.754969639529207814e+00,-2.848335840081441006e+02
-3.643459323456984438e-04,1.313823714188773195e+00,2.667303288760156210e+00,-2.846451577454825497e+02
-3.609467419684570075e-04,1.238397151424038833e+00,2.704622311256502876e+00,-2.846529408778242214e+02
-3.637811435439459681e-04,1.287926696737736743e+00,2.627164183511303541e+00,-2.845313134449428958e+02
-3.639046669504638959e-04,1.314419195766873827e+00,2.787447730688030756e+00,-2.848944521143319548e+02
-3.630797829882779853e-04,1.273013523296167238e+00,2.632008248768907599e+00,-2.845268465038094519e+02
-3.637811435439459681e-04,1.287926696737736743e+00,2.627164183511303541e+00,-2.845313134449428958e+02
-3.643459323456984438e-04,1.313823714188773195e+00,2.667303288760156210e+00,-2.846451577454825497e+02
-3.643459323456984438e-04,1.313823714188773195e+00,2.667303288760156210e+00,-2.846451577454825497e+02
-3.635951140579651440e-04,1.288180546062823062e+00,2.637076995356286702e+00,-2.845551133236147052e+02
-3.643459323456984438e-04,1.313823714188773195e+00,2.667303288760156210e+00,-2.846451577454825497e+02
-3.561584550988087096e-04,1.260202006205617176e+00,2.787600519207303229e+00,-2.848622777474504915e+02
-3.643275762574193426e-04,1.322045229399222199e+00,2.754969639529207814e+00,-2.848335840081441006e+02
-3.643459323456984438e-04,1.313823714188773195e+00,2.667303288760156210e+00,-2.846451577454825497e+02
-3.628290053432594773e-04,1.282575293186824616e+00,2.680068459491260047e+00,-2.846464391329073464e+02
-3.643459323456984438e-04,1.313823714188773195e+00,2.667303288760156210e+00,-2.846451577454825497e+02
-3.628290053432594773e-04,1.282575293186824616e+00,2.680068459491260047e+00,-2.846464391329073464e+02
-3.643459323456984438e-04,1.313823714188773195e+00,2.667303288760156210e+00,-2.846451577454825497e+02
-3.643459323456984438e-04,1.313823714188773195e+00,2.667303288760156210e+00,-2.846451577454825497e+02
-3.643459323456984438e-04,1.313823714188773195e+00,2.667303288760156210e+00,-2.846451577454825497e+02
-3.643459323456984438e-04,1.313823714188773195e+00,2.667303288760156210e+00,-2.846451577454825497e+02
-3.628290053432594773e-04,1.282575293186824616e+00,2.680068459491260047e+00,-2.846464391329073464e+02
-3.643459323456984438e-04,1.313823714188773195e+00,2.667303288760156210e+00,-2.846451577454825497e+02
-3.643459323456984438e-04,1.313823714188773195e+00,2.667303288760156210e+00,-2.846451577454825497e+02
-3.643459323456984438e-04,1.313823714188773195e+00,2.667303288760156210e+00,-2.846451577454825497e+02
-3.643459323456984438e-04,1.313823714188773195e+00,2.667303288760156210e+00,-2.846451577454825497e+02
-3.695608603951925980e-04,1.208538356842043138e+00,2.652548440570849486e+00,-2.844294614210336363e+02
-3.502082809073666682e-04,1.084576162242131270e+00,2.786682937026570439e+00,-2.837952194442335099e+02
-3.513297692086606852e-04,1.138507415529789180e+00,2.855604714780735964e+00,-2.848711596848325485e+02
-3.404739341409997329e-04,1.111656274297503133e+00,3.259258384269942077e+00,-2.851230001474359028e+02
-3.421703915965353484e-04,1.149733515926208982e+00,3.354951453179133125e+00,-2.855436283038600891e+02
-3.407358972287202986e-04,1.150010003024785954e+00,3.730895599079075531e+00,-2.859913779079666369e+02
-3.354603429625629615e-04,1.066943309681056329e+00,3.379320973169283704e+00,-2.848979307845032167e+02
-3.444731566511437509e-04,1.157469796740596024e+00,3.464932756436120975e+00,-2.856808169741534016e+02
-3.430485079047041743e-04,1.155467086353274997e+00,3.732535177593599318e+00,-2.860055072612045137e+02
-3.654723496632401891e-04,1.148846768898249993e+00,2.707695084069941416e+00,-2.841967127128460788e+02
-3.709494196169204499e-04,1.227413540434840522e+00,2.643424314262613262e+00,-2.844931772408542088e+02
-3.645475065065970858e-04,1.336248685133422986e+00,2.782103676199093822e+00,-2.849068685522850615e+02
-3.839694220385782481e-04,1.414301224718278016e+00,3.373392082608843268e+00,-2.854932635499876028e+02
-3.781177294012943806e-04,1.422013085069266936e+00,3.468018573032141116e+00,-2.856708044623231331e+02
-3.644297141474745448e-04,1.326463217044708154e+00,2.617931375971435770e+00,-2.844901644592701473e+02
-3.662050235232633421e-04,1.343827865475832661e+00,2.633038208608267539e+00,-2.845384024654009067e+02
-3.653082366078356526e-04,1.345240995267529049e+00,2.773485040796113577e+00,-2.848904049631545945e+02
-3.818552201146737301e-04,1.440076237297421846e+00,2.956145292108484313e+00,-2.850782916715514261e+02
-3.632892402812077292e-04,1.365704153030676160e+00,3.316094652454693925e+00,-2.855882757382781278e+02
-3.584188687947699545e-04,1.316092496597976114e+00,2.699672013549432315e+00,-2.847565451927515028e+02
-3.653082366078356526e-04,1.345240995267529049e+00,2.773485040796113577e+00,-2.848904049631545945e+02
-3.628189806288676538e-04,1.307191446343657359e+00,2.904264795391017451e+00,-2.851019269111853873e+02
-3.628189806288676538e-04,1.307191446343657359e+00,2.904264795391017451e+00,-2.851019269111853873e+02
-3.647150909951295023e-04,1.336831632696460437e+00,2.794252985966430014e+00,-2.849300536267668349e+02
-3.627787428733830494e-04,1.306816835415761657e+00,2.889345551892790187e+00,-2.850786318388394989e+02
-3.628189806288676538e-04,1.307191446343657359e+00,2.904264795391017451e+00,-2.851019269111853873e+02
-3.627787428733830494e-04,1.306816835415761657e+00,2.889345551892790187e+00,-2.850786318388394989e+02
-3.628189806288676538e-04,1.307191446343657359e+00,2.904264795391017451e+00,-2.851019269111853873e+02
-3.662050235232633421e-04,1.343827865475832661e+00,2.633038208608267539e+00,-2.845384024654009067e+02
-3.523295887259549433e-04,1.150365119864837249e+00,2.827929987569216763e+00,-2.848617780770308627e+02
-3.629131944659684202e-04,1.308971999272640074e+00,2.910065694569583972e+00,-2.851082294879860228e+02
-3.437027772152135034e-04,1.149648224875514879e+00,3.258266894812686942e+00,-2.854568146103329696e+02
-3.709494196169204499e-04,1.227413540434840522e+00,2.643424314262613262e+00,-2.844931772408542088e+02
-3.468903780582621938e-04,1.142289735155972430e+00,3.009556894739545907e+00,-2.851187689036642610e+02
-3.778280417545032042e-04,1.418696590869873653e+00,3.421767021988710855e+00,-2.856484577678228902e+02
-3.430799760408512092e-04,1.148959970244164852e+00,3.274043074993549407e+00,-2.854731517864113357e+02
-3.430507761690165000e-04,1.155395912757220422e+00,3.730693145999978810e+00,-2.860024504068013016e+02
-3.632892402812077292e-04,1.365704153030676160e+00,3.316094652454693925e+00,-2.855882757382781278e+02
-3.650132527781135144e-04,1.315301639824336677e+00,2.633728697494634119e+00,-2.845537073418602176e+02
-3.709494196169204499e-04,1.227413540434840522e+00,2.643424314262613262e+00,-2.844931772408542088e+02
-3.701982437810661568e-04,1.213702307796524549e+00,2.652868039313144077e+00,-2.844911897958909890e+02
-3.649643383620520924e-04,1.341670471584739399e+00,2.779098487883183033e+00,-2.849029862557761703e+02
-3.407358972287202986e-04,1.150010003024785954e+00,3.730895599079075531e+00,-2.859913779079666369e+02
-3.627807883962260089e-04,1.306836620117748149e+00,2.889338167355945952e+00,-2.850789820085520319e+02
-3.610899173695560093e-04,1.276829664232672412e+00,2.903772558585719032e+00,-2.850911662551013137e+02
-3.598531856595375334e-04,1.209000775993885668e+00,2.667792863405694437e+00,-2.845595220111444519e+02
-3.627753296429082615e-04,1.306902503175654040e+00,2.904114028839605677e+00,-2.851017868869459448e+02
-3.627807883962260089e-04,1.306836620117748149e+00,2.889338167355945952e+00,-2.850789820085520319e+02
-3.628189806288676538e-04,1.307191446343657359e+00,2.904264795391017451e+00,-2.851019269111853873e+02
-3.653082366078356526e-04,1.345240995267529049e+00,2.773485040796113577e+00,-2.848904049631545945e+02
-3.584426387443968875e-04,1.322128248726974986e+00,2.698072683786267412e+00,-2.847568107646602016e+02
-3.628189806288676538e-04,1.307191446343657359e+00,2.904264795391017451e+00,-2.851019269111853873e+02
-3.645475065065970858e-04,1.336248685133422986e+00,2.782103676199093822e+00,-2.849068685522850615e+02
-3.584426387443968875e-04,1.322128248726974986e+00,2.698072683786267412e+00,-2.847568107646602016e+02
-3.574701864631825996e-04,1.199495554993457835e+00,2.959805851351597905e+00,-2.851409857558657563e+02
-3.569496922151361908e-04,1.208221857495195062e+00,2.749241857499661101e+00,-2.847939199417400005e+02
-3.559084293028851194e-04,1.196013598030501113e+00,3.131725888939477009e+00,-2.853716344794730162e+02
-3.556953588454550889e-04,1.196267377438120283e+00,3.338303462153155099e+00,-2.855932119116856711e+02
-3.520862273688151172e-04,1.148741431902595256e+00,2.831914368103710888e+00,-2.848665141778514567e+02
-3.573195617411368814e-04,1.208321689520943654e+00,3.124028320496702982e+00,-2.853634526577496331e+02
-3.604508865916407128e-04,1.221765554383372754e+00,2.662618505762163856e+00,-2.845778963350900312e+02
-3.569496922151361908e-04,1.208221857495195062e+00,2.749241857499661101e+00,-2.847939199417400005e+02
-3.564873234360072560e-04,1.193093173799213647e+00,2.759086037398686742e+00,-2.847996131789661263e+02
-3.608996400191755442e-04,1.275908009618935468e+00,2.876077609766820586e+00,-2.850462575414859430e+02
-3.610899173695560093e-04,1.276829664232672412e+00,2.903772558585719032e+00,-2.850911662551013137e+02
-3.430799760408512092e-04,1.148959970244164852e+00,3.274043074993549407e+00,-2.854731517864113357e+02
-3.627753296429082615e-04,1.306902503175654040e+00,2.904114028839605677e+00,-2.851017868869459448e+02
-3.646066699891742867e-04,1.335167450158450508e+00,2.778940682045329957e+00,-2.849007090397071238e+02
-3.627807883962260089e-04,1.306836620117748149e+00,2.889338167355945952e+00,-2.850789820085520319e+02
-3.554684738055400553e-04,1.192322865172276147e+00,2.782794925351484761e+00,-2.848365764323201574e+02
-3.609967739712590285e-04,1.273450051629007485e+00,2.933198075118318204e+00,-2.851340754525460852e+02
-3.578623258618847001e-04,1.208053466150298627e+00,2.942361840968851894e+00,-2.851205193727531082e+02
-3.574701864631825996e-04,1.199495554993457835e+00,2.959805851351597905e+00,-2.851409857558657563e+02
-3.569496922151361908e-04,1.208221857495195062e+00,2.749241857499661101e+00,-2.847939199417400005e+02
-3.577975937341082414e-04,1.200846592964129655e+00,3.127848360070637046e+00,-2.853623782293922773e+02
-3.554684738055400553e-04,1.192322865172276147e+00,2.782794925351484761e+00,-2.848365764323201574e+02
-3.564873234360072560e-04,1.193093173799213647e+00,2.759086037398686742e+00,-2.847996131789661263e+02
-3.578623258618847001e-04,1.208053466150298627e+00,2.942361840968851894e+00,-2.851205193727531082e+02
-3.578623258618847001e-04,1.208053466150298627e+00,2.942361840968851894e+00,-2.851205193727531082e+02
-3.554684738055400553e-04,1.192322865172276147e+00,2.782794925351484761e+00,-2.848365764323201574e+02
-3.578623258618847001e-04,1.208053466150298627e+00,2.942361840968851894e+00,-2.851205193727531082e+02
-3.573344734551451565e-04,1.199568230284110193e+00,2.949282965660851907e+00,-2.851235613915619638e+02
-3.574718277248680235e-04,1.199498033476402492e+00,2.959810509135583523e+00,-2.851406959681478952e+02
-3.578623258618847001e-04,1.208053466150298627e+00,2.942361840968851894e+00,-2.851205193727531082e+02
-3.578623258618847001e-04,1.208053466150298627e+00,2.942361840968851894e+00,-2.851205193727531082e+02
-3.578623258618847001e-04,1.208053466150298627e+00,2.942361840968851894e+00,-2.851205193727531082e+02
-3.578623258618847001e-04,1.208053466150298627e+00,2.942361840968851894e+00,-2.851205193727531082e+02
-3.578623258618847001e-04,1.208053466150298627e+00,2.942361840968851894e+00,-2.851205193727531082e+02
-3.578623258618847001e-04,1.208053466150298627e+00,2.942361840968851894e+00,-2.851205193727531082e+02
-3.578623258618847001e-04,1.208053466150298627e+00,2.942361840968851894e+00,-2.851205193727531082e+02
-3.578623258618847001e-04,1.208053466150298627e+00,2.942361840968851894e+00,-2.851205193727531082e+02
-3.578623258618847001e-04,1.208053466150298627e+00,2.942361840968851894e+00,-2.851205193727531082e+02
-3.578623258618847001e-04,1.208053466150298627e+00,2.942361840968851894e+00,-2.851205193727531082e+02
-3.578623258618847001e-04,1.208053466150298627e+00,2.942361840968851894e+00,-2.851205193727531082e+02
-3.578623258618847001e-04,1.208053466150298627e+00,2.942361840968851894e+00,-2.851205193727531082e+02
-3.578623258618847001e-04,1.208053466150298627e+00,2.942361840968851894e+00,-2.851205193727531082e+02
-3.724748913110626338e-04,1.201811088305231978e+00,2.695773264163424887e+00,-2.846021098220060708e+02
-3.677614155507672226e-04,1.141005547677353293e+00,2.753687483350517162e+00,-2.844743488745226045e+02
-3.654971508262426635e-04,1.140239778861139586e+00,2.913024323139456140e+00,-2.848861752097672593e+02
-3.472744217754885135e-04,1.144353376795130606e+00,3.103778872346693252e+00,-2.852169405814391894e+02
-3.462972957557681510e-04,1.157003027210259161e+00,3.366230932719524116e+00,-2.855719289235798897e+02
-3.436916323911300489e-04,1.161089443080064010e+00,3.577884472875704436e+00,-2.857846095615502691e+02
-3.417895183631301467e-04,1.171132496594174954e+00,3.927567789646108309e+00,-2.861535547887845610e+02
-3.747762487309611794e-04,1.129399095074429260e+00,2.695943715362889126e+00,-2.833833334808192035e+02
-3.356523532034247099e-04,1.071781481653280244e+00,3.610025325979758115e+00,-2.851273566034842020e+02
-3.384263034914638006e-04,1.128370881643805168e+00,3.967712170696147567e+00,-2.858260844190982084e+02
-3.417895183631301467e-04,1.171132496594174954e+00,3.927567789646108309e+00,-2.861535547887845610e+02
-3.844489796778416879e-04,1.148482767579785069e+00,3.149396662703090932e+00,-2.844085849351602633e+02
-3.744126078950011749e-04,1.232662092241558982e+00,2.650247783450247141e+00,-2.844876770646285991e+02
-3.750512311589951548e-04,1.310097628028989325e+00,2.649809474806530396e+00,-2.845643685919889663e+02
-3.715574555588742139e-04,1.259479560434249024e+00,3.116116433773682193e+00,-2.853077635179942604e+02
-3.593505753903671681e-04,1.274127956991955024e+00,3.397547166455701095e+00,-2.856254520444654759e+02
-3.424733241779662489e-04,1.174157118814146861e+00,3.911327564275397961e+00,-2.861399490047886616e+02
-3.744498701131038069e-04,1.308477839624585970e+00,2.650687511751962155e+00,-2.845953797361456168e+02
-3.723760163522200342e-04,1.340437553979322738e+00,2.859603970418264751e+00,-2.849710072138945520e+02
-3.640434725582485380e-04,1.276400499855750104e+00,3.052355299511899656e+00,-2.852692288697859908e+02
-3.593505753903671681e-04,1.274127956991955024e+00,3.397547166455701095e+00,-2.856254520444654759e+02
-3.627677370611199874e-04,1.276850631063953356e+00,3.389295693543611154e+00,-2.856040856814288418e+02
-3.634973860343246300e-04,1.293183482395741768e+00,2.732946691706767961e+00,-2.847831829479032990e+02
-3.645405346673653976e-04,1.281063308958863223e+00,2.932481691282966541e+00,-2.851214063293582512e+02
-3.640434725582485380e-04,1.276400499855750104e+00,3.052355299511899656e+00,-2.852692288697859908e+02
-3.600355730957909071e-04,1.197205480848778647e+00,3.242388007025192476e+00,-2.854913445462510140e+02
-3.645534782520931921e-04,1.281107543859325792e+00,2.932471728770372099e+00,-2.851205847148261796e+02
-3.640434725582485380e-04,1.276400499855750104e+00,3.052355299511899656e+00,-2.852692288697859908e+02
-3.604544902322897823e-04,1.203121150617305180e+00,3.085872073262213799e+00,-2.853098112799457908e+02
-3.604544902322897823e-04,1.203121150617305180e+00,3.085872073262213799e+00,-2.853098112799457908e+02
-3.604544902322897823e-04,1.203121150617305180e+00,3.085872073262213799e+00,-2.853098112799457908e+02
-3.653279501485883689e-04,1.320853067165254968e+00,2.873815704918485370e+00,-2.850201774842221880e+02
-3.472853333702717290e-04,1.144560824425090662e+00,3.103731479069722354e+00,-2.852188325861247904e+02
-3.600033296366918190e-04,1.201925992086448458e+00,3.254915450318265790e+00,-2.855048683962516520e+02
-3.441648329949679726e-04,1.159754593941354051e+00,3.525357192106199022e+00,-2.857300429192710567e+02
-3.656932519393135380e-04,1.253437614879531870e+00,2.666995888872926823e+00,-2.846382718841114752e+02
-3.459583372052966684e-04,1.149602029375109913e+00,3.294732907836735336e+00,-2.854526467251671988e+02
-3.605355357532678026e-04,1.291963472706468385e+00,3.662346473111844691e+00,-2.858938975479255191e+02
-3.447375530062904078e-04,1.165931552177578157e+00,3.545804158846768583e+00,-2.857993501583987950e+02
-3.424733241779662489e-04,1.174157118814146861e+00,3.911327564275397961e+00,-2.861399490047886616e+02
-3.593505753903671681e-04,1.274127956991955024e+00,3.397547166455701095e+00,-2.856254520444654759e+02
-3.724772248276157988e-04,1.201822003094129121e+00,2.695628954783825026e+00,-2.846018092697054271e+02
-3.656932519393135380e-04,1.253437614879531870e+00,2.666995888872926823e+00,-2.846382718841114752e+02
-3.623194312862547547e-04,1.185537832972168637e+00,2.740506374939291945e+00,-2.847023001627586609e+02
-3.711607138949302490e-04,1.189428959144257725e+00,2.726447040936467836e+00,-2.846381194712527645e+02
-3.645405346673653976e-04,1.281063308958863223e+00,2.932481691282966541e+00,-2.851214063293582512e+02
-3.389295290707717515e-04,1.158617735227579049e+00,3.863212063929217788e+00,-2.860205217418461530e+02
-3.604544902322897823e-04,1.203121150617305180e+00,3.085872073262213799e+00,-2.853098112799457908e+02
-3.604544902322897823e-04,1.203121150617305180e+00,3.085872073262213799e+00,-2.853098112799457908e+02
-3.550438029613846476e-04,1.140492535605470481e+00,2.928678216536344969e+00,-2.849452413521475478e+02
-3.604544902322897823e-04,1.203121150617305180e+00,3.085872073262213799e+00,-2.853098112799457908e+02
-3.640434725582485380e-04,1.276400499855750104e+00,3.052355299511899656e+00,-2.852692288697859908e+02
-3.598606123339608671e-04,1.197168140223980881e+00,3.242328278984616841e+00,-2.854920426476933812e+02
-3.645405346673653976e-04,1.281063308958863223e+00,2.932481691282966541e+00,-2.851214063293582512e+02
-3.652945625090032468e-04,1.320702617386199318e+00,2.873867088295932071e+00,-2.850199532476515856e+02
-3.604367396006835427e-04,1.203068719747588000e+00,3.085831568508516476e+00,-2.853098465004213153e+02
-3.653279501485883689e-04,1.320853067165254968e+00,2.873815704918485370e+00,-2.850201774842221880e+02
-3.595191988358417646e-04,1.195957521833506121e+00,3.255207619710417610e+00,-2.855048911713227540e+02
-3.596767652950327116e-04,1.192003410151813325e+00,2.961319466038561110e+00,-2.851054310470436235e+02
-3.462972957557681510e-04,1.157003027210259161e+00,3.366230932719524116e+00,-2.855719289235798897e+02
-3.447375530062904078e-04,1.165931552177578157e+00,3.545804158846768583e+00,-2.857993501583987950e+02
-3.545818233908624626e-04,1.170445573374635728e+00,3.152571099304148472e+00,-2.853438292204259596e+02
-3.595191988358417646e-04,1.195957521833506121e+00,3.255207619710417610e+00,-2.855048911713227540e+02
-3.623467595521784128e-04,1.253116699467296868e+00,2.748137041065430441e+00,-2.847942956332208269e+02
-3.623467595521784128e-04,1.253116699467296868e+00,2.748137041065430441e+00,-2.847942956332208269e+02
-3.596618607941575222e-04,1.184756482228655816e+00,2.934694810417050270e+00,-2.850508327024057849e+02
-3.604544902322897823e-04,1.203121150617305180e+00,3.085872073262213799e+00,-2.853098112799457908e+02
-3.604544902322897823e-04,1.203121150617305180e+00,3.085872073262213799e+00,-2.853098112799457908e+02
-3.447375530062904078e-04,1.165931552177578157e+00,3.545804158846768583e+00,-2.857993501583987950e+02
-3.604546354088716928e-04,1.203121175678385724e+00,3.085872716901207458e+00,-2.853098452590105012e+02
-3.645405346673653976e-04,1.281063308958863223e+00,2.932481691282966541e+00,-2.851214063293582512e+02
-3.604367396006835427e-04,1.203068719747588000e+00,3.085831568508516476e+00,-2.853098465004213153e+02
-3.603979755508497228e-04,1.202835773335251712e+00,3.078209721665474685e+00,-2.852983967301050825e+02
-3.598581837949257943e-04,1.197168099839804212e+00,3.242327691293469094e+00,-2.854920623327938642e+02
-3.604367396006835427e-04,1.203068719747588000e+00,3.085831568508516476e+00,-2.853098465004213153e+02
-3.595062969637132194e-04,1.195919686914130642e+00,3.253647716299850501e+00,-2.855028651307050609e+02
-3.612381022838530992e-04,1.203341422431429608e+00,2.967471106177526519e+00,-2.851257253448036408e+02
-3.594691501134323827e-04,1.195911467077885648e+00,3.253643511093667673e+00,-2.855032978826924364e+02
-3.603979755508497228e-04,1.202835773335251712e+00,3.078209721665474685e+00,-2.852983967301050825e+02
-3.616403615005180376e-04,1.203773306564989820e+00,2.966983391772683998e+00,-2.851215602822969686e+02
-3.604546354088716928e-04,1.203121175678385724e+00,3.085872716901207458e+00,-2.853098452590105012e+02
-3.604367396006835427e-04,1.203068719747588000e+00,3.085831568508516476e+00,-2.853098465004213153e+02
-3.603979755508497228e-04,1.202835773335251712e+00,3.078209721665474685e+00,-2.852983967301050825e+02
-3.604367396006835427e-04,1.203068719747588000e+00,3.085831568508516476e+00,-2.853098465004213153e+02
-3.594691501134323827e-04,1.195911467077885648e+00,3.253643511093667673e+00,-2.855032978826924364e+02
-3.604367396006835427e-04,1.203068719747588000e+00,3.085831568508516476e+00,-2.853098465004213153e+02
-3.604367396006835427e-04,1.203068719747588000e+00,3.085831568508516476e+00,-2.853098465004213153e+02
-3.604367396006835427e-04,1.203068719747588000e+00,3.085831568508516476e+00,-2.853098465004213153e+02
-3.604367396006835427e-04,1.203068719747588000e+00,3.085831568508516476e+00,-2.853098465004213153e+02
-3.604367396006835427e-04,1.203068719747588000e+00,3.085831568508516476e+00,-2.853098465004213153e+02
-3.604367396006835427e-04,1.203068719747588000e+00,3.085831568508516476e+00,-2.853098465004213153e+02
-3.604367396006835427e-04,1.203068719747588000e+00,3.085831568508516476e+00,-2.853098465004213153e+02
-3.604367396006835427e-04,1.203068719747588000e+00,3.085831568508516476e+00,-2.853098465004213153e+02
-3.604367396006835427e-04,1.203068719747588000e+00,3.085831568508516476e+00,-2.853098465004213153e+02
-3.604367396006835427e-04,1.203068719747588000e+00,3.085831568508516476e+00,-2.853098465004213153e+02
-3.604367396006835427e-04,1.203068719747588000e+00,3.085831568508516476e+00,-2.853098465004213153e+02
-3.604367396006835427e-04,1.203068719747588000e+00,3.085831568508516476e+00,-2.853098465004213153e+02
-3.604367396006835427e-04,1.203068719747588000e+00,3.085831568508516476e+00,-2.853098465004213153e+02
-3.604367396006835427e-04,1.203068719747588000e+00,3.085831568508516476e+00,-2.853098465004213153e+02
-3.592158267124859802e-04,1.215493386011195165e+00,2.697777799888975814e+00,-2.847162691727338029e+02
-4.346892618282925387e-04,1.313922666185659116e+00,2.393579724353607219e+00,-2.832120336384674602e+02
-3.682437645278286093e-04,1.208959880260505271e+00,2.586302263355920505e+00,-2.830596410127597551e+02
-4.055009890549898625e-04,1.223094734693908281e+00,2.633975230677587653e+00,-2.841958419010803141e+02
-3.528628850759731885e-04,1.151805196075796456e+00,2.945777635489722712e+00,-2.849913273855782450e+02
-3.471279908340798486e-04,1.152460477749888357e+00,3.146625248481224713e+00,-2.852916627738175066e+02
-3.445360243861776434e-04,1.170199906120500843e+00,3.569329943340859401e+00,-2.858083505923015650e+02
-4.494921914257052689e-04,1.330186245985539140e+00,2.245684146741537379e+00,-2.807969401969448313e+02
-3.741434926273784641e-04,1.147121422965685200e+00,3.133717444349500614e+00,-2.844977526339291103e+02
-3.476651283951170067e-04,1.146583177233065465e+00,3.293352140233631875e+00,-2.852699547252029220e+02
-3.445360243861776434e-04,1.170199906120500843e+00,3.569329943340859401e+00,-2.858083505923015650e+02
-4.187137792477106570e-04,1.308089351678887846e+00,2.416239621107198587e+00,-2.833752577221004572e+02
-4.292630262967881381e-04,1.319324632369975880e+00,2.392480241708759170e+00,-2.832539810770142026e+02
-4.299556880671551043e-04,1.420908778463497280e+00,2.358438037797816911e+00,-2.830728344729345736e+02
-4.040022572421999658e-04,1.350404010679734590e+00,2.622713736342599855e+00,-2.844330479331322294e+02
-4.075024675060909306e-04,1.615619761876907257e+00,3.092584268759846378e+00,-2.850508285047837376e+02
-3.617643288257886341e-04,1.357603931208474446e+00,3.450581689853741807e+00,-2.857033069289144009e+02
-4.059823037430082744e-04,1.357332591213409989e+00,2.592188150815684988e+00,-2.843139248690827685e+02
-4.066996715623724472e-04,1.364067240720794549e+00,2.589539961081495090e+00,-2.843001634939013229e+02
-3.604021767387933692e-04,1.322379009283757734e+00,2.657448589226374391e+00,-2.846950662734602702e+02
-3.610246594973883861e-04,1.327510460742457044e+00,3.030426121965953623e+00,-2.852442502285746855e+02
-3.604021767387933692e-04,1.322379009283757734e+00,2.657448589226374391e+00,-2.846950662734602702e+02
-3.604021767387933692e-04,1.322379009283757734e+00,2.657448589226374391e+00,-2.846950662734602702e+02
-3.604021767387933692e-04,1.322379009283757734e+00,2.657448589226374391e+00,-2.846950662734602702e+02
-3.596221288683090159e-04,1.324513857728350397e+00,2.743014995774874176e+00,-2.848322859957498281e+02
-3.602110241257415360e-04,1.321430223599189713e+00,2.657937297948293587e+00,-2.846960503175309896e+02
-3.602110241257415360e-04,1.321430223599189713e+00,2.657937297948293587e+00,-2.846960503175309896e+02
-3.589136866143221314e-04,1.322712445296492900e+00,2.685659736677783904e+00,-2.847390589873436397e+02
-3.602110241257415360e-04,1.321430223599189713e+00,2.657937297948293587e+00,-2.846960503175309896e+02
-3.602110241257415360e-04,1.321430223599189713e+00,2.657937297948293587e+00,-2.846960503175309896e+02
-4.080859643095534122e-04,1.365406718873925618e+00,2.588167578425458082e+00,-2.842887767218226145e+02
-4.029814049869471452e-04,1.230858513136697363e+00,2.637508276143115449e+00,-2.843840148164090920e+02
-3.515018928696732109e-04,1.164776444507041431e+00,3.000027409492628472e+00,-2.851423197009016235e+02
-3.603983448298731527e-04,1.322259601355007197e+00,2.657334711956174544e+00,-2.846942655358462844e+02
-3.553686271119626768e-04,1.157206516847964828e+00,2.769697610172642932e+00,-2.847733676022501754e+02
-3.608189430266769840e-04,1.342010551638616489e+00,3.185994736615457512e+00,-2.854210959681257123e+02
-3.490527759491502346e-04,1.153074007430567871e+00,3.026474690729584527e+00,-2.851497246049137857e+02
-3.471652450258626375e-04,1.166826621475543613e+00,3.293337262855679182e+00,-2.854876480608022007e+02
-3.681833093955165937e-04,1.341882592581742806e+00,2.936440469257012964e+00,-2.851049670626280772e+02
-3.592158267124859802e-04,1.215493386011195165e+00,2.697777799888975814e+00,-2.847162691727338029e+02
-3.603983448298731527e-04,1.322259601355007197e+00,2.657334711956174544e+00,-2.846942655358462844e+02
-4.292630262967881381e-04,1.319324632369975880e+00,2.392480241708759170e+00,-2.832539810770142026e+02
-4.195929714962727411e-04,1.308741471413642499e+00,2.414506989246587132e+00,-2.833658938583887448e+02
-3.604021767387933692e-04,1.322379009283757734e+00,2.657448589226374391e+00,-2.846950662734602702e+02
-3.471652450258626375e-04,1.166826621475543613e+00,3.293337262855679182e+00,-2.854876480608022007e+02
-3.602110241257415360e-04,1.321430223599189713e+00,2.657937297948293587e+00,-2.846960503175309896e+02
-3.602110241257415360e-04,1.321430223599189713e+00,2.657937297948293587e+00,-2.846960503175309896e+02
-3.731372373173511025e-04,1.261028541314504814e+00,2.516872101817832164e+00,-2.838285495525567512e+02
-3.589136866143221314e-04,1.322712445296492900e+00,2.685659736677783904e+00,-2.847390589873436397e+02
-3.604021767387933692e-04,1.322379009283757734e+00,2.657448589226374391e+00,-2.846950662734602702e+02
-3.596221288683090159e-04,1.324513857728350397e+00,2.743014995774874176e+00,-2.848322859957498281e+02
-3.601995078690692397e-04,1.322350065067856351e+00,2.657773511705228131e+00,-2.846964317661925747e+02
-3.604021767387933692e-04,1.322379009283757734e+00,2.657448589226374391e+00,-2.846950662734602702e+02
-3.596221288683090159e-04,1.324513857728350397e+00,2.743014995774874176e+00,-2.848322859957498281e+02
-3.601995078690692397e-04,1.322350065067856351e+00,2.657773511705228131e+00,-2.846964317661925747e+02
-3.603983448298731527e-04,1.322259601355007197e+00,2.657334711956174544e+00,-2.846942655358462844e+02
-3.555740646946635745e-04,1.210738135861778586e+00,2.785408181900044244e+00,-2.848508079987350357e+02
-4.029814049869471452e-04,1.230858513136697363e+00,2.637508276143115449e+00,-2.843840148164090920e+02
-3.500695220452342969e-04,1.159025179156522922e+00,2.943666892808484814e+00,-2.850421762063875804e+02
-3.531168063005382164e-04,1.179578018251580929e+00,3.132152000985940710e+00,-2.853490982851359945e+02
-3.592701287321288734e-04,1.203400200995043745e+00,2.701764171011675320e+00,-2.847115139071958083e+02
-3.595890897415236222e-04,1.236228007598555889e+00,2.985172405408381024e+00,-2.851966966607495237e+02
-3.601995078690692397e-04,1.322350065067856351e+00,2.657773511705228131e+00,-2.846964317661925747e+02
-3.592158267124859802e-04,1.215493386011195165e+00,2.697777799888975814e+00,-2.847162691727338029e+02
-3.592701287321288734e-04,1.203400200995043745e+00,2.701764171011675320e+00,-2.847115139071958083e+02
-3.602110241257415360e-04,1.321430223599189713e+00,2.657937297948293587e+00,-2.846960503175309896e+02
-3.588357355559647181e-04,1.213645564766243856e+00,2.698805993675988724e+00,-2.847195111905938916e+02
-3.531168063005382164e-04,1.179578018251580929e+00,3.132152000985940710e+00,-2.853490982851359945e+02
-3.589129741907867645e-04,1.322707803912315461e+00,2.685661149682439408e+00,-2.847390652396775863e+02
-3.601995078690692397e-04,1.322350065067856351e+00,2.657773511705228131e+00,-2.846964317661925747e+02
-3.601995078690692397e-04,1.322350065067856351e+00,2.657773511705228131e+00,-2.846964317661925747e+02
-3.601995078690692397e-04,1.322350065067856351e+00,2.657773511705228131e+00,-2.846964317661925747e+02
-3.596221288683090159e-04,1.324513857728350397e+00,2.743014995774874176e+00,-2.848322859957498281e+02
-3.585518804067879223e-04,1.211322282105904868e+00,2.704653628737701876e+00,-2.847294786681968617e+02
-3.576428130459949253e-04,1.204463428318460982e+00,2.746764569126629585e+00,-2.847866529157652735e+02
-3.588628231503554348e-04,1.215630736257290900e+00,2.698208878338641092e+00,-2.847178260204669300e+02
-3.580558031186565661e-04,1.220791253856267078e+00,2.938937584089208244e+00,-2.851094923672627601e+02
-3.586692788993292406e-04,1.207793445949996602e+00,2.701193883588890010e+00,-2.847180192997871018e+02
-3.586825947791107074e-04,1.208433489061298660e+00,2.700944474248584637e+00,-2.847179842568735353e+02
-3.585518804067879223e-04,1.211322282105904868e+00,2.704653628737701876e+00,-2.847294786681968617e+02
-3.585522376359518153e-04,1.211331087691434716e+00,2.704650279392737389e+00,-2.847294944121376261e+02
-3.585522376359518153e-04,1.211331087691434716e+00,2.704650279392737389e+00,-2.847294944121376261e+02
-3.585522376359518153e-04,1.211331087691434716e+00,2.704650279392737389e+00,-2.847294944121376261e+02
-3.554557525250896235e-04,1.210488323219129692e+00,2.791141766516143541e+00,-2.848607925886781800e+02
-3.580754543548355642e-04,1.214377474991637618e+00,2.724412972033102953e+00,-2.847606127691197457e+02
-3.585522376359518153e-04,1.211331087691434716e+00,2.704650279392737389e+00,-2.847294944121376261e+02
-3.584779584924115288e-04,1.207928549151134678e+00,2.705958895380195184e+00,-2.847292149164545094e+02
-3.585522376359518153e-04,1.211331087691434716e+00,2.704650279392737389e+00,-2.847294944121376261e+02
-3.585522376359518153e-04,1.211331087691434716e+00,2.704650279392737389e+00,-2.847294944121376261e+02
-3.585522376359518153e-04,1.211331087691434716e+00,2.704650279392737389e+00,-2.847294944121376261e+02
-3.585522376359518153e-04,1.211331087691434716e+00,2.704650279392737389e+00,-2.847294944121376261e+02
-3.585522376359518153e-04,1.211331087691434716e+00,2.704650279392737389e+00,-2.847294944121376261e+02
-3.585522376359518153e-04,1.211331087691434716e+00,2.704650279392737389e+00,-2.847294944121376261e+02
-3.585522376359518153e-04,1.211331087691434716e+00,2.704650279392737389e+00,-2.847294944121376261e+02
-3.585522376359518153e-04,1.211331087691434716e+00,2.704650279392737389e+00,-2.847294944121376261e+02
-3.585522376359518153e-04,1.211331087691434716e+00,2.704650279392737389e+00,-2.847294944121376261e+02
-3.585522376359518153e-04,1.211331087691434716e+00,2.704650279392737389e+00,-2.847294944121376261e+02
-3.585522376359518153e-04,1.211331087691434716e+00,2.704650279392737389e+00,-2.847294944121376261e+02
-3.605090011252658016e-04,1.251320883437264220e+00,2.661642670541159550e+00,-2.846271676003138396e+02
-3.892078818914258007e-04,1.253522826792640155e+00,2.542546357867070395e+00,-2.840074828187128446e+02
-3.697830364864604933e-04,1.241570580715229744e+00,2.593605558746204576e+00,-2.842684081852452778e+02
-3.568302500692108192e-04,1.197850132874705320e+00,2.733438609782370410e+00,-2.847219233071907070e+02
-3.578117368816121323e-04,1.198952832145718128e+00,2.897819354227900490e+00,-2.850293025879712445e+02
-3.554029726915333806e-04,1.193410897466956611e+00,3.084552407449316025e+00,-2.852916448547565551e+02
-3.559946644982187047e-04,1.202441795429553428e+00,3.325946153952241247e+00,-2.855249507169751837e+02
-4.679942955808264219e-04,1.317066893005439887e+00,2.421928489261358397e+00,-2.827889343886408255e+02
-3.568665163239361968e-04,1.181688607804806557e+00,2.897540080052082079e+00,-2.849962756435544406e+02
-3.549332661578359898e-04,1.177864802584897896e+00,3.344075362619411074e+00,-2.853341807767523619e+02
-3.536702182661341097e-04,1.229498573543729156e+00,3.365889804140883346e+00,-2.856097325867403356e+02
-3.900620031482637069e-04,1.271079011084816690e+00,2.541597077898334778e+00,-2.840944437671370792e+02
-3.861125584758617803e-04,1.349929309159285884e+00,2.539613845823987859e+00,-2.840584409668981607e+02
-3.649628867784234041e-04,1.317871862958985618e+00,2.796317508174099853e+00,-2.849134652779768544e+02
-3.627820751809811479e-04,1.309931373198604421e+00,2.969850699849668985e+00,-2.851927321756456877e+02
-3.623159082583527401e-04,1.277133566673745113e+00,3.248415023946426228e+00,-2.854480898213400337e+02
-3.623775513819548952e-04,1.304781667958277991e+00,2.640917689227836540e+00,-2.845896404077837474e+02
-3.649628867784234041e-04,1.317871862958985618e+00,2.796317508174099853e+00,-2.849134652779768544e+02
-3.625318747518987668e-04,1.308041979416274758e+00,2.854573886402522298e+00,-2.850200310916105195e+02
-3.627820751809811479e-04,1.309931373198604421e+00,2.969850699849668985e+00,-2.851927321756456877e+02
-3.598151706347044827e-04,1.294215421442335368e+00,2.689418923238191539e+00,-2.847287342210701695e+02
-3.627950604469057394e-04,1.308509190626757190e+00,2.809116443116807638e+00,-2.849481997056971636e+02
-3.625318747518987668e-04,1.308041979416274758e+00,2.854573886402522298e+00,-2.850200310916105195e+02
-3.627702683298444529e-04,1.309176968757937320e+00,2.800838044276123373e+00,-2.849312617708303037e+02
-3.627950604469057394e-04,1.308509190626757190e+00,2.809116443116807638e+00,-2.849481997056971636e+02
-3.627950604469057394e-04,1.308509190626757190e+00,2.809116443116807638e+00,-2.849481997056971636e+02
-3.627950604469057394e-04,1.308509190626757190e+00,2.809116443116807638e+00,-2.849481997056971636e+02
-3.627950604469057394e-04,1.308509190626757190e+00,2.809116443116807638e+00,-2.849481997056971636e+02
-3.574986329562562944e-04,1.202995474912191165e+00,2.724877578954046253e+00,-2.847250964140538940e+02
-3.639741008216202398e-04,1.335977854233936446e+00,2.833308879653358314e+00,-2.849972115885437915e+02
-3.549403908989347354e-04,1.188374427398039446e+00,3.033863635948848447e+00,-2.852259073808660901e+02
-3.605954675001129617e-04,1.253151381476907522e+00,2.660975288651491688e+00,-2.846267583361239417e+02
-3.548282092906448852e-04,1.190099425967385383e+00,2.882519810817463224e+00,-2.849865367958832394e+02
-3.619666067605853215e-04,1.305358220993292351e+00,3.019670894081726065e+00,-2.852427112390220714e+02
-3.553676106462605954e-04,1.193092014179735649e+00,3.069516635783133385e+00,-2.852719837180695208e+02
-3.627820751809811479e-04,1.309931373198604421e+00,2.969850699849668985e+00,-2.851927321756456877e+02
-3.605090011252658016e-04,1.251320883437264220e+00,2.661642670541159550e+00,-2.846271676003138396e+02
-3.623775513819548952e-04,1.304781667958277991e+00,2.640917689227836540e+00,-2.845896404077837474e+02
-3.900620031482637069e-04,1.271079011084816690e+00,2.541597077898334778e+00,-2.840944437671370792e+02
-3.698205988733560502e-04,1.242065122402763011e+00,2.593426372242614519e+00,-2.842712774380215706e+02
-3.627702683298444529e-04,1.309176968757937320e+00,2.800838044276123373e+00,-2.849312617708303037e+02
-3.559946644982187047e-04,1.202441795429553428e+00,3.325946153952241247e+00,-2.855249507169751837e+02
-3.627950604469057394e-04,1.308509190626757190e+00,2.809116443116807638e+00,-2.849481997056971636e+02
-3.627950604469057394e-04,1.308509190626757190e+00,2.809116443116807638e+00,-2.849481997056971636e+02
-3.596015991702863315e-04,1.202956990545388294e+00,2.682498133189029410e+00,-2.846248399340632318e+02
-3.626258966169425215e-04,1.304567555291491265e+00,2.843275820953380162e+00,-2.849991130524778669e+02
-3.627950604469057394e-04,1.308509190626757190e+00,2.809116443116807638e+00,-2.849481997056971636e+02
-3.625318747518987668e-04,1.308041979416274758e+00,2.854573886402522298e+00,-2.850200310916105195e+02
-3.598170075353790734e-04,1.294275359612703014e+00,2.689573844825091875e+00,-2.847291277366821873e+02
-3.599141352131937470e-04,1.295462685978383099e+00,2.681517379665583789e+00,-2.847120807991466904e+02
-3.639741008216202398e-04,1.335977854233936446e+00,2.833308879653358314e+00,-2.849972115885437915e+02
-3.627865479055368374e-04,1.309180593238313151e+00,2.800843140972332002e+00,-2.849312042242027019e+02
-3.599680190052151601e-04,1.296018953109408178e+00,2.680897613044594507e+00,-2.847121931407481839e+02
-3.576223677534442731e-04,1.203663276671918192e+00,2.725244047030265016e+00,-2.847235357352295182e+02
-3.549403908989347354e-04,1.188374427398039446e+00,3.033863635948848447e+00,-2.852259073808660901e+02
-3.554029726915333806e-04,1.193410897466956611e+00,3.084552407449316025e+00,-2.852916448547565551e+02
-3.561997769710366856e-04,1.195208260997926430e+00,2.838923065478037078e+00,-2.849395514427129115e+02
-3.629370693178583362e-04,1.312236974933599365e+00,2.973497456326417154e+00,-2.851986777929440109e+02
-3.605954675001129617e-04,1.253151381476907522e+00,2.660975288651491688e+00,-2.846267583361239417e+02
-3.605090011252658016e-04,1.251320883437264220e+00,2.661642670541159550e+00,-2.846271676003138396e+02
-3.588035887189732973e-04,1.201868957410940686e+00,2.688428494796200052e+00,-2.846368774564169826e+02
-3.624814909414848948e-04,1.308198064148266893e+00,2.809696113381681126e+00,-2.849509548871891980e+02
-3.627950604469057394e-04,1.308509190626757190e+00,2.809116443116807638e+00,-2.849481997056971636e+02
-3.554029726915333806e-04,1.193410897466956611e+00,3.084552407449316025e+00,-2.852916448547565551e+02
-3.624202912190240640e-04,1.306974578194496139e+00,2.844151821930580581e+00,-2.850034535579361545e+02
-3.625200714678911400e-04,1.309145470430922886e+00,2.799033845923347474e+00,-2.849301412733936445e+02
-3.624814909414848948e-04,1.308198064148266893e+00,2.809696113381681126e+00,-2.849509548871891980e+02
-3.625200714678911400e-04,1.309145470430922886e+00,2.799033845923347474e+00,-2.849301412733936445e+02
-3.637128554323665742e-04,1.330428144433763782e+00,2.846209560693648832e+00,-2.850158535838724561e+02
-3.585685770650071341e-04,1.229162060883400409e+00,2.877080232722350583e+00,-2.850221833852214672e+02
-3.567919528952797920e-04,1.194073393465102439e+00,2.890221383380277675e+00,-2.850130311924077091e+02
-3.598170075353790734e-04,1.294275359612703014e+00,2.689573844825091875e+00,-2.847291277366821873e+02
-3.627820751809811479e-04,1.309931373198604421e+00,2.969850699849668985e+00,-2.851927321756456877e+02
-3.561997769710366856e-04,1.195208260997926430e+00,2.838923065478037078e+00,-2.849395514427129115e+02
-3.574934950577122864e-04,1.202923141593057244e+00,2.724840893956954613e+00,-2.847217218153865019e+02
-3.569303790960767818e-04,1.196636560869557053e+00,2.842750109456896102e+00,-2.849472487793368032e+02
-3.569303790960767818e-04,1.196636560869557053e+00,2.842750109456896102e+00,-2.849472487793368032e+02
-3.561967303290272105e-04,1.195211219570303740e+00,2.838909783821286226e+00,-2.849387783351011763e+02
-3.585685770650071341e-04,1.229162060883400409e+00,2.877080232722350583e+00,-2.850221833852214672e+02
-3.562752903442608136e-04,1.195365080790259826e+00,2.852109569273638456e+00,-2.849622535825527052e+02
-3.562752903442608136e-04,1.195365080790259826e+00,2.852109569273638456e+00,-2.849622535825527052e+02
-3.569303790960767818e-04,1.196636560869557053e+00,2.842750109456896102e+00,-2.849472487793368032e+02
-3.562752903442608136e-04,1.195365080790259826e+00,2.852109569273638456e+00,-2.849622535825527052e+02
-3.562752903442608136e-04,1.195365080790259826e+00,2.852109569273638456e+00,-2.849622535825527052e+02
-3.562752903442608136e-04,1.195365080790259826e+00,2.852109569273638456e+00,-2.849622535825527052e+02
-3.562752903442608136e-04,1.195365080790259826e+00,2.852109569273638456e+00,-2.849622535825527052e+02
-3.562752903442608136e-04,1.195365080790259826e+00,2.852109569273638456e+00,-2.849622535825527052e+02
-3.562752903442608136e-04,1.195365080790259826e+00,2.852109569273638456e+00,-2.849622535825527052e+02
-3.562752903442608136e-04,1.195365080790259826e+00,2.852109569273638456e+00,-2.849622535825527052e+02
-3.562752903442608136e-04,1.195365080790259826e+00,2.852109569273638456e+00,-2.849622535825527052e+02
-3.562752903442608136e-04,1.195365080790259826e+00,2.852109569273638456e+00,-2.849622535825527052e+02
-3.601162654639612575e-04,1.228366089416451867e+00,2.664042429368168374e+00,-2.846108201867021990e+02
-4.311054736000647508e-04,1.320818922496181269e+00,2.268578634877004951e+00,-2.820244446135297949e+02
-3.708699678092346793e-04,1.074101341128310017e+00,2.724624387651500168e+00,-2.826099071134456722e+02
-3.567553623524147787e-04,1.206344239558521103e+00,2.808080684701495855e+00,-2.848889698359243425e+02
-3.569353121925542623e-04,1.217600167602944428e+00,3.068524406053971809e+00,-2.852855503893383684e+02
-3.436164121744639233e-04,1.163735128200357849e+00,3.644174837865115535e+00,-2.858603709482335375e+02
-4.260286467428044468e-04,1.348884422256082294e+00,2.188603099011308117e+00,-2.807595892893121459e+02
-3.564570379535302036e-04,1.197111214537474266e+00,2.808947410573330750e+00,-2.848449359131734582e+02
-3.569353121925542623e-04,1.217600167602944428e+00,3.068524406053971809e+00,-2.852855503893383684e+02
-3.436164121744639233e-04,1.163735128200357849e+00,3.644174837865115535e+00,-2.858603709482335375e+02
-3.964299169668654031e-04,1.251856836667518902e+00,2.520619628803081547e+00,-2.838326094761635545e+02
-4.220192789860748961e-04,1.326023942471669992e+00,2.372556956504994208e+00,-2.831465250435169878e+02
-4.220192789860748961e-04,1.326023942471669992e+00,2.372556956504994208e+00,-2.831465250435169878e+02
-3.756726495740114594e-04,1.339888376885953969e+00,2.980343018046869297e+00,-2.851331378647009274e+02
-3.740926439839041486e-04,1.265128608734966909e+00,3.360811357620931084e+00,-2.854600897039533152e+02
-4.052284103956451918e-04,1.284559858519052300e+00,2.472095490455290978e+00,-2.837016707503818793e+02
-3.629276043465300985e-04,1.327677886648179095e+00,2.653150269000021044e+00,-2.846337293049646746e+02
-3.629276043465300985e-04,1.327677886648179095e+00,2.653150269000021044e+00,-2.846337293049646746e+02
-3.755714364580162667e-04,1.339360748508568788e+00,2.973579281469968194e+00,-2.851235680140202930e+02
-3.610486026176999252e-04,1.286719598943703469e+00,3.074394618964967574e+00,-2.853131950914055324e+02
-3.627435142244684056e-04,1.315043136804941115e+00,2.631313194726370597e+00,-2.845662402260158501e+02
-3.615961209898868904e-04,1.311968733501168272e+00,2.659584283865824350e+00,-2.846760740273508645e+02
-3.615961209898868904e-04,1.311968733501168272e+00,2.659584283865824350e+00,-2.846760740273508645e+02
-3.755714364580162667e-04,1.339360748508568788e+00,2.973579281469968194e+00,-2.851235680140202930e+02
-3.615961209898868904e-04,1.311968733501168272e+00,2.659584283865824350e+00,-2.846760740273508645e+02
-3.615961209898868904e-04,1.311968733501168272e+00,2.659584283865824350e+00,-2.846760740273508645e+02
-3.615961209898868904e-04,1.311968733501168272e+00,2.659584283865824350e+00,-2.846760740273508645e+02
-3.615961209898868904e-04,1.311968733501168272e+00,2.659584283865824350e+00,-2.846760740273508645e+02
-3.615961209898868904e-04,1.311968733501168272e+00,2.659584283865824350e+00,-2.846760740273508645e+02
-4.006857903896799918e-04,1.379814616981936304e+00,2.451346608754295442e+00,-2.836099519523232289e+02
-3.614274529437515098e-04,1.275037719335530451e+00,2.646182810552441200e+00,-2.845959372158877727e+02
-3.610195938420988340e-04,1.310795843354801260e+00,2.765512133677213935e+00,-2.848589097347043548e+02
-3.569140628523851397e-04,1.215429464017372840e+00,3.068338790737844768e+00,-2.852796813505158866e+02
-3.768661628671020271e-04,1.257068725343702731e+00,2.539419277323125890e+00,-2.840597941955048213e+02
-3.564570379535302036e-04,1.197111214537474266e+00,2.808947410573330750e+00,-2.848449359131734582e+02
-3.607824555176016956e-04,1.287311252986205856e+00,3.086233233955252953e+00,-2.853323449797929356e+02
-3.569140628523851397e-04,1.215429464017372840e+00,3.068338790737844768e+00,-2.852796813505158866e+02
-3.436164121744639233e-04,1.163735128200357849e+00,3.644174837865115535e+00,-2.858603709482335375e+02
-3.610486026176999252e-04,1.286719598943703469e+00,3.074394618964967574e+00,-2.853131950914055324e+02
-3.596019248764205411e-04,1.207740742236601994e+00,2.673733766922180788e+00,-2.846208586610364932e+02
-3.610435315035482240e-04,1.274035907704536452e+00,2.652125251901578107e+00,-2.846278664006870827e+02
-4.220192789860748961e-04,1.326023942471669992e+00,2.372556956504994208e+00,-2.831465250435169878e+02
-3.964299169668654031e-04,1.251856836667518902e+00,2.520619628803081547e+00,-2.838326094761635545e+02
-3.615961209898868904e-04,1.311968733501168272e+00,2.659584283865824350e+00,-2.846760740273508645e+02
-3.436164121744639233e-04,1.163735128200357849e+00,3.644174837865115535e+00,-2.858603709482335375e+02
-3.615961209898868904e-04,1.311968733501168272e+00,2.659584283865824350e+00,-2.846760740273508645e+02
-3.615961209898868904e-04,1.311968733501168272e+00,2.659584283865824350e+00,-2.846760740273508645e+02
-3.964299169668654031e-04,1.251856836667518902e+00,2.520619628803081547e+00,-2.838326094761635545e+02
-3.615961209898868904e-04,1.311968733501168272e+00,2.659584283865824350e+00,-2.846760740273508645e+02
-3.615961209898868904e-04,1.311968733501168272e+00,2.659584283865824350e+00,-2.846760740273508645e+02
-3.614441825008450474e-04,1.311151309690391065e+00,2.671999678496166375e+00,-2.846997804296455001e+02
-3.615961209898868904e-04,1.311968733501168272e+00,2.659584283865824350e+00,-2.846760740273508645e+02
-3.615961209898868904e-04,1.311968733501168272e+00,2.659584283865824350e+00,-2.846760740273508645e+02
-3.615961209898868904e-04,1.311968733501168272e+00,2.659584283865824350e+00,-2.846760740273508645e+02
-3.617519538792041936e-04,1.312643280929933765e+00,2.659918128513952151e+00,-2.846748940029388564e+02
-3.610435315035482240e-04,1.274035907704536452e+00,2.652125251901578107e+00,-2.846278664006870827e+02
-3.571070376470451033e-04,1.209030312382372463e+00,2.803378272130798710e+00,-2.848837197214979255e+02
-3.614274529437515098e-04,1.275037719335530451e+00,2.646182810552441200e+00,-2.845959372158877727e+02
-3.567959960863253759e-04,1.207303950409193360e+00,2.806789586337167020e+00,-2.848957482506239103e+02
-3.569353121925542623e-04,1.217600167602944428e+00,3.068524406053971809e+00,-2.852855503893383684e+02
-3.597069544885763402e-04,1.209037011328620403e+00,2.671771142210112249e+00,-2.846072384886858231e+02
-3.610486026176999252e-04,1.286719598943703469e+00,3.074394618964967574e+00,-2.853131950914055324e+02
-3.601162654639612575e-04,1.228366089416451867e+00,2.664042429368168374e+00,-2.846108201867021990e+02
-3.596019248764205411e-04,1.207740742236601994e+00,2.673733766922180788e+00,-2.846208586610364932e+02
-3.608377501228055332e-04,1.203976686936618412e+00,2.673256427050111128e+00,-2.845468911962178140e+02
-3.615961209898868904e-04,1.311968733501168272e+00,2.659584283865824350e+00,-2.846760740273508645e+02
-3.615961209898868904e-04,1.311968733501168272e+00,2.659584283865824350e+00,-2.846760740273508645e+02
-3.569353121925542623e-04,1.217600167602944428e+00,3.068524406053971809e+00,-2.852855503893383684e+02
-3.615961209898868904e-04,1.311968733501168272e+00,2.659584283865824350e+00,-2.846760740273508645e+02
-3.617519538792041936e-04,1.312643280929933765e+00,2.659918128513952151e+00,-2.846748940029388564e+02
-3.615961209898868904e-04,1.311968733501168272e+00,2.659584283865824350e+00,-2.846760740273508645e+02
-3.617519538792041936e-04,1.312643280929933765e+00,2.659918128513952151e+00,-2.846748940029388564e+02
-3.568466924737116372e-04,1.208951164445812410e+00,2.805798075415153470e+00,-2.848852552995022620e+02
-3.568466924737116372e-04,1.208951164445812410e+00,2.805798075415153470e+00,-2.848852552995022620e+02
-3.571070376470451033e-04,1.209030312382372463e+00,2.803378272130798710e+00,-2.848837197214979255e+02
-3.596019248764205411e-04,1.207740742236601994e+00,2.673733766922180788e+00,-2.846208586610364932e+02
-3.567959960863253759e-04,1.207303950409193360e+00,2.806789586337167020e+00,-2.848957482506239103e+02
-3.596019248764205411e-04,1.207740742236601994e+00,2.673733766922180788e+00,-2.846208586610364932e+02
-3.617519538792041936e-04,1.312643280929933765e+00,2.659918128513952151e+00,-2.846748940029388564e+02
-3.568263479858364644e-04,1.208980586672340651e+00,2.808635622851296976e+00,-2.848895259365550601e+02
-3.581601102219510321e-04,1.204174946546310521e+00,2.700533864069315282e+00,-2.846799003568779085e+02
-3.568263479858364644e-04,1.208980586672340651e+00,2.808635622851296976e+00,-2.848895259365550601e+02
-3.567959960863253759e-04,1.207303950409193360e+00,2.806789586337167020e+00,-2.848957482506239103e+02
-3.568263479858364644e-04,1.208980586672340651e+00,2.808635622851296976e+00,-2.848895259365550601e+02
-3.568263479858364644e-04,1.208980586672340651e+00,2.808635622851296976e+00,-2.848895259365550601e+02
-3.568263479858364644e-04,1.208980586672340651e+00,2.808635622851296976e+00,-2.848895259365550601e+02
-3.581601102219510321e-04,1.204174946546310521e+00,2.700533864069315282e+00,-2.846799003568779085e+02
-3.581391700948975796e-04,1.249629639769408662e+00,2.789710475461088635e+00,-2.848757460019845098e+02
-3.581391700948975796e-04,1.249629639769408662e+00,2.789710475461088635e+00,-2.848757460019845098e+02
-3.581391700948975796e-04,1.249629639769408662e+00,2.789710475461088635e+00,-2.848757460019845098e+02
-3.581391700948975796e-04,1.249629639769408662e+00,2.789710475461088635e+00,-2.848757460019845098e+02
-3.581391700948975796e-04,1.249629639769408662e+00,2.789710475461088635e+00,-2.848757460019845098e+02
-3.581391700948975796e-04,1.249629639769408662e+00,2.789710475461088635e+00,-2.848757460019845098e+02
-3.581391700948975796e-04,1.249629639769408662e+00,2.789710475461088635e+00,-2.848757460019845098e+02
-3.581391700948975796e-04,1.249629639769408662e+00,2.789710475461088635e+00,-2.848757460019845098e+02
-3.581391700948975796e-04,1.249629639769408662e+00,2.789710475461088635e+00,-2.848757460019845098e+02
-3.581391700948975796e-04,1.249629639769408662e+00,2.789710475461088635e+00,-2.848757460019845098e+02
-3.683704503559728631e-04,1.255190015844288798e+00,2.585735829207295389e+00,-2.843153077676935823e+02
-3.895422605102436312e-04,1.261940418084469107e+00,2.503834847237920602e+00,-2.835151745348180725e+02
-3.683704503559728631e-04,1.255190015844288798e+00,2.585735829207295389e+00,-2.843153077676935823e+02
-3.654735012924079768e-04,1.172749034070682983e+00,2.864007769151851068e+00,-2.848476901177515970e+02
-3.604778093482601756e-04,1.199760760488403299e+00,3.502337953190517439e+00,-2.855655783350165962e+02
-3.561585605212888627e-04,1.183071771828727359e+00,3.518250201125585175e+00,-2.856841515779150882e+02
-3.832744651085451195e-04,1.261653996155305046e+00,2.480452202188650368e+00,-2.820936992036753281e+02
-3.654735012924079768e-04,1.172749034070682983e+00,2.864007769151851068e+00,-2.848476901177515970e+02
-3.604778093482601756e-04,1.199760760488403299e+00,3.502337953190517439e+00,-2.855655783350165962e+02
-3.561585605212888627e-04,1.183071771828727359e+00,3.518250201125585175e+00,-2.856841515779150882e+02
-3.882694808941275846e-04,1.258195107314637129e+00,2.550785618097537899e+00,-2.841148060740937922e+02
-3.683704503559728631e-04,1.255190015844288798e+00,2.585735829207295389e+00,-2.843153077676935823e+02
-3.988640504527157034e-04,1.426253952327270591e+00,2.747054099653931658e+00,-2.844536100240290466e+02
-3.629239969745206478e-04,1.235465190257269530e+00,2.869268114778199763e+00,-2.849822977544769174e+02
-3.604778093482601756e-04,1.199760760488403299e+00,3.502337953190517439e+00,-2.855655783350165962e+02
-3.683704503559728631e-04,1.255190015844288798e+00,2.585735829207295389e+00,-2.843153077676935823e+02
-3.603607211338983630e-04,1.233040116614375625e+00,2.657305032552200075e+00,-2.845909156537376816e+02
-3.604973838025270737e-04,1.233315678696598638e+00,2.657194339232091362e+00,-2.845905281882198210e+02
-3.610289469333040130e-04,1.232675732480995157e+00,2.888264510929588802e+00,-2.850215009721006254e+02
-3.629239969745206478e-04,1.235465190257269530e+00,2.869268114778199763e+00,-2.849822977544769174e+02
-3.650205049963626235e-04,1.226853197980040333e+00,2.652372118303321979e+00,-2.845515221561789758e+02
-3.662121238521495476e-04,1.235425916742835417e+00,2.657763525361929169e+00,-2.845574445449705649e+02
-3.629238165567142478e-04,1.235465238966802826e+00,2.869270013125522212e+00,-2.849823441427484454e+02
-3.610289469333040130e-04,1.232675732480995157e+00,2.888264510929588802e+00,-2.850215009721006254e+02
-3.629238165567142478e-04,1.235465238966802826e+00,2.869270013125522212e+00,-2.849823441427484454e+02
-3.629238165567142478e-04,1.235465238966802826e+00,2.869270013125522212e+00,-2.849823441427484454e+02
-3.616718664243979259e-04,1.234186565900150523e+00,2.879873861314001804e+00,-2.850044914288416749e+02
-3.629238165567142478e-04,1.235465238966802826e+00,2.869270013125522212e+00,-2.849823441427484454e+02
-3.616718664243979259e-04,1.234186565900150523e+00,2.879873861314001804e+00,-2.850044914288416749e+02
-3.604973838025270737e-04,1.233315678696598638e+00,2.657194339232091362e+00,-2.845905281882198210e+02
-3.603607211338983630e-04,1.233040116614375625e+00,2.657305032552200075e+00,-2.845909156537376816e+02
-3.731883439504811526e-04,1.294886321677047869e+00,2.901462374206907668e+00,-2.850019039994634227e+02
-3.629240052442229535e-04,1.235465201079765096e+00,2.869268148850594002e+00,-2.849822997145915338e+02
-3.683704503559728631e-04,1.255190015844288798e+00,2.585735829207295389e+00,-2.843153077676935823e+02
-3.654735012924079768e-04,1.172749034070682983e+00,2.864007769151851068e+00,-2.848476901177515970e+02
-3.731883439504811526e-04,1.294886321677047869e+00,2.901462374206907668e+00,-2.850019039994634227e+02
-3.629239969745206478e-04,1.235465190257269530e+00,2.869268114778199763e+00,-2.849822977544769174e+02
-3.561702129073064768e-04,1.183076803538545940e+00,3.518242907112060447e+00,-2.856841271772956361e+02
-3.618506441487920181e-04,1.234812863436595798e+00,2.871877723435585672e+00,-2.849918771852686064e+02
-3.601635450029046638e-04,1.225232049964969372e+00,2.660270318412451651e+00,-2.845898381149618785e+02
-3.603607211338983630e-04,1.233040116614375625e+00,2.657305032552200075e+00,-2.845909156537376816e+02
-3.683704503559728631e-04,1.255190015844288798e+00,2.585735829207295389e+00,-2.843153077676935823e+02
-3.882694808941275846e-04,1.258195107314637129e+00,2.550785618097537899e+00,-2.841148060740937922e+02
-3.618506441487920181e-04,1.234812863436595798e+00,2.871877723435585672e+00,-2.849918771852686064e+02
-3.561585605212888627e-04,1.183071771828727359e+00,3.518250201125585175e+00,-2.856841515779150882e+02
-3.581748644503231758e-04,1.231241046329960565e+00,2.836990970682479407e+00,-2.849591014364943362e+02
-3.616718664243979259e-04,1.234186565900150523e+00,2.879873861314001804e+00,-2.850044914288416749e+02
-3.593477943826190791e-04,1.206472793492046058e+00,2.672612770910937297e+00,-2.845855099726771300e+02
-3.581748644503231758e-04,1.231241046329960565e+00,2.836990970682479407e+00,-2.849591014364943362e+02
-3.581748644503231758e-04,1.231241046329960565e+00,2.836990970682479407e+00,-2.849591014364943362e+02
-3.581748644503231758e-04,1.231241046329960565e+00,2.836990970682479407e+00,-2.849591014364943362e+02
-3.616181226217991275e-04,1.233506695239073414e+00,2.659553159503654562e+00,-2.845897146899882273e+02
-3.601635450029046638e-04,1.225232049964969372e+00,2.660270318412451651e+00,-2.845898381149618785e+02
-3.581748644503231758e-04,1.231241046329960565e+00,2.836990970682479407e+00,-2.849591014364943362e+02
-3.581707561727305459e-04,1.231357279776785107e+00,2.829852230250951450e+00,-2.849478988788155789e+02
-3.603607211338983630e-04,1.233040116614375625e+00,2.657305032552200075e+00,-2.845909156537376816e+02
-3.592027478334723200e-04,1.231315532326565210e+00,2.891572263104559948e+00,-2.850355668262882887e+02
-3.603607211338983630e-04,1.233040116614375625e+00,2.657305032552200075e+00,-2.845909156537376816e+02
-3.629240052442229535e-04,1.235465201079765096e+00,2.869268148850594002e+00,-2.849822997145915338e+02
-3.629240052442229535e-04,1.235465201079765096e+00,2.869268148850594002e+00,-2.849822997145915338e+02
-3.654735012924079768e-04,1.172749034070682983e+00,2.864007769151851068e+00,-2.848476901177515970e+02
-3.592027478334723200e-04,1.231315532326565210e+00,2.891572263104559948e+00,-2.850355668262882887e+02
-3.603607211338983630e-04,1.233040116614375625e+00,2.657305032552200075e+00,-2.845909156537376816e+02
-3.603607211338983630e-04,1.233040116614375625e+00,2.657305032552200075e+00,-2.845909156537376816e+02
-3.601635450029046638e-04,1.225232049964969372e+00,2.660270318412451651e+00,-2.845898381149618785e+02
-3.581748644503231758e-04,1.231241046329960565e+00,2.836990970682479407e+00,-2.849591014364943362e+02
-3.581748644503231758e-04,1.231241046329960565e+00,2.836990970682479407e+00,-2.849591014364943362e+02
-3.593414938716074560e-04,1.189357063237231893e+00,2.879289860420524594e+00,-2.849671506240570693e+02
-3.581748644503231758e-04,1.231241046329960565e+00,2.836990970682479407e+00,-2.849591014364943362e+02
-3.581707561727305459e-04,1.231357279776785107e+00,2.829852230250951450e+00,-2.849478988788155789e+02
-3.581707561727305459e-04,1.231357279776785107e+00,2.829852230250951450e+00,-2.849478988788155789e+02
-3.581707561727305459e-04,1.231357279776785107e+00,2.829852230250951450e+00,-2.849478988788155789e+02
-3.581748644503231758e-04,1.231241046329960565e+00,2.836990970682479407e+00,-2.849591014364943362e+02
-3.581748644503231758e-04,1.231241046329960565e+00,2.836990970682479407e+00,-2.849591014364943362e+02
-3.629240052442229535e-04,1.235465201079765096e+00,2.869268148850594002e+00,-2.849822997145915338e+02
-3.603607211338983630e-04,1.233040116614375625e+00,2.657305032552200075e+00,-2.845909156537376816e+02
-3.629240052442229535e-04,1.235465201079765096e+00,2.869268148850594002e+00,-2.849822997145915338e+02
-3.581707561727305459e-04,1.231357279776785107e+00,2.829852230250951450e+00,-2.849478988788155789e+02
-3.603607211338983630e-04,1.233040116614375625e+00,2.657305032552200075e+00,-2.845909156537376816e+02
-3.581748644503231758e-04,1.231241046329960565e+00,2.836990970682479407e+00,-2.849591014364943362e+02
-3.581707561727305459e-04,1.231357279776785107e+00,2.829852230250951450e+00,-2.849478988788155789e+02
-3.581707561727305459e-04,1.231357279776785107e+00,2.829852230250951450e+00,-2.849478988788155789e+02
-3.581748644503231758e-04,1.231241046329960565e+00,2.836990970682479407e+00,-2.849591014364943362e+02
-3.629240052442229535e-04,1.235465201079765096e+00,2.869268148850594002e+00,-2.849822997145915338e+02
-3.581748644503231758e-04,1.231241046329960565e+00,2.836990970682479407e+00,-2.849591014364943362e+02
-3.581707561727305459e-04,1.231357279776785107e+00,2.829852230250951450e+00,-2.849478988788155789e+02
-3.581748644503231758e-04,1.231241046329960565e+00,2.836990970682479407e+00,-2.849591014364943362e+02
-3.581707561727305459e-04,1.231357279776785107e+00,2.829852230250951450e+00,-2.849478988788155789e+02
-3.581748644503231758e-04,1.231241046329960565e+00,2.836990970682479407e+00,-2.849591014364943362e+02
-3.581748644503231758e-04,1.231241046329960565e+00,2.836990970682479407e+00,-2.849591014364943362e+02
-3.581707561727305459e-04,1.231357279776785107e+00,2.829852230250951450e+00,-2.849478988788155789e+02
-3.581748644503231758e-04,1.231241046329960565e+00,2.836990970682479407e+00,-2.849591014364943362e+02
-3.581748644503231758e-04,1.231241046329960565e+00,2.836990970682479407e+00,-2.849591014364943362e+02
-3.581748644503231758e-04,1.231241046329960565e+00,2.836990970682479407e+00,-2.849591014364943362e+02
-3.581748644503231758e-04,1.231241046329960565e+00,2.836990970682479407e+00,-2.849591014364943362e+02
-3.581748644503231758e-04,1.231241046329960565e+00,2.836990970682479407e+00,-2.849591014364943362e+02
-3.581748644503231758e-04,1.231241046329960565e+00,2.836990970682479407e+00,-2.849591014364943362e+02
-3.581748644503231758e-04,1.231241046329960565e+00,2.836990970682479407e+00,-2.849591014364943362e+02
-4.054039977467954834e-04,6.821513506794699699e-01,2.143913664184355472e+00,-2.224581942732152982e+02
-3.654294110580225954e-04,6.059747603340667199e-01,1.553288971708093991e+00,-1.368454293473262169e+02
-4.464990903004017542e-04,9.268469079506325148e-01,1.225607713867189252e+00,-1.304098257949341644e+02
-1.621052647253300866e-03,1.452445064875629743e+00,2.493245385063468156e+00,-1.960668880805695267e+02
-5.633622121312588035e-03,3.014032738563503067e+00,3.173371629862683285e+00,-1.883961072333165703e+02
-4.044276838054810738e-03,1.122431053497267683e+00,4.259642974882347666e+00,-1.989596819485983588e+02
-5.402163401274935779e-03,4.557884524172168383e+00,2.941729303193331813e+00,-1.864183592446530611e+02
-7.252231460509344675e-03,2.897604244107664151e+00,4.155725145501065754e+00,-2.179723712170000169e+02
-7.714516640694162909e-03,2.101379164970132329e+00,4.767764346238390516e+00,-2.152983193166236902e+02
-1.330131738941837255e-02,2.289427082286457527e+00,7.387102707086212305e+00,-2.203066116246623380e+02
-1.129786340599212881e-02,1.129205626287581143e+00,1.162907364654728326e+01,-2.546227852216275380e+02
-8.959374950783390371e-03,1.354696335836240939e+00,5.993077470324485567e+00,-2.071346328538857051e+02
-4.187224211008165609e-03,4.989354811136017531e+00,3.238167078066061855e+00,-2.344649826954886578e+02
-3.305373665465071407e-03,4.346903924245498985e+00,2.213060796183579537e+00,-1.854096782635461977e+02
-6.904865137471445299e-03,7.940944438843468012e-01,1.059018317516446572e+01,-2.427231798298923593e+02
-1.193449427337677990e-02,2.269448606355351394e+00,6.790989787814081247e+00,-2.175580362560241383e+02
-2.229877073915371120e-03,2.466839870621694075e+00,3.594665043910499680e+00,-2.407709435258765325e+02
-2.769035846669361343e-03,6.566427964531863504e-01,4.544050721379275792e+00,-2.135648483290283366e+02
-1.679371859763825704e-03,2.008054109629873629e+00,2.608563468412773645e+00,-2.286279030759992565e+02
-2.549953974045241368e-03,3.070074867111110883e+00,3.996350632105560852e+00,-2.532743092689148057e+02
-1.513816664085998074e-03,1.298142198652350698e+00,2.020016241226826992e+00,-2.012562032142160149e+02
-2.584443751406213362e-03,5.413967931283150126e-01,7.927231098979260260e+00,-2.327572720060167057e+02
-5.324416820388386783e-03,1.864675204471853087e+00,4.007568832974913065e+00,-2.161273116143849222e+02
-2.080066619971745155e-03,2.898396728222807361e+00,1.941558278759834666e+00,-1.939702403175021459e+02
-1.278789934751787269e-03,2.410535949161782376e+00,1.775727963577183655e+00,-1.657597575523892601e+02
-6.194490260750199623e-03,2.507788781237171527e+00,5.080976603381230028e+00,-2.372317354097982047e+02
-5.407579273393958112e-04,5.420055044880732753e-01,1.982843090742871128e+00,-1.062831607232266293e+02
-2.211554137824241293e-03,1.029282155566903834e+00,3.224847960222968268e+00,-2.322775890973147455e+02
-2.507770812527511731e-03,3.744220053893823064e+00,2.247025383039657154e+00,-1.848947791140885784e+02
-1.157776860275203448e-02,3.603855865355438226e+00,5.509341960777425662e+00,-2.219979722497325270e+02
-4.565130439287442068e-03,9.713452100688943602e+00,2.117411239681662671e+00,-1.629870613549614689e+02
-1.309028413080711058e-02,1.448296847366786100e+00,8.123507519494538087e+00,-2.313718136103607321e+02
-2.315229890638010202e-03,5.239691444661516151e-01,3.843568944776369456e+00,-2.025559478323806957e+02
-2.560947070353823077e-03,9.906149354874418389e-01,3.285948275296525889e+00,-1.736990764339095392e+02
-1.327285161098082887e-03,4.747197219564354143e-01,4.222423297668700393e+00,-1.753722396004475854e+02
-2.762110153334827820e-03,4.818960867955757177e-01,4.124283574563296639e+00,-2.008412987899629911e+02
-4.667050318724911759e-03,1.777518898022964811e+00,3.807052288790667927e+00,-2.131535982049595646e+02
-1.680940989996835937e-03,2.013374051719954316e+00,2.944430302997261162e+00,-2.176885098422736178e+02
-1.031042538884638024e-02,1.793634094636123999e+00,6.365259519511875297e+00,-2.368011168693182640e+02
-1.393949043493169148e-03,3.542259815612036622e-01,4.888010168311619275e+00,-2.235124039840484897e+02
-4.898258476837885102e-03,4.320354289816448201e+00,3.266618340469512827e+00,-2.019651961709104171e+02
-7.693186852097009566e-03,1.803854238188530745e+00,4.994772224892007451e+00,-2.019901718144250822e+02
-1.910122182650536614e-03,4.499881704108015690e+00,1.805430170610234475e+00,-1.398228276833017389e+02
-6.756171165616407792e-03,2.457992532862961710e+00,4.395542309677086479e+00,-2.345118172720389680e+02
-1.412984524029104339e-03,5.594124513415046351e+00,1.704567696081905837e+00,-1.794583413041606264e+02
-4.052381998065274389e-03,1.076888762439238034e+00,4.332044574985993712e+00,-2.416788919187659133e+02
-9.145281813666372673e-04,5.670236336255412013e-01,2.452465384671445481e+00,-1.391937024270942516e+02
-3.910104411847525885e-03,7.301170657068428049e+00,2.824945711414235117e+00,-2.000055755289106401e+02
-2.157770714074519827e-03,1.522889831376772696e+00,2.651837621040553650e+00,-1.642632832971467280e+02
-6.742900588929620371e-04,3.505984449836351047e+00,1.125452781297519023e+00,-1.539225233166452540e+02
-1.288316805058732639e-02,2.817563045664694954e+00,7.559552062706454301e+00,-2.502984097794007710e+02
-3.419594786664897912e-03,2.466893361785648331e+00,2.576801568666592601e+00,-1.664102276849671682e+02
-9.901374675151685539e-03,3.454322405894059145e+00,5.053682312669461218e+00,-2.156537692227823584e+02
-8.610269719834050262e-03,2.129381452208611414e+00,4.946376903475715459e+00,-2.353670809496527738e+02
-7.228731467702708552e-03,8.643847926933723169e-01,5.286587639540126560e+00,-2.243885698074225274e+02
-8.557088134563071644e-03,1.417953545375625346e+00,5.293275616097828262e+00,-1.972345049627157323e+02
-5.361564037732018985e-03,2.558100405317962789e+00,3.466795641727784982e+00,-1.854347339416698901e+02
-9.239111661568205972e-03,1.471378662260219850e+00,6.044581730469883674e+00,-2.172378491223311414e+02
-8.683977804299330971e-03,1.900709290365775628e+00,5.020884589236427331e+00,-1.948117548417253317e+02
-1.123645411930418100e-03,1.061781290440840575e+00,2.981093194643134048e+00,-2.334985914347528535e+02
-4.173262108837049247e-03,8.422683882136097200e-01,4.702611280634736879e+00,-2.000115331364174267e+02
-6.018734602783205705e-03,4.092695064262449556e+00,3.233151887949207381e+00,-1.982388915536608920e+02
-3.801213962507473797e-03,9.398408385950840493e-01,3.464299153783981122e+00,-1.892143963804903422e+02
-1.609745951450030840e-02,4.698397283018010739e+00,7.382262824157690417e+00,-2.375162022977696950e+02
-1.025635655508503469e-02,3.065622888708769977e+00,5.040253243432499808e+00,-2.143786242132781297e+02
-3.939952622631795118e-03,4.250108598631383572e+00,2.577856560404589548e+00,-1.831000639544230921e+02
-1.182235713216531203e-02,1.467538913979790305e+00,7.651679233707855410e+00,-2.464190372863179164e+02
-1.418776227166420115e-02,2.161854680561797970e+00,9.280119155204664239e+00,-2.558585593397913271e+02
-1.132969308613010094e-03,6.237024620567900302e-01,5.840833650862549575e+00,-2.454179115731023160e+02
-4.677278176000844966e-03,7.082587620127238637e-01,6.066950042310434554e+00,-2.304519071742811036e+02
-1.037075979368273781e-02,1.401294513920299245e+00,6.129289946016214685e+00,-2.239087054632252602e+02
-1.099423608892409346e-03,7.028913541184826030e+00,8.781279577524628843e-01,-1.473136896279395955e+02
-2.800529217043646463e-03,5.767530890795797838e-01,3.624875170984188433e+00,-1.911992455663769022e+02
-1.675896708328224703e-03,6.218940330451747656e-01,3.366475844442433640e+00,-1.443035667590089588e+02
-1.734052496081740823e-03,7.777937738623851294e-01,3.106861473346618219e+00,-1.387336124784976050e+02
-8.434917095923036984e-03,1.126321944898969640e+00,6.092794516177017172e+00,-2.057023278193211127e+02
-1.396685490229539542e-02,1.697509441057494461e+00,7.587748018779276293e+00,-1.993888820310085350e+02
-1.689902313803072834e-02,2.763761254555728186e+00,7.623284305764766344e+00,-2.099294056940094038e+02
-5.917566985513836308e-03,9.583062251138050325e-01,5.238645936274521020e+00,-2.000434716789056324e+02
-1.166650454630809020e-02,1.946034442628838290e+00,5.819783537962639031e+00,-2.180596077931874390e+02
-1.000293189652538481e-02,2.127289047391320409e+00,5.502585176580481630e+00,-2.222159567318187783e+02
-3.431153557429374949e-03,6.841798655425532338e+00,2.003875155551710030e+00,-1.628560595533459718e+02
-4.215331024108804475e-03,5.786462063642025200e+00,2.384922281401325783e+00,-1.912466042713444381e+02
-5.497326255404498194e-03,2.620593921187320596e+00,3.383410509812292410e+00,-1.948768308582249347e+02
-3.291231626105237031e-03,9.161195488642555063e+00,1.857502147770946355e+00,-1.689242150290298525e+02
-3.920672432998518163e-03,1.046716575274088967e+01,1.989907765739734380e+00,-1.820574923778527534e+02
-9.959345492382056658e-03,3.908743907782019633e+00,4.741642186033193873e+00,-2.086981000556255310e+02
-6.375321578201534160e-03,6.966999598556962603e+00,3.517256630130758843e+00,-1.916478994189079117e+02
-2.395237440801380787e-03,3.227485625627646293e+00,2.003819582723032511e+00,-1.895772360702818276e+02
-8.902438176147710065e-04,3.315319272574301923e-01,5.092361662463185112e+00,-1.966366381390897118e+02
-1.923795757399381339e-03,1.588678552048028214e+00,2.085123353421529657e+00,-1.935719630281967625e+02
-1.204300593411220931e-03,1.623517900523456570e+00,1.642648940107154232e+00,-1.509464643269555495e+02
-4.743442200150896674e-04,2.952787225205629973e+00,1.180834444373855652e+00,-1.454143959594798048e+02
-7.390058763046675888e-03,1.904086172524819931e+00,4.870088580488975083e+00,-1.963841126292257400e+02
-3.246621381702800759e-03,3.870666917694594922e+00,3.173239521042085176e+00,-2.109229062100020826e+02
-5.497550149204329800e-03,1.111007280794277907e+00,4.834937198615121723e+00,-2.296436841850134556e+02
-2.668228054635103652e-03,1.050548042380385017e+00,2.962524558443901501e+00,-2.054388868654065163e+02
-6.883066555323467950e-03,1.601460049786532558e+00,3.911499492215286811e+00,-2.118843740682443126e+02
-7.884511048826673904e-03,1.785052695594253169e+00,5.183885279613518193e+00,-2.226516443065495707e+02
-1.148539373681069014e-03,5.062192327329612107e-01,2.768425220431354195e+00,-2.190243833212060167e+02
-7.480964065493146816e-04,1.829914830672569215e+00,9.969359508709533246e-01,-1.332982196148759044e+02
-1.092716325127284340e-03,9.032783137433921805e-01,2.137569295789536472e+00,-1.793891700163012501e+02
-5.822812291725236976e-03,1.920922768524021107e+00,4.851603097466338888e+00,-2.267527125636490837e+02
-4.503826942730223583e-03,1.170346520306152716e+00,4.734457804510819656e+00,-2.293936898077779460e+02
-3.935902452412741621e-03,1.080187543964883812e+00,3.889172974650233705e+00,-2.102044871503096033e+02
-2.572883922141938531e-03,1.087865325021364127e+00,2.918021924064276629e+00,-1.967152524237165494e+02
-6.949522681948623951e-03,2.109486992636734115e+00,3.883094175134657711e+00,-2.093135035701712070e+02
-9.293997231812164972e-03,2.096421772022647012e+00,5.317846711711347929e+00,-2.076731682822667153e+02
-9.086870869601814532e-03,3.079460104759867534e+00,5.362440146491694648e+00,-2.282501281810027649e+02
-8.085634964952893161e-03,4.032225854921394514e+00,7.846426277589886311e+00,-2.642504923377832142e+02
-2.353535613615568862e-03,1.045371487432929181e+00,2.766475979850520961e+00,-2.123486397942286317e+02
-1.564738349444671963e-03,9.354391805425790185e-01,2.407470679518651124e+00,-1.783335778236257170e+02
-2.163906161223418459e-03,1.090184045358730147e+00,3.006298594055936579e+00,-2.211890480975702928e+02
-3.942267010306950772e-03,1.934434373413948860e+00,3.530228011595337723e+00,-2.093215280022371871e+02
-8.946622842150237995e-03,2.586885242421266717e+00,5.161888121244865069e+00,-2.167257664050812309e+02
-3.014354152193961765e-03,1.606949699988605262e+00,3.829343251069862397e+00,-2.300803649947457643e+02
-3.230446417005204338e-03,1.451851160905742288e+00,3.237269339152121894e+00,-1.881041853391669179e+02
-2.143244507638479741e-03,2.897645141343991426e+00,2.178695071297236385e+00,-1.480079544546362058e+02
-2.684106958554146553e-03,1.081686495420305594e+00,3.308148487823430184e+00,-2.302924651866514409e+02
-8.654023756538939405e-03,4.178542370470425205e+00,5.006432861271548518e+00,-2.114670438135523511e+02
-2.319571442455281053e-03,5.010295810407274786e+00,1.820671710018904932e+00,-1.801406303585308706e+02
-1.098428957532826718e-03,4.223626226892884361e+00,1.073492235730692412e+00,-1.698388089809081976e+02
-3.428108417758165757e-03,1.971633404088106056e+00,3.149408048082710021e+00,-1.902752643397751626e+02
-1.255724375919488409e-03,8.451110569640971626e-01,2.234673651292126806e+00,-2.048588641552156560e+02
-2.767256013521356400e-03,2.729985056657683096e+00,2.165832937895487920e+00,-1.368884709933069246e+02
-1.959960261475048385e-03,7.831355244540096905e-01,3.036963747428808258e+00,-2.345150175210555972e+02
-2.135786240754174170e-03,9.206827357144511392e-01,3.600083984187345987e+00,-2.369703094372304122e+02
-3.134309654014290260e-03,2.142665001106826672e+00,2.709503393880996924e+00,-1.704870835756592555e+02
-7.796838192528981852e-03,1.975574584307339121e+00,4.429981881430777868e+00,-1.954695434231855131e+02
-2.985248583949793710e-03,1.231554728720816172e+00,2.971163249342967383e+00,-1.998210402898884013e+02
-1.439519339877790884e-02,2.561816365541008444e+00,7.479720847609799605e+00,-2.378048959471404373e+02
-2.222581452098005249e-03,1.455742131142277573e+00,3.039316973969814484e+00,-2.205170399998366975e+02
-7.446617259296904687e-04,6.907433806977500979e-01,1.903765766850287422e+00,-1.912112258289550937e+02
-1.435679369363875458e-03,9.502892430198339735e-01,1.964763980786593311e+00,-1.912528318142536818e+02
-1.185869335188346335e-02,3.158979282290523827e+00,8.056255563942098519e+00,-2.542573224054140724e+02
-7.899052403611363021e-04,5.738698579275531841e-01,2.228631118599421868e+00,-2.017049984574562700e+02
-2.131094477545212619e-03,1.307671693888900588e+00,4.047943303116713132e+00,-2.503877778231934030e+02
-4.888990606192820942e-03,9.798428598623714070e-01,5.284643572675557621e+00,-2.199992056157450406e+02
-1.174609097980685787e-02,7.079837090943771116e+00,4.897581474068487317e+00,-2.053646332674540531e+02
-1.089820612383664636e-02,7.132416298125221488e+00,4.889125470254800376e+00,-1.973337738838998803e+02
-2.080403874836809532e-03,1.501080268167267251e+00,2.103189624374335320e+00,-1.883490826537831708e+02
-2.427468398693486979e-03,1.587671264301974583e+00,2.396276310956165556e+00,-2.138275322951660655e+02
-6.999898981452075918e-03,1.911037001485274667e+00,4.728515700278963507e+00,-2.250498861089702132e+02
-9.000312155979175869e-04,1.645643985512711405e+00,1.393639501017353011e+00,-1.549105920843804540e+02
-9.237387138981718177e-03,1.991902197722819290e+00,5.175852878294033843e+00,-2.033007109878703318e+02
-5.871545344006879122e-03,2.755372591314066533e+00,3.610805671933429384e+00,-1.829913776731891915e+02
-5.994305243653640786e-03,2.282151298901920811e+00,5.390558838650830076e+00,-2.356744362888625801e+02
-4.362348798471624373e-04,8.457520934504190180e-01,2.282172146074506358e+00,-2.358625931542447915e+02
-3.556050224853985094e-03,4.743078974140562565e+00,2.654430991712299015e+00,-1.943980860239597632e+02
-2.807114377803977649e-03,1.339665073608733437e+01,1.675660171988301084e+00,-1.807186347981729568e+02
-2.683718453867366734e-03,1.076307652070278209e+01,1.760052778184575617e+00,-1.566845180300244920e+02
-3.137391470264691996e-03,9.401417802973164317e-01,3.758990527794309866e+00,-2.030799747913640658e+02
-8.642268893168931002e-03,1.529675942976939984e+00,5.684502087950193072e+00,-2.020486482957207954e+02
-1.619191200137688399e-03,1.032804848402209430e+00,2.913751892870700466e+00,-1.429021957426049596e+02
-1.724339177358025698e-03,1.153048631791313783e+00,2.081267065128449278e+00,-1.547044820878012672e+02
-8.536173639492996082e-03,1.227892500515955332e+00,7.032093921606224818e+00,-2.447844598644348650e+02
-2.472866687546096225e-03,1.068683977063685342e+00,3.679030641953056513e+00,-2.146980755629829218e+02
-3.878568777969744821e-03,9.090149878318731780e+00,3.148771023402444413e+00,-2.023622397762450476e+02
-1.107683814171856775e-02,5.927712832629508100e+00,4.923836463885269410e+00,-2.067748978076720618e+02
-6.493354563918137673e-03,2.079213761265616078e+00,5.008196980348124328e+00,-2.294969369916357778e+02
-1.522634426565564435e-02,4.383689879106462683e+00,6.563212643698888016e+00,-1.932241970942050955e+02
-1.317943883746450912e-02,2.199194717385650755e+00,7.161593799883773315e+00,-1.814148934735374326e+02
-1.318937588635536728e-02,3.105470559605512548e+00,6.275642334803508859e+00,-2.219097307419193044e+02
-1.057310167149747016e-02,2.710472632043673613e+00,4.767947451614246823e+00,-2.093581945781371303e+02
-7.681007294288912796e-03,1.170948226855730967e+00,5.606978875229236436e+00,-2.248006854461398802e+02
-4.548355322576612576e-03,1.881836778898550167e+00,3.320464808019472969e+00,-1.915026194713391305e+02
-8.957610297411159467e-03,2.052845037529699823e+00,4.630464765582086528e+00,-2.101394459877160443e+02
-7.037863811244918569e-03,1.341524117074139211e+00,4.570675548454656401e+00,-2.020061108957764873e+02
-9.302234006712539749e-03,1.045023119606779405e+00,8.808650913873583121e+00,-2.465772505669121415e+02
-5.426156960246379495e-03,7.195575884706189029e-01,9.208376441144801916e+00,-2.382066076804827617e+02
-1.138711048564970511e-02,3.633761349994085066e+00,6.759110127510608912e+00,-2.381517945605444595e+02
-3.023634839384890891e-03,1.132625652424887663e+00,3.082470396658638645e+00,-1.742325168130493012e+02
-1.113665162463419941e-02,2.451079911932041888e+00,5.317885622579198390e+00,-2.147867614205342761e+02
-4.033439031979982672e-03,9.078402230587570010e-01,4.311496122384776086e+00,-1.868626510787414929e+02
-2.144597689134069944e-03,5.210851299334994247e-01,4.751691511644605903e+00,-2.222705902419496340e+02
-1.128089389417136212e-02,1.090348641271179586e+00,7.331348957437996638e+00,-2.384851571708935580e+02
-5.960085788503575316e-03,2.939938444336473111e+00,3.586404145516180364e+00,-1.863129677238219699e+02
-7.941928938853140205e-03,8.911269738483085234e+00,3.140957868151022847e+00,-1.858013766286965165e+02
-1.488039917897791657e-02,6.051088277532061355e+00,5.928870352913934383e+00,-2.198213494098508534e+02
-1.787578027635349474e-03,5.835545384611814379e-01,3.581950330601035404e+00,-1.763376027605440299e+02
-1.064097399836645523e-02,5.335215894835856787e+00,5.162235548697275966e+00,-2.030417638219805667e+02
-1.180497064814545888e-02,1.279617050174457660e+01,4.321212016258080268e+00,-2.037406953468736788e+02
-7.245826216077646577e-03,4.081727806335412545e+00,3.663408183585132871e+00,-2.077408503056212510e+02
-5.309352529291110762e-03,1.331616559048526716e+00,4.231958160999598206e+00,-2.184113487466146069e+02
-5.767989885163512425e-04,8.061685366981927725e-01,1.675920588642280551e+00,-1.363922937920008849e+02
-4.940817443085314224e-03,1.773858979037442607e+00,3.706967447838009022e+00,-2.095156710054750704e+02
-7.639342452353587234e-03,5.778805696683644300e+00,3.564618297136022740e+00,-1.926827565413458956e+02
-6.992073314832073297e-03,8.820573127086561271e+00,3.223080335318907697e+00,-1.955357895672003679e+02
-6.416730166392980821e-03,8.222468346906749659e+00,2.894178270920949814e+00,-1.555544971473119631e+02
-1.349742591776894110e-02,5.948430810934778101e+00,5.387806785805066667e+00,-2.060485024187604495e+02
-9.780764132842583239e-03,3.709995406898775272e+00,4.030693124292495710e+00,-1.997726943047869668e+02
-5.759942908890488579e-03,2.310178330807174163e+00,3.739644427128086424e+00,-1.820388776549234535e+02
-1.666330128509251399e-02,2.576282024901198398e+00,7.836987082926173187e+00,-2.346780386587723228e+02
-1.559374315526440135e-03,1.081984230475135700e+00,2.713727786124357610e+00,-1.896912222389464659e+02
-4.318408699007931541e-03,2.002245115404359233e+00,3.557128705179116945e+00,-2.003687704174411408e+02
-2.790879517031265907e-03,1.568433914772279447e+00,2.594839366289100724e+00,-2.015090414505134504e+02
-7.656552388771657291e-04,2.241944900474978297e+00,1.281081904724190146e+00,-1.734967146448972528e+02
-1.277261486337250181e-02,2.785147360457322918e+00,6.372888776850630599e+00,-2.133866891148997524e+02
-1.269024582249212579e-02,2.312320055881773584e+00,6.293722551301883072e+00,-2.172702135402166732e+02
-4.388825267554906893e-03,1.608938401539582896e+00,4.116731931762751096e+00,-2.318240000061025796e+02
-1.067923984117910563e-03,7.473536816433065111e-01,2.217664100430395191e+00,-2.102019168845692434e+02
-1.531358220709164164e-02,2.020318530067559237e+00,1.061235223327820876e+01,-2.567735889947048804e+02
-1.383875860375094469e-02,2.242308498473591705e+00,7.108044716829166276e+00,-2.103572374212253919e+02
-1.252522992382298223e-02,1.384968866262314080e+00,9.026701728342249709e+00,-2.424925263690518591e+02
-1.309174867382998948e-03,5.735309748974839472e-01,3.391094365860298776e+00,-2.175191228653893631e+02
-7.429865603751154013e-03,4.749115986118829902e+00,3.749250176763778697e+00,-1.729093239718856125e+02
-1.074468103627147959e-03,4.874337521486727942e-01,2.997354594281252282e+00,-1.879669391339865001e+02
-6.486971970685763769e-03,3.910168099978161393e+00,3.141568230601044398e+00,-1.824906419883859030e+02
-3.340634454123057829e-04,1.810238530000344737e+00,1.003427102180670660e+00,-9.508660846352405827e+01
-1.387412551914349833e-02,2.184519308338783716e+00,7.742426690883903007e+00,-2.303880401814989227e+02
-1.715435432314243308e-02,6.388729385661727100e+00,7.364526000819394902e+00,-2.053085034691571309e+02
-4.419330519438754989e-03,1.484248787676911485e+00,3.573918028001833225e+00,-2.272663655554906086e+02
-9.871207248917171495e-03,9.822086965591150687e+00,4.347444959887146076e+00,-1.873408250158486794e+02
-9.878904461802666404e-03,1.891588277332167722e+00,1.039244337665127915e+01,-2.638474625087797563e+02
-1.241966548917568247e-02,3.330709787336947336e+00,7.180962325698649451e+00,-2.393468295274909394e+02
-4.089294655948931718e-03,1.108031761149364858e+00,4.337591471325318970e+00,-2.240104045350588251e+02
-1.087443668463745385e-02,2.645454969266651801e+00,6.038827376495410348e+00,-2.300090192382610894e+02
-5.519407057245751154e-03,2.828759934363010764e+00,3.101337173980863504e+00,-1.905666820037112075e+02
-4.921464177288399633e-03,6.203906808546091334e+00,2.816107558129458788e+00,-1.548571787674803772e+02
-5.994520229545762316e-03,7.741991147911670978e+00,2.930886843621963500e+00,-1.849888208136861749e+02
-3.937413704602498593e-03,1.163666447392948333e+00,4.074297115909935485e+00,-2.150817305948584135e+02
-1.028181970942192158e-02,1.758680451869606642e+00,9.687051203287959211e+00,-2.615157164202424838e+02
-9.875931981768573675e-03,8.236467202545922461e+00,4.234372528176752581e+00,-1.866477299394339866e+02
-1.427375932774217933e-02,4.257869795643056676e+00,6.423537562130590572e+00,-2.275065298447066198e+02
-6.059240735451700000e-03,2.472479547226328123e+00,4.676878581164658044e+00,-2.362902282221376140e+02
-1.141026769835878397e-02,1.593618811012288417e+00,7.180593834365272876e+00,-2.482681082036577607e+02
-1.021992140354895454e-02,1.646486359130923782e+00,6.204275033065313139e+00,-2.393539527863028411e+02
-3.249437271540183553e-03,1.774584815157869810e+00,3.611854768814362515e+00,-2.394163573897467074e+02
-1.051559391920678030e-02,1.047053832021493047e+00,1.179749794246152206e+01,-2.479292073931676725e+02
-1.308700009748441084e-02,4.542036412062802064e+00,6.207662033185653350e+00,-2.208099394594178193e+02
-1.515582160732750414e-02,6.520567330702220943e+00,6.858797044487991101e+00,-2.295558565219383240e+02
-5.586399619472652567e-03,1.972255713853176440e+00,5.394566726430592318e+00,-2.354556401359925530e+02
-2.381859184876929363e-03,8.338119590298092021e-01,3.030139687189059572e+00,-1.931370689866073462e+02
-2.885839561464026166e-03,3.206510989269616196e+00,3.010807209361891168e+00,-2.111176105525899231e+02
-3.603059829633211450e-04,3.877513645573497092e-01,2.918867226939436232e+00,-1.552497382063192504e+02
-1.181690899495296473e-02,7.245038000766109931e+00,4.631027462121441118e+00,-1.949299630960328500e+02
-8.448696624331000424e-03,1.086039566006029800e+00,6.426478560628092751e+00,-2.182525176199750661e+02
-2.732018143713288352e-03,4.891538759074274267e+00,1.874005226859945861e+00,-1.309122345627034463e+02
-1.532558971281947286e-03,1.164401808750459510e+00,2.081416274925316223e+00,-2.095599349495704473e+02
-6.444629245440570975e-03,2.683259325760873004e+00,3.349999912167813676e+00,-1.829566554205061379e+02
-2.895291382663271219e-03,2.955746226949358402e+00,2.694951407606421157e+00,-2.033767509988655320e+02
-6.691048344527140979e-03,8.432430637530750062e-01,5.821618036310857391e+00,-1.959299201892803239e+02
-3.713030973204093244e-03,6.551294515322559908e-01,5.257592798281004676e+00,-1.921727092358117375e+02
-5.822280471700381869e-03,8.524043511582612975e-01,5.750893075347894623e+00,-1.671765845077460995e+02
-3.834486423301902442e-03,6.850103922638818288e-01,4.379733469212445662e+00,-2.142635416469535699e+02
-5.253101461501734001e-03,1.567502539350082769e+00,3.939979394849584260e+00,-1.923938225947844955e+02
-5.870685498197661563e-03,2.774725426406883244e+00,3.834782272067034370e+00,-2.105859104740185899e+02
-3.346269026305075545e-03,3.463245024267352257e+00,2.369946943042279042e+00,-2.101321930799809934e+02
-4.946700311094873008e-03,1.884854508025873843e+00,4.490218948759376438e+00,-2.337483963228461050e+02
-2.645168643699971622e-03,1.819176617301801135e+00,2.318208241227725619e+00,-1.873723898438113622e+02
-5.085844100500124670e-03,2.035555458093138093e+00,3.064583161684698798e+00,-1.958470444652386391e+02
-4.364783117776029932e-03,9.361952113093270356e+00,2.728126949459948491e+00,-2.022921305880087743e+02
-4.922058077173952547e-04,6.331168474589299322e-01,1.513127011941290512e+00,-1.270232861217899938e+02
-2.049440397030917720e-03,5.504751941398954074e+00,1.453291658965219169e+00,-1.475529320463597003e+02
-2.941963334838427514e-03,6.208391435135958147e-01,4.268827923448872852e+00,-1.810726788154363476e+02
-1.766600849348364975e-03,4.239841052987806114e-01,5.118820944164117925e+00,-1.970101379572940914e+02
-6.307104087898883493e-03,4.177812686739184933e+00,3.498407709890388961e+00,-2.055706307937388146e+02
-3.105607350936229541e-03,4.672433743151708008e+00,2.113729118585293776e+00,-1.908167796349235914e+02
-3.412682537873844638e-03,1.908821435448244896e+00,4.738488512412542875e+00,-2.452549507741915988e+02
-1.278919939159918820e-02,3.768056364584385420e+00,6.069676936483396901e+00,-2.292643603548031876e+02
-2.661625502895285239e-03,6.662052145954934224e-01,3.804686064062430706e+00,-1.915668634267885295e+02
-1.471606130608726611e-03,7.052325283268587874e-01,2.867664166303849349e+00,-1.891739947095242371e+02
-7.424993082636948023e-03,1.110567355908955278e+00,5.703797891953441557e+00,-1.803671648650509383e+02
-3.872256037124812908e-03,7.731573374768595741e+00,2.058505931376939380e+00,-1.640716350358239310e+02
-5.769877922321328331e-03,1.312514446620702602e+00,5.152482827504394791e+00,-2.243472330416063301e+02
-1.015668269676367301e-02,2.575520470311445820e+00,5.365059539051776127e+00,-2.235600349390115298e+02
-9.333484116862885219e-03,3.657719509794120860e+00,4.735421620997438907e+00,-2.065788892369755558e+02
-5.563584197626585993e-03,6.891747574924413922e-01,5.315852382045271440e+00,-2.152146292384924209e+02
-1.229562787746412604e-03,7.265612426334748797e-01,2.588749856525674797e+00,-1.415410526179445583e+02
-2.787774062683627194e-03,4.133738665350928931e-01,5.684337028165903583e+00,-2.203426114752053309e+02
-8.432051990603095515e-03,7.176985708671708153e-01,6.860875234643001974e+00,-2.040648810451541237e+02
-9.083636813616775482e-03,3.600015499364244143e+00,5.112955080135530572e+00,-2.171862866277907074e+02
-1.603453592798780893e-03,3.271666755153659345e+00,1.488585674953146087e+00,-1.684391244983689262e+02
-2.582318022718169039e-03,5.445476769221373470e-01,6.332301284955047294e+00,-2.375502074590200721e+02
-2.297164517922407195e-03,1.624394462877232659e+00,3.136063309258201315e+00,-2.292643887281554953e+02
-3.516950147707594877e-03,2.430912871878388337e+00,2.739940143534544514e+00,-2.089436542615650865e+02
-1.976535790104284700e-03,1.784203850509202161e+00,2.385794783854606305e+00,-1.921455948765166113e+02
-9.458634882234553259e-03,1.357608645141751280e+00,6.524347632912069983e+00,-2.530292088376598088e+02
-4.945437253848884197e-03,2.514538086779580794e+00,3.879818977680808523e+00,-2.163565284396077857e+02
-1.733068194609288688e-03,1.127998133695247818e+00,3.027602649059962570e+00,-2.351881479077157451e+02
-3.087096929374118139e-03,1.825721490197548258e+00,2.734085304152566120e+00,-1.977317164534085805e+02
-8.102187959024346325e-03,8.677709716453620992e-01,6.202177792959362890e+00,-2.015111438254483005e+02
-6.884006839488859310e-03,6.449887730548656828e-01,8.727967910327732781e+00,-2.007879933553327874e+02
-3.574108621618911179e-03,1.018561461411549462e+00,3.950655317204383898e+00,-1.981577549679141725e+02
-1.931424986282946317e-03,2.760729648734288055e+00,2.267411640929041017e+00,-2.169236406928476129e+02
-3.089411045614727513e-03,2.867914231429629091e+00,2.189348288099206563e+00,-1.694648592553340904e+02
-7.074404573291270858e-04,6.867719915302288314e-01,1.787720520248937239e+00,-1.322203553195261634e+02
-4.943550547651394400e-03,7.543242621439196771e-01,8.018435860373672952e+00,-2.178148117523947178e+02
-3.953480348192680953e-03,2.044298366154704283e+00,2.813172386868622699e+00,-1.682015173328445030e+02
-5.631635607323818259e-03,1.448756543108898232e+00,4.335372658961651915e+00,-2.252937442746450643e+02
-8.598669061007859979e-03,1.812154717039645258e+00,5.494185322193924748e+00,-2.139065666712996858e+02
-6.534837940193182794e-03,1.700134073878715624e+00,4.731206116723701172e+00,-2.225914524957450453e+02
-3.491555170693548191e-03,5.754521808011100470e-01,4.985583235020399684e+00,-2.221100628692173018e+02
-2.522660778370718060e-03,1.327979655768648959e+00,2.822650883807144684e+00,-1.947853688542491568e+02
-4.812345290981439455e-03,2.912490684632534688e+00,3.713590315559900823e+00,-2.200655677864756399e+02
-4.691558459643537828e-03,1.200550291179820706e+00,3.581540468737721028e+00,-1.933162182437462775e+02
-1.021285144866361516e-02,1.261721952686907455e+00,6.862781572957722176e+00,-2.188943519959973401e+02
-1.201591993536167864e-02,2.108223791110640732e+00,7.242460142533003520e+00,-2.061243604232211055e+02
-9.108030688484239704e-03,1.193301953281390437e+00,6.029054464913237155e+00,-2.345808869698796002e+02
-6.668544864097535052e-03,1.267136337287203540e+00,4.570870866150828604e+00,-2.190534365308077440e+02
-1.049548897352152801e-02,1.505278998671102597e+00,6.454404959339918868e+00,-2.028111492951006767e+02
-1.517436936996767547e-03,1.053053397472724528e+00,2.534607553953927450e+00,-2.051451779082596545e+02
-1.115977188069581377e-03,5.714230169407307214e-01,3.847886326011994651e+00,-2.326534471593857631e+02
-8.518308367576242490e-03,1.139922234578034210e+00,6.982434518372580001e+00,-2.416314755652002759e+02
-5.322348941194590330e-03,3.156637890420560311e+00,3.275238128536940962e+00,-1.922481371256984630e+02
-6.244298489539766052e-03,9.950173266292758889e-01,4.269117709776563352e+00,-2.236046334390410379e+02
-5.755521537276046123e-03,1.379158775350539434e+00,3.522802592542106037e+00,-1.882741450027078258e+02
-5.710633452873790233e-03,1.123371877871783164e+00,7.047545620587815307e+00,-2.430706312295542375e+02
-1.130931589514666546e-02,1.331824180440709382e+00,6.492147430810866204e+00,-2.259274660810629882e+02
-8.746179015422485964e-03,1.207423864998999008e+00,6.011565166997234755e+00,-2.223352668419883855e+02
-1.060925249763408282e-02,5.280000868001280878e+00,4.656040573620392919e+00,-2.045291469611962611e+02
-1.331470161753987684e-02,2.124008288050557525e+00,7.297403876278466761e+00,-2.020190691685251636e+02
-3.130231230404076706e-03,8.057082152060637270e-01,3.978893148354512466e+00,-2.271099763657300628e+02
-3.878716672983801433e-03,2.586834189511150406e+00,3.487551417217161109e+00,-2.036338357831168082e+02
-1.806932867150794772e-03,1.336481577148284972e+00,2.574928290568817779e+00,-1.721654722684932040e+02
-1.288904823204822889e-03,1.481745621222174680e+00,1.758519406503042060e+00,-1.557734203608684993e+02
-7.842261660014894845e-03,1.146144623282840946e+00,5.306596630981785800e+00,-1.971029147700792805e+02
-9.841563114205340284e-04,1.153118434693599204e+00,1.782306619114006008e+00,-1.532296059403019797e+02
-1.326668348177147735e-03,2.329149267955897606e+00,1.562585966560680273e+00,-1.324042837411338098e+02
-3.320736958580723826e-03,2.086176930858551160e+00,2.775968598968912460e+00,-1.816282583200992349e+02
-3.864124499339243162e-03,2.285147317044102344e+00,2.619327548267654571e+00,-1.725133728812269851e+02
-3.624626043612006951e-03,2.927962271730548238e+00,4.839655868542350525e+00,-2.524114499450589904e+02
-2.015760542802605068e-03,2.835556927046741116e+00,1.856477597807202784e+00,-1.548129745087858851e+02
-1.134821640871507605e-03,1.049054843356435063e+00,1.834673044521365037e+00,-1.756171208835769448e+02
-1.444348502871967664e-02,2.439350159963293407e+00,7.884192333080474846e+00,-2.467859500868135001e+02
-2.011023415470514133e-03,1.006155017556400688e+00,3.116894765750807927e+00,-2.135305663975978518e+02
-2.305644588131962758e-03,2.850086012425862236e+00,2.268814678699232257e+00,-1.646805906968502313e+02
-4.276264158798848527e-04,5.393963472749984112e-01,2.291735660558862797e+00,-1.383989559960150473e+02
-1.705113601574929265e-03,9.997168750922853508e-01,2.941937591816753628e+00,-1.749814728617874664e+02
-3.734341618460245652e-03,1.781777984529856473e+00,3.231641240390704883e+00,-1.767484184422728219e+02
-2.980472166562874673e-03,1.079523540054223796e+00,3.145809398411012925e+00,-2.136271185766963470e+02
-2.141572734491797685e-03,5.020522963162067143e+00,1.621208557273043249e+00,-1.574638993710443629e+02
-2.694157401701993693e-03,1.289966407663968750e+00,3.817326889228562337e+00,-2.139684865386815318e+02
-2.816732222490027013e-03,5.181705195129686636e-01,4.875502258088800112e+00,-1.997800942504619286e+02
-3.212612051832061753e-03,9.737524749731855778e+00,1.899105061371915371e+00,-1.743133192064600223e+02
-2.446854662108301388e-03,6.216193279084806234e-01,3.513389505944950031e+00,-1.945612134009303986e+02
-8.750119320303953278e-04,2.219760637532695036e+00,1.310550921297975568e+00,-1.707136266330132628e+02
-6.987767252516065113e-03,1.350139810663108841e+00,5.378040326459531784e+00,-2.244314137822179021e+02
-2.154131544117992517e-03,1.329148457610812128e+00,3.597205640766520496e+00,-2.341144934190605227e+02
-5.968003111905715100e-03,1.263081508172037903e+00,4.190966158600999414e+00,-2.053089724124261011e+02
-1.188128423032435224e-02,1.781183234173308927e+00,6.518792520229469645e+00,-2.340936511759820746e+02
-9.248756156316214434e-04,4.508873937339435756e+00,1.004164411239637733e+00,-1.558133648820825101e+02
-2.494452346332973885e-03,7.459859132878651877e+00,1.756850819887409765e+00,-1.398945509676993026e+02
-1.430324074303760155e-03,1.885609838438352881e+01,8.038709943820594450e-01,-1.366292210358777197e+02
-6.451025997305256596e-03,1.237503110475772106e+00,4.529458620909977640e+00,-2.067765479854191426e+02
-7.961960400981057950e-03,1.843362652443362171e+00,4.989738181302784348e+00,-1.960221572512805892e+02
-7.029963267680365904e-03,2.816971778150932693e+00,4.438406810557936844e+00,-2.103026884721991507e+02
-5.238978144208598225e-03,1.961014640904439554e+00,3.405574324220753901e+00,-1.869149062718490768e+02
-2.912600411783316644e-03,1.204973259121936868e+00,3.119359213890487759e+00,-2.046410305797548403e+02
-1.476466981953520295e-03,8.371366849627037254e+00,9.783001773510863197e-01,-1.688673437599342719e+02
-3.559445535006356548e-03,8.498863299848020691e-01,4.266113260792795181e+00,-1.565002588638853354e+02
-1.021593455830731344e-03,5.495270322811938613e+00,1.069300803914913223e+00,-1.278589925141005637e+02
-1.469647570075125051e-03,6.077035667680388276e-01,4.377387964556045397e+00,-2.139603608622293791e+02
-2.420837988550806220e-03,1.267925299063127564e+00,2.832989357363642213e+00,-1.693420964790425387e+02
-5.711066726916453999e-03,9.218123838603529130e-01,4.219908777718500481e+00,-1.946674093093488409e+02
-3.192724638875406220e-03,9.426600987150541844e-01,3.785433435015536752e+00,-2.104872140854060945e+02
-2.301158438395348432e-03,6.688796879274362395e-01,3.578044987061857363e+00,-2.210693521726045674e+02
-1.063781150725871816e-02,4.303224773357302801e+00,4.861620579056813440e+00,-2.209858933736564666e+02
-7.073709243412155089e-03,1.102365541150932104e+00,5.134347151058808123e+00,-1.940095095315911919e+02
-8.503090024978508452e-03,1.365314991631752761e+01,3.330363018168394529e+00,-1.891331355664645457e+02
-1.623602402581283445e-03,1.588394898690197232e+00,2.527721622376419841e+00,-2.145651222005368766e+02
-2.589463691515122689e-03,1.700397046342746465e+00,2.481753982496272215e+00,-1.639787738469894407e+02
-2.956132912642980056e-03,1.625659093144378842e+00,2.653202872787110422e+00,-1.752535645040201189e+02
-7.229635824056902457e-03,9.338314393359579135e-01,5.796441355669887052e+00,-2.308595475485596467e+02
-1.874458246026974905e-03,4.959095741057222284e+00,1.691334857934092772e+00,-1.270936573074480549e+02
-5.724616464691459870e-03,8.435341539314316961e+00,2.722909071960009086e+00,-1.701455610814070951e+02
-2.580336178898163125e-03,2.173911388086757768e+00,2.248606795591297836e+00,-1.360543380295674183e+02
-1.251108647401455963e-02,2.475242468226802828e+00,7.268771689519082813e+00,-2.434319308198580245e+02
-1.181851586395891735e-03,4.430309799005483384e+00,1.691970238078764455e+00,-1.809507382589043800e+02
-2.413228851830030892e-03,1.004066557229448975e+01,1.535945918357163542e+00,-1.584461108526901967e+02
-5.136491225919362184e-03,1.198512395387540064e+00,4.067543036215774954e+00,-1.920305702785710764e+02
-1.802566260988417920e-02,2.988083792752513901e+00,7.570665094824993169e+00,-2.290919573637790450e+02
-1.384802164638288847e-02,3.377662100388456601e+00,6.578696759781044179e+00,-2.169907292419732698e+02
-1.399898510061206580e-02,6.464672961444554389e+00,5.599666595847597961e+00,-2.105993587562298330e+02
-1.260813490784700591e-02,4.933894945887791650e+00,6.072255010586630419e+00,-2.333075814981098119e+02
-9.432356209396392833e-04,9.155406541164792245e-01,2.352799211833013437e+00,-2.128446823488824862e+02
-1.285862975596070192e-02,2.525078100990803875e+00,6.591416692811686850e+00,-2.362083480018076784e+02
-8.151622748631600149e-03,3.586484644867818261e+00,4.728906979351523709e+00,-2.167934879717389549e+02
-7.653189030711288893e-03,3.366658634365974123e+00,3.798919969855285128e+00,-1.964855750826199028e+02
-1.153805897672340042e-02,8.807034338771854820e+00,4.283271550525144633e+00,-1.765156981632341342e+02
-2.014348299316212881e-03,1.002301176484027279e+00,2.985642659297299772e+00,-1.992025761038881910e+02
-3.942671641862695829e-03,2.516230780123261290e+00,6.357310341827558275e+00,-2.623041134209900633e+02
-7.879148234520173127e-04,1.592128637207918862e+00,1.205788202733584669e+00,-1.502320823390271585e+02
-1.334058194187717284e-03,1.255438258977774169e+00,1.915839744006015977e+00,-1.661253367049918097e+02
-1.572443313486646468e-02,2.489575144050840017e+00,7.969788135912571292e+00,-2.454421960221288543e+02
-4.586262803739411960e-04,8.410936271100626360e-01,1.667193268574979959e+00,-1.400767781147436040e+02
-1.259683767123488587e-03,2.058920323994966495e+00,1.636074096423331792e+00,-1.031109087822912613e+02
-8.177829235015588328e-04,1.555750738550125689e+00,1.341673964955215848e+00,-1.790944212135068483e+02
-1.239851369463861562e-02,2.490640492499018421e+00,6.490646076379967155e+00,-2.213741159797506839e+02
-1.192359022696221592e-02,3.319924397363652524e+00,7.182933083961165366e+00,-2.429463092921957923e+02
-1.191838130466470365e-02,2.193395282283675307e+00,6.959657886997049125e+00,-2.174553605940525927e+02
-7.332137648554263101e-03,7.204422553391653494e+00,3.787765281056176825e+00,-1.927846410741045418e+02
-5.572814058331031998e-04,1.806567783320540466e+00,1.066438406496203584e+00,-1.319344078881244684e+02
-9.516526171307097826e-03,2.167111647223019411e+00,5.111274161557894047e+00,-1.815996115860361328e+02
-1.196204739582548346e-02,3.422496206467444679e+00,5.165804194530702276e+00,-2.177452623264852605e+02
-8.600316086388490322e-03,1.796807728209148136e+00,5.694309023807313963e+00,-2.242961737632066956e+02
-3.199935053208343219e-03,3.384743498668200345e+00,2.618234125283119607e+00,-2.071837042700126972e+02
-3.596468897627647359e-03,1.851633814589580984e+00,2.841805424664855639e+00,-1.815117879903538665e+02
-1.493789238870771481e-02,3.253257844294892287e+00,6.934142957489098258e+00,-2.332457658682095030e+02
-1.388478018771976095e-02,2.319571838314361756e+00,7.356890522055739012e+00,-2.282857000594365502e+02
-1.188781833229071022e-02,2.454216765356644459e+00,7.030523879926728448e+00,-2.229037015670829476e+02
-1.188600513771420272e-02,1.541873103348389895e+00,7.099052966474025617e+00,-2.173489451946012991e+02
-2.654345621638529943e-03,1.166764997799430992e+00,2.844075709539984231e+00,-2.053533116852055684e+02
-9.475219118016316991e-04,8.821153181408072363e-01,1.680131234266357243e+00,-1.572004049889393968e+02
-1.289548301461547952e-03,7.834508340077468436e-01,2.496400374681656764e+00,-1.516493778990682131e+02
-1.321312138851449963e-02,1.538449247408663290e+00,7.476655307190625877e+00,-1.995579978474884797e+02
-3.256998331188250967e-03,2.198621668342227053e+00,3.317217824410427784e+00,-2.231738892477071090e+02
-1.300362919895128519e-02,2.629598233530896501e+00,7.546067818056575227e+00,-2.435608785858450460e+02
-4.607644621782652425e-03,1.139393677794120041e+00,5.964092777371364562e+00,-2.398073674143123242e+02
-4.138638077342530856e-03,1.019888851547892328e+00,7.911640054770803232e+00,-2.510089979442481649e+02
-1.308453341584711691e-03,4.309527025347848372e+00,1.464036547692543877e+00,-1.552047952014653447e+02
-1.584247801531244370e-03,2.916422287749426800e+00,1.875967069125866971e+00,-1.650259065529223790e+02
-6.984656468223693869e-03,3.157425614850467355e+00,4.532258369279396071e+00,-2.332882531243674862e+02
-2.605731308805232273e-03,5.001940128884962977e-01,4.084522965397659355e+00,-2.127716366492755924e+02
-3.385482055024584269e-03,7.931646918986956507e-01,5.698108816413049560e+00,-2.363633068367913950e+02
-1.835976329827783589e-03,6.569376077870519026e-01,3.653755029653920072e+00,-2.030402784964096270e+02
-1.500690087101497726e-03,5.357689580935039997e-01,3.637379974753033540e+00,-1.607172546119133472e+02
-3.881689229698497435e-03,2.679226451184972824e+00,3.018293743177335120e+00,-1.972009804162373996e+02
-1.151559040139679690e-02,2.469307532710951492e+00,6.079638895956368749e+00,-2.206612296469315311e+02
-4.101161905585942041e-03,1.810797274329569051e+00,3.521359574053690711e+00,-1.927399372230374581e+02
-1.519260886463332351e-03,6.424618044205080425e-01,2.628526188904255267e+00,-1.564663682926834554e+02
-1.462339507632474077e-02,2.961143242512454421e+00,8.023600487813611792e+00,-2.492267298069881178e+02
-1.245066150765087448e-02,2.771756643928169339e+00,5.637233427855991685e+00,-2.347973937619762523e+02
-3.884438095761797403e-03,3.279190890248020018e+00,2.421769220638618769e+00,-1.882644160585858799e+02
-1.249518587809450229e-03,5.107447599609656663e+00,1.112936791623624355e+00,-1.236414123829614908e+02
-4.812859439432919800e-03,7.416265009321405088e+00,2.754664273088040183e+00,-1.918336902671383086e+02
-3.359278853341276811e-03,3.818244375099094867e+00,3.437229093151548120e+00,-2.132272554802745503e+02
-1.132672252549001349e-02,6.728954504234877732e+00,5.010012953256109292e+00,-2.055200035090313690e+02
-1.897160893907156361e-03,3.460187260539297149e+00,2.106507012054779970e+00,-2.021972830232105593e+02
-2.065317981627376280e-03,4.941781411784885947e+00,2.141362301379266864e+00,-2.041844393138360374e+02
-5.538884474536482153e-03,1.805639361039809598e+00,5.026596031028936373e+00,-2.350678102896839619e+02
-4.546180920149947048e-03,3.272688751932257389e+00,3.654730620845065836e+00,-2.290866278348449327e+02
-2.741867587511238706e-03,5.649778541770068330e+00,2.017364587427145306e+00,-1.760627764317498816e+02
-4.560927118753175039e-03,3.014518779928394565e+00,2.913536255934955577e+00,-1.846542867543923307e+02
-2.581745755657123553e-03,1.693744724702169524e+00,2.488490535629399591e+00,-1.961609972454342596e+02
-6.946178111126659858e-04,6.758768720715908174e+00,1.067908510562173507e+00,-1.595251723899292529e+02
-3.076482107981176693e-03,1.165508897566144952e+00,3.176429240746128535e+00,-2.071746750265626247e+02
-7.732578527469972582e-03,2.322459410427964777e+00,4.486370046387107458e+00,-2.209430533882674581e+02
-8.851070018444926520e-04,4.995859356405351059e-01,3.764805241936032054e+00,-2.107976496402988857e+02
-2.765661657862708740e-03,1.809123932024395032e+00,3.046840014638477090e+00,-2.039436284972575777e+02
-4.822972107001097242e-03,5.926197456777940076e+00,3.055894369072307271e+00,-2.022483590102626749e+02
-4.573921473789750378e-03,3.573318822423706465e+00,3.686300875810939459e+00,-2.059761260386030131e+02
-5.333067303396965900e-03,4.925735249110960723e+00,2.853784613578167928e+00,-1.883809542188141677e+02
-1.260455556847593465e-02,2.143763110575759079e+00,8.278233280049589027e+00,-2.447504439274706840e+02
-2.559899324077386049e-03,3.725444221208380036e+00,2.171504772007785800e+00,-1.567197692022064359e+02
-1.869636123803947170e-03,2.638683129461552035e+00,2.041324842593710276e+00,-1.533551152651552911e+02
-7.880709490848342505e-04,1.350874926016113031e+00,1.291076160700983744e+00,-1.706652102195422458e+02
-5.054668936602503028e-03,1.487468510518166198e+00,4.186402591962974817e+00,-2.047413294372481118e+02
-4.602401377464819705e-03,3.943084396427427585e+00,3.829539177079003487e+00,-2.277746480971555343e+02
-1.279801652299356919e-02,3.175003121898112290e+00,5.995170702657958373e+00,-2.063283412556817211e+02
-7.499571558570826760e-03,4.902087141913238355e+00,3.932383643630261272e+00,-2.007735882238123963e+02
-8.383565515486378350e-03,2.703367254422970767e+00,4.900255938370669639e+00,-2.114954873055582993e+02
-6.510742495442507901e-04,3.670046140785315991e+00,9.908099757567003785e-01,-1.577796172279893767e+02
-2.715931464945535185e-03,2.216026807629192241e+00,3.239622779416505782e+00,-2.147768537126353010e+02
-1.632243003329489697e-03,1.909726897419143254e+00,2.023072528181883101e+00,-1.970453814577172977e+02
-1.209038686594306753e-03,3.977016168464787560e-01,2.933486719748451321e+00,-1.842312507672708648e+02
-8.650447651198591922e-03,1.887314832903629336e+00,5.174456534936533458e+00,-2.179135795418763166e+02
-2.321131128054412709e-03,4.333452679714888234e+00,2.173651732098420108e+00,-2.077729300819334526e+02
-4.083318315433373709e-03,1.195324029198166382e+00,3.385101898741331716e+00,-2.009002155776893801e+02
-2.452162136130771504e-03,1.743559864983539986e+00,3.294005642409513435e+00,-2.199797523919754667e+02
-1.800189675916918138e-03,1.304469234787822396e+00,2.147444559596884073e+00,-1.561998760749743269e+02
-2.897473750868748490e-03,1.321698826263124849e+00,2.709039239591705339e+00,-1.775926407587888889e+02
-1.114908481057381171e-03,1.518735962723980260e+00,1.541965075580825184e+00,-1.724936124588030850e+02
-1.076681706755248241e-02,1.061855779722858983e+01,3.874172096486941719e+00,-2.081541123967764122e+02
-1.062111964900634134e-03,3.588871985498264472e+00,1.469643903195718471e+00,-1.635890548903151398e+02
-6.712016999387357928e-03,2.008911193883816892e+00,5.733531626641297230e+00,-2.404936331503017470e+02
-1.177686289916741492e-02,1.054829218501712518e+01,4.632570711356924775e+00,-1.963188385905527298e+02
-3.792045810125137728e-04,5.742868815872721910e+00,7.569542971232159356e-01,-1.413538392753640380e+02
-4.518634670807027652e-03,2.829553010486669962e+00,3.523112071079587793e+00,-1.990007933506053064e+02
-7.863702308588018178e-03,2.116037990661333801e+00,5.998894817474076824e+00,-2.467465032668633569e+02
-4.982691231560024657e-03,3.914929343696072372e+00,3.763553666985040902e+00,-2.002265250593814017e+02
-4.785064433277765560e-03,9.360300363059836926e-01,6.478759841633880079e+00,-2.498965608959570091e+02
-5.379271898664740419e-03,1.168702359790604994e+00,8.614403881942996222e+00,-2.509281867716965166e+02
-8.029190165398185017e-03,1.127215713305930178e+00,5.482909750653316650e+00,-2.211979457843715693e+02
-1.237915460316578280e-03,4.429513265589154258e+00,1.386573281650339773e+00,-1.507610654296988741e+02
-5.160413341346647975e-03,2.693198026744591189e+00,3.382171790126895505e+00,-1.921761532789593616e+02
-2.201739893911108196e-03,6.057237494258018273e+00,1.642228193812099279e+00,-1.837623544168411058e+02
-7.847780768952544381e-03,7.836888594716837630e-01,1.155579613353325641e+01,-2.443458280594961423e+02
-3.499920814759218540e-03,7.001217852330519076e-01,6.687499349121847736e+00,-2.334868563091064289e+02
-9.691526446504840700e-03,2.761923066850329178e+00,5.162855485305342995e+00,-2.218228535556431780e+02
-5.986640511348733859e-03,4.176997153259240925e+00,3.422083319379166877e+00,-2.090963990844145428e+02
