target,model,family,fold,n,r2,rmse,mae,medae,mape,smape,nrmse,max_error,explained_variance,pearson_r,spearman_rho
log10_retention_time_s,ridge,linear,0,3000.0,0.4764832950276241,3.0673600105798187,2.4280767154901004,2.0671474400037035,1221.5596527281302,115.79426503904311,0.22972173966300197,10.227995159711423,0.4766345152741127,0.6904315715245837,0.737498710995254
log10_retention_time_s,ridge,linear,1,3000.0,0.4638090341595009,3.0549111082314484,2.4097958125863874,2.013093506563556,784.2316053621129,116.69704623869983,0.22943444583555786,10.35302496823959,0.46380903538037077,0.6810653312309951,0.7335717010623856
log10_retention_time_s,ridge,linear,2,3000.0,0.4656037224677939,3.077631045909518,2.438719391099107,2.0247707855504755,1157.959741554405,119.30960591900472,0.22946741262155212,11.653197772910987,0.4656098637325461,0.6823743172087815,0.7061418107589076
log10_retention_time_s,ridge,linear,3,3000.0,0.45326327443370573,3.1173376637497294,2.463386755861733,2.0757943726970387,1511.2671042876916,117.74987091963905,0.23326183858897317,10.411661038496486,0.4532647009766534,0.6732752352307024,0.7234707661421137
log10_retention_time_s,ridge,linear,4,3000.0,0.45571446642429736,3.1369951314624056,2.447682420347428,2.0178008162823673,1309.3662313864295,117.52582063852482,0.23599635802160482,12.815300494221628,0.45579548407086146,0.6751334311940658,0.7124644031751486
log10_retention_time_s,elasticnet,linear,0,3000.0,0.47629006166083887,3.067926049459385,2.4289684153575006,2.067605508412866,1231.3620038927024,115.79457932883508,0.2297641316338441,10.208755101260044,0.47644805430278003,0.6903206380985549,0.7374404977704188
log10_retention_time_s,elasticnet,linear,1,3000.0,0.46381051304632237,3.0549068953006255,2.411722613640301,2.014636719505896,786.064871834353,116.80762838074263,0.22943412942980515,10.353107696912765,0.4638105141341946,0.6810562002920667,0.7334687336072697
log10_retention_time_s,elasticnet,linear,2,3000.0,0.46548807251602686,3.077964046570513,2.439834398733633,2.021222516826914,1158.4560839899677,119.39954899932714,0.2294922410688026,11.608866572204802,0.46549550488786995,0.6822815979404574,0.7060404322549768
log10_retention_time_s,elasticnet,linear,3,3000.0,0.45345484042615114,3.1167914884387367,2.46425973146232,2.0758658362895535,1504.8559639572413,117.66509475550254,0.23322096978649612,10.409941553879909,0.453456774635843,0.6734030983969747,0.7234294800424796
log10_retention_time_s,elasticnet,linear,4,3000.0,0.4556082973162845,3.1373010699033435,2.4496456660509285,2.020127004138129,1319.8115243352368,117.48380099332887,0.2360193737914146,12.724524436514837,0.4556863032218136,0.6750629789522397,0.7122725187946085
log10_retention_time_s,poly2_ridge,linear,0,3000.0,0.6851913690972452,2.378607558196071,1.7314212170166272,1.2168843226960124,795.8000746801425,98.47737408616165,0.1781394633690481,16.05347488348676,0.6854085910123016,0.8292696893247756,0.806003696971477
log10_retention_time_s,poly2_ridge,linear,1,3000.0,0.6852660276354283,2.3405107654595096,1.725393822458349,1.215957625239976,555.1956673382382,99.7573891123698,0.1757804961978867,10.352263170684008,0.685313747167388,0.8278808086963517,0.8115587057795199
log10_retention_time_s,poly2_ridge,linear,2,3000.0,0.6903001879495585,2.3429084194982197,1.710549519518653,1.1683622189531824,762.4454630455851,100.58606569740614,0.17468667459215398,9.322465410183574,0.6903149816727525,0.8308658337761502,0.7951075163169489
log10_retention_time_s,poly2_ridge,linear,3,3000.0,0.6817664589814469,2.3783058200465863,1.737224877812756,1.2121398261669958,1028.0237596019138,100.40667600103417,0.17796211002808485,9.574598257133392,0.6818026905990173,0.8257134579151746,0.8049321092607633
log10_retention_time_s,poly2_ridge,linear,4,3000.0,0.6758318950445705,2.4209487179537525,1.74747814417431,1.1982026119686406,1143.435276716845,98.46126999130198,0.18212813742169048,9.86945143509152,0.6759407805535862,0.8221624092343598,0.8018895101790916
log10_retention_time_s,knn,neighbour,0,3000.0,0.5516639069679781,2.838581256152722,1.7113033349308646,0.7297052963916387,626.0805062071369,84.90524104160932,0.2125879655759515,11.436035817764234,0.5558150081634841,0.769163487583026,0.8223069165834186
log10_retention_time_s,knn,neighbour,1,3000.0,0.5388665041421725,2.833036476798964,1.6863160154261017,0.6929028314644239,388.2328362879384,84.9095397796226,0.21277088958002052,11.948133659164412,0.5445503986306182,0.7627224121025962,0.8243684735772228
log10_retention_time_s,knn,neighbour,2,3000.0,0.540090770771692,2.855097242586648,1.6844118491332756,0.6294130783003199,451.76653232795337,82.45866315790497,0.21287534706606523,11.888743234702815,0.5453641688741658,0.7627319376595245,0.8189115782321674
log10_retention_time_s,knn,neighbour,3,3000.0,0.5480825082649983,2.83415957150884,1.6832809191691056,0.6869175921155868,660.6555016677729,83.72952388585804,0.21207239760785948,11.687018838962128,0.5541481940408302,0.7696790759429245,0.8278472475259546
log10_retention_time_s,knn,neighbour,4,3000.0,0.5154906892380521,2.9597260338224216,1.750207873067406,0.692563477232104,1182.0228973307885,85.05746267588864,0.2226603916972612,12.782124199357902,0.5223652058553183,0.7450535472286635,0.8125556526881255
log10_retention_time_s,svr_rbf,kernel,0,3000.0,0.6781836993593049,2.404935860995531,1.4556290124867122,0.698459113988563,352.82794462903723,83.66570840169508,0.18011125132370784,14.617794821297931,0.6813187195853952,0.8254203312598601,0.8582462937093419
log10_retention_time_s,svr_rbf,kernel,1,3000.0,0.672010895515215,2.3892882096873693,1.4673400079067858,0.7443964140792176,357.1165837007089,86.25279182452117,0.17944385185348632,13.008141554720376,0.6759540121761946,0.8228687267370282,0.8575763851984669
log10_retention_time_s,svr_rbf,kernel,2,3000.0,0.6709845818233775,2.41486561252391,1.4146775815418575,0.6748189687220141,417.4410208653507,83.79529123572338,0.18005178517779766,12.407744757347622,0.6782466137810947,0.8271238983997041,0.8645531289545383
log10_retention_time_s,svr_rbf,kernel,3,3000.0,0.6453238550177597,2.510791864204325,1.4845973731926492,0.6961023771116515,510.8362391022909,85.67586514706362,0.18787567781606737,11.95438474837784,0.6513069961623017,0.8072240798169399,0.8570433381226348
log10_retention_time_s,svr_rbf,kernel,4,3000.0,0.640887274399415,2.548096354551459,1.4881975440142599,0.6841696588292425,795.9189932806773,84.47372557071759,0.19169346280812957,12.363154958899973,0.6492544301318504,0.8072668582929226,0.862161286053824
log10_retention_time_s,gpr,kernel,0,3000.0,0.6790066859919499,2.401858799543398,1.7317396804188894,1.1878614532261265,763.652869858633,97.50764799587965,0.17988080302047774,14.565401949146601,0.6791883387145194,0.8261589396803539,0.8093422040465912
log10_retention_time_s,gpr,kernel,1,3000.0,0.6757156583630122,2.375755924296686,1.653397839917604,1.0449232083769033,497.94715168931634,94.88734476020329,0.17842753017030077,10.920048234694498,0.6757213707945744,0.8224333132479473,0.8171716340891569
log10_retention_time_s,gpr,kernel,2,3000.0,0.6828918689039551,2.3707651318564897,1.7046620233086571,1.1445472739321272,730.2969533028981,99.1577084835517,0.1767636642032027,11.247169524234886,0.6829170396470156,0.8264112408032822,0.7906835213560097
log10_retention_time_s,gpr,kernel,3,3000.0,0.6650871083653762,2.439836114672254,1.7445325234733149,1.1812713386559728,985.2517450787996,97.95270738527478,0.18256625343552058,10.394793008044743,0.6651725410686751,0.8155829017469021,0.8052899924613625
log10_retention_time_s,gpr,kernel,4,3000.0,0.6552581953016026,2.496591136605731,1.703440418660423,1.044526951591782,1353.0128621226036,94.1978133346119,0.18781872174385694,11.84407244893977,0.6553243611057822,0.8095320160886214,0.8123644225534911
log10_retention_time_s,random_forest,ensemble,0,3000.0,0.6920517974396552,2.352547039742656,1.2376397199412827,0.3573720565351042,337.3383858882869,64.52467458531395,0.1761877304081341,11.23760883396935,0.6922231819113973,0.8338175703315118,0.905829643899565
log10_retention_time_s,random_forest,ensemble,1,3000.0,0.6780450744091031,2.3672077192699574,1.2502764830895319,0.3533619380427251,267.3054219836381,64.68237756407285,0.17778553025157592,12.609538578070866,0.67816910355168,0.8250062022209721,0.9049175894210371
log10_retention_time_s,random_forest,ensemble,2,3000.0,0.691731105973826,2.33748963788979,1.2044388664267405,0.3204368582314367,415.4977684729003,63.0886200483131,0.17428265157032352,12.394872144030286,0.6917530771299598,0.83431661301898,0.9052056744382196
log10_retention_time_s,random_forest,ensemble,3,3000.0,0.6650254910199787,2.4400605451350095,1.2889371030933148,0.3828482901030471,627.2393343219501,66.84934556210715,0.18258304695230462,12.416696480641482,0.6650258871202627,0.8175295184749246,0.9020040212655623
log10_retention_time_s,random_forest,ensemble,4,3000.0,0.6743189355181761,2.4265916753514296,1.2764321282900946,0.3472657124480396,554.3989289808388,64.38882368697342,0.18255265749217653,12.65472954583274,0.6744329572989054,0.8246927894321855,0.8992732701966665
log10_retention_time_s,extra_trees,ensemble,0,3000.0,0.7024693397531823,2.3124126805257106,1.2594527430997575,0.46094526496504706,402.62833963072364,69.36364712991427,0.1731819747134076,11.029213790247375,0.7026551855606713,0.841814666123993,0.9067862444252033
log10_retention_time_s,extra_trees,ensemble,1,3000.0,0.6944372581855018,2.306157852214972,1.2595677253208857,0.4150589001402272,294.3053666861913,68.2678340138232,0.1732004729717247,12.261326838062317,0.6946089039198148,0.8366264413696292,0.9076428283830359
log10_retention_time_s,extra_trees,ensemble,2,3000.0,0.6988412618987699,2.3103755319807724,1.2374228373757465,0.396190309520873,422.9852243945001,69.02320029887203,0.1722610305131931,12.275981630827381,0.6988419476403829,0.840515512950157,0.9045106796035368
log10_retention_time_s,extra_trees,ensemble,3,3000.0,0.6830450721502939,2.373523178683849,1.2880507292317662,0.4330348204488641,466.4169958514928,70.70211495717699,0.17760423807518197,12.256578297286215,0.6830801351443702,0.8311811213525925,0.9060059483165943
log10_retention_time_s,extra_trees,ensemble,4,3000.0,0.6878658116411582,2.375587978709304,1.2835244514217214,0.44856909172834913,565.474927696587,69.29539130750507,0.17871564590983177,12.648155127859104,0.6879979383080674,0.8353766419314282,0.9041291329514667
log10_retention_time_s,hist_gbr,ensemble,0,3000.0,0.7802081625567914,1.9874914044838183,1.119452523451603,0.3824436666375921,355.2468468415422,64.41129743243177,0.14884786312284912,9.659718442435656,0.7803324353356649,0.8833748297029892,0.9021692652375515
log10_retention_time_s,hist_gbr,ensemble,1,3000.0,0.7816397407350866,1.949510740122222,1.0798651634291996,0.3655986188168055,288.74535620297286,64.69148099862069,0.14641503482873935,12.449108527456291,0.781643096846937,0.8847286500119701,0.9081133501231483
log10_retention_time_s,hist_gbr,ensemble,2,3000.0,0.7848433223678868,1.9528201914903147,1.0847834640619078,0.35197308991449766,383.1286654916107,63.80659293225288,0.1456017924084786,10.375479400442655,0.7848516249410691,0.8865830597365346,0.897492737461578
log10_retention_time_s,hist_gbr,ensemble,3,3000.0,0.7686454105636704,2.0278404535308967,1.130060546890333,0.3850330992832523,654.1093145152348,65.59211461553127,0.15173774662149966,9.886870495247459,0.768697303590157,0.8772098327242689,0.906183890951942
log10_retention_time_s,hist_gbr,ensemble,4,3000.0,0.762606568634745,2.071737837471698,1.1406897203450417,0.34164397558946763,729.7717813818431,63.70522161389732,0.15585697902914822,10.354333652549686,0.7629816241144141,0.8746932628634001,0.8997449972999689
log10_retention_time_s,xgboost,boosting,0,3000.0,0.7854416127784601,1.9636868293001528,1.0224437908355495,0.2513517584144863,310.9299776461224,55.606660693145095,0.1470650830108737,10.342506408691406,0.7855256719679807,0.8873883144885572,0.913042136022298
log10_retention_time_s,xgboost,boosting,1,3000.0,0.775595596141841,1.9763075021567202,1.0137086208246056,0.24516101668844847,248.8561282289175,54.52624380064689,0.14842756482707756,11.414899230003357,0.7755995214286397,0.8822898060995424,0.92434073360066
log10_retention_time_s,xgboost,boosting,2,3000.0,0.7950575036115679,1.905903261150621,0.9822250654637458,0.2359107079568456,337.91360051495076,55.330957851481955,0.14210367764013945,10.568566083908081,0.7950577204582171,0.8938284389001372,0.9161772437990116
log10_retention_time_s,xgboost,boosting,3,3000.0,0.7660362277210453,2.039243236303876,1.0528551505672277,0.24757001979476012,582.009542137805,57.063565070387966,0.15259098562271084,10.26360535621643,0.766138235590121,0.877337094317327,0.9191127063720863
log10_retention_time_s,xgboost,boosting,4,3000.0,0.7705232715991313,2.036900307569223,1.0442642724370887,0.23185815809184007,669.4464249490987,54.85931987120076,0.15323614927490498,11.266714930534363,0.7709956279029359,0.8821258974111553,0.9142190655754264
log10_retention_time_s,lightgbm,boosting,0,3000.0,0.7922311578133964,1.9323673419251783,1.0678248997328217,0.3258390133273347,321.5935773508995,60.83398112019,0.14471949361141728,9.515777123977688,0.7924140634365415,0.8902779211165839,0.908869935076942
log10_retention_time_s,lightgbm,boosting,1,3000.0,0.7838229740972971,1.939740351465359,1.0490638663007519,0.325500898466317,280.1400367404755,59.60420386438807,0.1456812446699864,11.465990568735918,0.783822981014081,0.8859390212445937,0.9151358317789099
log10_retention_time_s,lightgbm,boosting,2,3000.0,0.793376022882342,1.9137059205593847,1.034437185446433,0.3072462857054135,391.3135508799335,60.096114610718956,0.14268544200350455,11.140059150265689,0.7933908272149242,0.8912393887417405,0.9069545037657373
log10_retention_time_s,lightgbm,boosting,3,3000.0,0.7786205142323237,1.9836425255286891,1.0727771789614002,0.3261103476802448,630.7003513345248,61.40825070437481,0.1484305367329126,10.277629991189805,0.7787721052080111,0.883312976656014,0.9164159127853576
log10_retention_time_s,lightgbm,boosting,4,3000.0,0.7762368618202325,2.0113827492154175,1.0948176409345949,0.3294458324670076,702.7621606298942,61.73902302622602,0.15131646161689624,10.698781492827033,0.7766043192212515,0.8829489436392259,0.9067943651512532
log10_retention_time_s,catboost,boosting,0,3000.0,0.8100769697377648,1.8475163680259843,1.1060201739451352,0.44853358645155406,334.9725509649369,67.16074934398539,0.13836480643123908,9.289548319202687,0.8101536074115974,0.9002154558574051,0.8971557803541175
log10_retention_time_s,catboost,boosting,1,3000.0,0.7962684403552283,1.8830765989939469,1.101726935022813,0.4227556933010151,320.09393003807395,67.80444792421902,0.14142559984542452,10.868666562445235,0.7962712869878892,0.8927508861237223,0.901205754051685
log10_retention_time_s,catboost,boosting,2,3000.0,0.8015092456780597,1.875663742001431,1.0925831876542786,0.39742096722408726,349.8728901844031,65.66940425474877,0.13984902654175418,9.305359158028342,0.801515953542013,0.8955991998780518,0.8939871992549545
log10_retention_time_s,catboost,boosting,3,3000.0,0.7866691421179206,1.9472493292952888,1.1379165946219707,0.4304006853294041,598.6651060014427,68.8020714411186,0.14570733354441973,9.561713483139322,0.7868364784781455,0.8877324524959008,0.8995661220890175
log10_retention_time_s,catboost,boosting,4,3000.0,0.7913154516333447,1.9424309790598895,1.1414014568353257,0.4192048426324255,715.6855552438321,67.21482270090252,0.1461292152381422,9.723755229202395,0.7915013346830994,0.8908026497595078,0.891565991193255
log10_retention_time_s,mlp,neural,0,3000.0,0.921693336545893,1.1863117694000844,0.4513001911853545,0.1359307398948167,110.87261157797141,37.66723747916289,0.08884565310537743,10.776916206627037,0.9216985494694043,0.9600914032307601,0.9733585571243848
log10_retention_time_s,mlp,neural,1,3000.0,0.9017189880678141,1.307897293918111,0.44795576642122786,0.11953572068789994,112.04290684091805,34.82391830892593,0.09822763419576165,11.862789083054984,0.9022211224079607,0.9505741699433757,0.974619419722305
log10_retention_time_s,mlp,neural,2,3000.0,0.9168333906440331,1.2141136453413048,0.44843030638716924,0.11250455803323406,120.92331195390611,33.372127607910365,0.09052401430485855,11.013019597725673,0.9168602093488826,0.9575550598700293,0.9743489337110581
log10_retention_time_s,mlp,neural,3,3000.0,0.9004623484378428,1.330112632228181,0.5567590876887907,0.17126143198574137,323.61828508531397,44.114109834828696,0.09952868491979742,10.875475138860224,0.9008160651539694,0.9494142048409419,0.9643485901138014
log10_retention_time_s,mlp,neural,4,3000.0,0.8889605570415237,1.4168996276408719,0.5294237259695297,0.13898141004738906,157.212782883202,37.64298001151416,0.10659345577292334,11.53958331321636,0.8893753570093457,0.9430692459403157,0.9640230908312145
log10_retention_time_s,mlp_deep,neural,0,3000.0,0.9180251996095824,1.2137791224506034,0.4680411398003327,0.17291047750495564,120.2533073856084,39.15727886650746,0.09090274718789118,10.729666309478027,0.9183088405699956,0.9583185555563049,0.9737741975908664
log10_retention_time_s,mlp_deep,neural,1,3000.0,0.9075417880191973,1.2685616460972793,0.38201353898308427,0.09584498191996449,93.8918759515918,28.02666583935784,0.0952733902784714,12.134255065667599,0.9076974465650138,0.9529158478060419,0.9806550570472762
log10_retention_time_s,mlp_deep,neural,2,3000.0,0.9167861882359533,1.2144581403185775,0.40379005024505704,0.12541166925070826,93.85100811824493,34.417717754125505,0.0905496997654991,11.732111853973459,0.9167953713965087,0.9575927289064586,0.9772286796755044
log10_retention_time_s,mlp_deep,neural,3,3000.0,0.9228401222794045,1.1710905820367814,0.3858218645162507,0.11619454535638657,128.10076074497525,31.987680335593737,0.08762950048585479,11.132646434227011,0.9235237285148433,0.9610507930537717,0.983658751356048
log10_retention_time_s,mlp_deep,neural,4,3000.0,0.8918170985483946,1.3985556801294519,0.4775777840799903,0.13304009464479472,162.49422807721075,34.571588573851734,0.10521343934860188,12.359807288469653,0.8918376254142821,0.9445413983870643,0.9714757257079181
read_delay_ns,ridge,linear,0,3000.0,0.6332168300913028,5.78089576250245,4.292516430658082,3.388493003085146,168.37825514146746,66.9552597242558,0.14538264498030645,27.819625861190808,0.633448630663547,0.7960920387073434,0.9379176087341329
read_delay_ns,ridge,linear,1,3000.0,0.631983999658543,5.57935896582065,4.1639988409873965,3.2921517970652827,160.70125766530006,68.19654696252593,0.14010280121333554,24.776273724080394,0.6319938028522414,0.7949933998374219,0.9332309697811847
read_delay_ns,ridge,linear,2,3000.0,0.6407053866261003,5.5671247760668,4.164176110978803,3.342383146137435,170.44694741597368,67.37854835981273,0.14073431726165417,23.114115617637516,0.6407058899450749,0.8004500165629079,0.9357643149524009
read_delay_ns,ridge,linear,3,3000.0,0.6245398358154417,5.5696006759095,4.190288521197762,3.320324398522464,172.19934035388823,68.66554165219465,0.14010662188877168,25.651980216844652,0.6245680072155535,0.7910160535593032,0.933927120317894
read_delay_ns,ridge,linear,4,3000.0,0.633290327555982,5.5694272983620765,4.189089366452173,3.308654289279729,151.57035776338768,65.63109723556491,0.14054446413154933,25.934105836289568,0.6338579744201822,0.7961618342866369,0.9300590204354598
read_delay_ns,elasticnet,linear,0,3000.0,0.633016291852736,5.782475895305386,4.293236272064877,3.4014437700890086,168.43866462341052,66.9149108268724,0.14542238343879954,27.79160727925031,0.6332522330328555,0.7960031547432135,0.9384115892337385
read_delay_ns,elasticnet,linear,1,3000.0,0.6324400892064614,5.575900588718347,4.161277743442968,3.2935956965795423,160.7106789992492,68.16385557024593,0.1400159582045503,24.836056505399405,0.6324492594140317,0.7952907929450492,0.9339463138609058
read_delay_ns,elasticnet,linear,2,3000.0,0.6404792261419444,5.568876633064656,4.164741853465541,3.3243193762268426,170.48121892867366,67.37131270842485,0.14077860338931442,22.943218573694665,0.6404800942744777,0.8003183115549269,0.9362877876774056
read_delay_ns,elasticnet,linear,3,3000.0,0.6245006937915392,5.569890986017023,4.189273427648397,3.313689679824966,172.35682241432337,68.66188662880577,0.14011392481241594,25.608951490626175,0.6245288832409603,0.7909344691115616,0.9344999737149415
read_delay_ns,elasticnet,linear,4,3000.0,0.63286279590864,5.572672935172842,4.190086407998357,3.3245175153862823,151.76390296537298,65.56303302477534,0.14062636775680518,25.776165140735095,0.6334219632207542,0.7958944206721442,0.9304802935934726
read_delay_ns,poly2_ridge,linear,0,3000.0,0.8290996573670271,3.9460438359699745,2.604948753833315,1.8131508856083531,89.90815879591248,55.51191935114457,0.09923830382874965,33.66650389887894,0.8291648642215292,0.9106155488257178,0.9429074632913333
read_delay_ns,poly2_ridge,linear,1,3000.0,0.837393123927582,3.7086889193613564,2.4613022520333208,1.707686379142445,84.92348807604174,53.033852969143034,0.09312856720896757,26.638077913254982,0.8373931277100313,0.915296813442077,0.9476238984963076
read_delay_ns,poly2_ridge,linear,2,3000.0,0.8267177563031041,3.8661850175031853,2.5579356962399937,1.7381147564232169,89.12633179042523,55.527975056893375,0.0977353536577206,26.506578911113387,0.8267949095037748,0.9092872577428512,0.9444729052562582
read_delay_ns,poly2_ridge,linear,3,3000.0,0.8293968423615377,3.7543577887424284,2.4914316051513183,1.7326241150214208,79.4124740723524,54.51606742960684,0.09444310602332444,29.195228479105424,0.8294230844356312,0.910736856430116,0.9449113044284683
read_delay_ns,poly2_ridge,linear,4,3000.0,0.8246022615141027,3.8517789134222835,2.500345117280551,1.7213644030452135,79.9581680335514,51.92464298022733,0.09719961754404115,29.305024339788496,0.8247295013151451,0.9085627632671326,0.9460659868842354
read_delay_ns,knn,neighbour,0,3000.0,0.5122453714314831,6.666396463243702,4.416258768061164,2.676354757187355,84.72411149747167,54.867039363557936,0.16765193321773184,30.505383911040497,0.5150748785531916,0.7481323295532163,0.8682255887296351
read_delay_ns,knn,neighbour,1,3000.0,0.5313319180906899,6.296274332170881,4.0873088331813765,2.4935432989619897,80.58028702303191,52.03535632623184,0.1581052010721477,31.127577685357338,0.5333648243827983,0.7581029919162711,0.8707116125915274
read_delay_ns,knn,neighbour,2,3000.0,0.5160318809120974,6.461211823083297,4.280760658377169,2.67100048505112,85.89186891942646,54.7953075465209,0.16333642071643859,31.15766570698913,0.5173692777529967,0.7448940737687976,0.8678595320514566
read_delay_ns,knn,neighbour,3,3000.0,0.5216927579891337,6.286307253507739,4.248384479307082,2.746681257115235,87.27111986997213,54.66010647496062,0.15813580267135166,26.996923272340155,0.5225115413538013,0.7470144317962348,0.8615959998286218
read_delay_ns,knn,neighbour,4,3000.0,0.5314738094149889,6.295297999250034,4.285623856826071,2.7908337768595586,83.73009109782181,53.4842821010517,0.15886180687073773,30.27818461353576,0.5325833558683756,0.7576635669950823,0.8631125945376467
read_delay_ns,svr_rbf,kernel,0,3000.0,0.8085173675090638,4.1769101527259895,2.409904913505171,1.2343593805604223,50.69005973543099,42.00078644942808,0.1050443167972868,26.260401454886313,0.8121749196649872,0.9080267789951585,0.9494034171278259
read_delay_ns,svr_rbf,kernel,1,3000.0,0.8204291568163424,3.89734511162372,2.267486315999576,1.2655901536810445,50.773601734945096,42.43546559983773,0.09786589656241439,29.15690713598797,0.8230876722502608,0.9124472897361114,0.9530405062110696
read_delay_ns,svr_rbf,kernel,2,3000.0,0.8037498117383318,4.114439144454239,2.3367663655588884,1.2514228941195857,53.946020837502004,43.09490895161534,0.10401110217588626,30.315571041032904,0.8068173739563964,0.9018949842817763,0.9490392884318227
read_delay_ns,svr_rbf,kernel,3,3000.0,0.8065891409722094,3.9974455118348744,2.302919064334669,1.273466873395627,54.201986293428305,44.26660928832808,0.10055812246470587,28.02643223902617,0.8084317109647567,0.9009106276959503,0.9439686534347357
read_delay_ns,svr_rbf,kernel,4,3000.0,0.8117530366866296,3.990371648420186,2.3482315111149554,1.3206959749866118,52.280507043935806,43.37376566030816,0.10069700437204311,25.34561663405912,0.8149385088098818,0.9064974773974079,0.9470801114415858
read_delay_ns,gpr,kernel,0,3000.0,0.8033711354530794,4.23266672896838,2.7493761927022327,1.8123780660688473,78.11474420134367,55.38603793307636,0.10644652829913472,32.90842216210853,0.8033715789907039,0.8963124982972444,0.9395784113640337
read_delay_ns,gpr,kernel,1,3000.0,0.8085650371560177,4.024033454767908,2.7364015212347246,1.901506634175231,81.19040846811289,55.68644167268,0.10104715660757556,27.25987724994097,0.808893083935444,0.899480698406056,0.937216238447543
read_delay_ns,gpr,kernel,2,3000.0,0.801488890755065,4.138071689027453,2.7863971269133185,1.9277982925340833,81.45358881813246,57.842394305581394,0.1046085218780573,29.095460369311247,0.8014947173482401,0.8962726769115249,0.9297212391678225
read_delay_ns,gpr,kernel,3,3000.0,0.7876039402389242,4.189048163124034,2.813204674982074,1.9691912328110552,79.66335916889933,60.04918606513014,0.10537800126376767,35.27119456281979,0.7876138584785635,0.8895246393979893,0.9205253310495395
read_delay_ns,gpr,kernel,4,3000.0,0.7940730596414505,4.173553067356159,2.714336270954826,1.8477765829614645,78.76362867295236,53.316942717518124,0.10531958636907979,32.46165603723658,0.794206580501117,0.8915533210557363,0.9408669320831851
read_delay_ns,random_forest,ensemble,0,3000.0,0.8507653199884709,3.687443019704686,2.106839331185372,0.8815799562480157,27.87139593342366,23.09781841826585,0.09273480122166593,20.89139234176587,0.8507682888408644,0.9277753103381952,0.9716077107184165
read_delay_ns,random_forest,ensemble,1,3000.0,0.8501603741959121,3.5601171845305206,2.0152453866993727,0.8120392348561483,26.90092984055475,22.288099540255814,0.08939779520479285,26.13764127010913,0.8501929371119215,0.9274401664388586,0.9694930073779428
read_delay_ns,random_forest,ensemble,2,3000.0,0.8428457518707599,3.6818718180266505,2.0722860589229763,0.8132487595952385,26.94190873838937,22.68926945767787,0.09307600195751184,18.789362446522368,0.8429024805359401,0.9217688303932174,0.9703636259194129
read_delay_ns,random_forest,ensemble,3,3000.0,0.8557570249194781,3.452148437160831,1.9575429609162462,0.8056754521924563,26.449739933991623,22.113880353125285,0.08684084980836168,19.88165762540676,0.855767259099764,0.9289771703903515,0.9729445159908289
read_delay_ns,random_forest,ensemble,4,3000.0,0.8479290485434708,3.5865136508112,2.076472281086018,0.8785951460198417,27.641199043152735,22.304583851965027,0.0905056502491716,18.568113804390325,0.8482432807238244,0.9233765993997569,0.9680746111123066
read_delay_ns,extra_trees,ensemble,0,3000.0,0.8483161722751582,3.7175779066469414,2.115144398185816,0.9366447225000011,29.527633045611147,24.208682546401416,0.09349265774595501,21.190360440000003,0.8483194321181083,0.929089049228179,0.9736117729422035
read_delay_ns,extra_trees,ensemble,1,3000.0,0.8481660386863024,3.583731094690039,2.018596724720833,0.830117169375,28.39725262787341,23.222761649843157,0.08999076206374848,25.183338417083327,0.8481726649814777,0.9288992533166196,0.9732674715763636
read_delay_ns,extra_trees,ensemble,2,3000.0,0.8417210970281461,3.6950227607056063,2.0768192034891886,0.8587473497916647,29.087273080231736,24.107573458845458,0.09340845165348893,19.510282962499986,0.8417434917631086,0.923658095858179,0.9724605852642185
read_delay_ns,extra_trees,ensemble,3,3000.0,0.8476307107084395,3.5480591117601996,2.019764517309472,0.8644882433333345,28.787944799909127,23.592658564472988,0.08925353994597131,19.854859454166665,0.8476947752006974,0.9264746123612434,0.9738896214292788
read_delay_ns,extra_trees,ensemble,4,3000.0,0.8437501401297163,3.6354583614401674,2.0733178366264897,0.8987274262500016,29.19813813973536,23.252736834155787,0.09174076972535992,23.341059973333333,0.8440342378451307,0.9231296722933423,0.9698321110857528
read_delay_ns,hist_gbr,ensemble,0,3000.0,0.9210195574596539,2.6825647912093786,1.4571239135724938,0.5918746348605175,21.655150960309342,21.783840066584588,0.06746331030681645,24.436826609494645,0.9210220259354176,0.960447070534184,0.9812462575724986
read_delay_ns,hist_gbr,ensemble,1,3000.0,0.9220055575425756,2.5685189987198713,1.3588436657613763,0.5537671076761019,20.826629609361195,20.712879244843474,0.06449785878535878,25.120424308156775,0.9220506384878799,0.9612171081561162,0.9819110047618597
read_delay_ns,hist_gbr,ensemble,2,3000.0,0.9160270880491392,2.691381166113571,1.4151275739450933,0.551363935590628,21.053246309919185,21.56895541407754,0.06803686034345914,23.350863423068372,0.9160788553525696,0.9577568428432149,0.981803895861034
read_delay_ns,hist_gbr,ensemble,3,3000.0,0.9218630095592576,2.540799911655013,1.3755734833482975,0.5495247147914035,21.076169847105543,21.809622982263424,0.06391533491027926,19.356180270309217,0.9218654709162493,0.9603749869657084,0.982816102422102
read_delay_ns,hist_gbr,ensemble,4,3000.0,0.9174828754635139,2.641930565705268,1.4505734210701369,0.6075418365256671,21.654209702049148,21.379799494100656,0.06666910181932113,21.395471199246494,0.9175493649834728,0.9581053829762317,0.9801967224619018
read_delay_ns,xgboost,boosting,0,3000.0,0.9064518366810128,2.919497255535734,1.5319190014542847,0.4912768986511227,18.844230572291128,17.428685893195308,0.07342187966364509,23.749161944580074,0.9064646625970415,0.9542049405745799,0.9839761354328905
read_delay_ns,xgboost,boosting,1,3000.0,0.9066594617445625,2.8098692006987394,1.4302499194821028,0.47929694288253777,18.079342649404975,16.33481879751004,0.07055838286667145,24.579524253845214,0.906745514808497,0.9549090203688346,0.9835747398361625
read_delay_ns,xgboost,boosting,2,3000.0,0.9034863491547868,2.8853597832177615,1.475046668721375,0.48764820896148675,18.082728437728317,16.37822400663457,0.07294054929235409,21.515194732666014,0.9034942610094264,0.9519058179241818,0.9836462851774692
read_delay_ns,xgboost,boosting,3,3000.0,0.9117913563561358,2.699589298284177,1.4152595874781928,0.49088676773071294,17.71898056634293,16.482637333142254,0.06790977649540587,20.158140742492677,0.9117914383700395,0.9563014345833125,0.9846751761844278
read_delay_ns,xgboost,boosting,4,3000.0,0.903219498119096,2.8611675545903767,1.5067379419816085,0.5064167315673828,18.655670066415432,16.504550693505337,0.07220154590558,22.928229524230957,0.9033307169785177,0.9513101642288052,0.9814710568259998
read_delay_ns,lightgbm,boosting,0,3000.0,0.9210990608278872,2.6812142883011574,1.405101055644855,0.5052014582614226,19.053057634557184,18.59091407433343,0.0674293467667498,21.77576019276238,0.9211203161789736,0.9611060499714379,0.9842210116824573
read_delay_ns,lightgbm,boosting,1,3000.0,0.9246789167697594,2.5241155486594704,1.3115941970693865,0.5198172444199546,18.515018473645455,17.932906367281237,0.06338284758512791,21.96669179479499,0.9247467171365996,0.9631242113319607,0.9836969927386758
read_delay_ns,lightgbm,boosting,2,3000.0,0.9118784091979815,2.757063485206739,1.3889291909116277,0.49595247213332927,18.844071025544544,18.141391045389543,0.06969727872917203,25.335480852328473,0.9119030548179362,0.9556439404901654,0.9831252948971855
read_delay_ns,lightgbm,boosting,3,3000.0,0.9201517277446103,2.568472306425034,1.3506934848303314,0.50629941183855,18.257491294411974,17.9585544842215,0.06461145048056958,19.062399400464127,0.9201534929339685,0.9599200904680484,0.9849134699887091
read_delay_ns,lightgbm,boosting,4,3000.0,0.916763551415072,2.6534207901326217,1.4238905487442122,0.5415339814804789,19.304473448394756,18.048112325277778,0.06695905756313138,19.539813027656542,0.9168230966077207,0.958027326700785,0.9811846739052269
read_delay_ns,catboost,boosting,0,3000.0,0.9353371500975293,2.42726872145295,1.3007025630641043,0.5517187791251497,21.391431380879613,20.468057326409888,0.061042918139392256,21.407459050080078,0.9353926429835534,0.9680115705566729,0.9824922606005246
read_delay_ns,catboost,boosting,1,3000.0,0.936951263562778,2.309346748520656,1.2027468180729544,0.5016170041936707,18.823602372862336,18.82701728009834,0.05798980679011802,22.13122613195488,0.9370017761431664,0.968897282938202,0.9837863580819685
read_delay_ns,catboost,boosting,2,3000.0,0.9339639586243991,2.3866905725381233,1.2312777039157186,0.49146565573261314,19.959290972052106,19.467028336568855,0.06033442427677841,22.493697249760512,0.9339882605252,0.9668244617986939,0.9825731126134256
read_delay_ns,catboost,boosting,3,3000.0,0.9403286818319321,2.2203679079792433,1.2079273450774413,0.5210068145887161,19.98498797559077,19.37683734506245,0.05585467702967969,17.682073316059864,0.9403393821540291,0.9701971136171621,0.9846437324031527
read_delay_ns,catboost,boosting,4,3000.0,0.9363373434014153,2.3205543006656844,1.2470572350929248,0.5511116962120443,19.324711959682496,18.300564391110612,0.05855917371811933,21.17433340245571,0.9363737283695756,0.9680699153043802,0.9823709322595192
read_delay_ns,mlp,neural,0,3000.0,0.9607315698792498,1.8915255345394617,0.8502231559376048,0.37461797464830693,14.168878802592177,14.520857855849082,0.04756961491035334,21.796095577907494,0.9612833668177627,0.9805139835557464,0.9900435485548628
read_delay_ns,mlp,neural,1,3000.0,0.967510674358379,1.6577586475740471,0.6831459965629879,0.2901107806198184,11.700474082558022,11.805346112015917,0.0416278342518499,28.505013412920892,0.9675428372240651,0.9836552455473939,0.9916415907351682
read_delay_ns,mlp,neural,2,3000.0,0.9700526459651126,1.6072551668620962,0.7178851444045091,0.294042237560871,12.081496043997758,11.95587472657681,0.04063066082981019,19.84051665594467,0.9702462752994531,0.9850193269136178,0.9923659221492244
read_delay_ns,mlp,neural,3,3000.0,0.9701128859392267,1.5713904748272616,0.740541189307936,0.32412099652567883,12.699105828092744,12.697512528754636,0.03952926321064996,21.281932248170207,0.9702976306428036,0.9850866811362485,0.9896395069587939
read_delay_ns,mlp,neural,4,3000.0,0.9710985767327811,1.5635399117593076,0.7219005902423663,0.32996576936234867,12.520340298264902,11.213503012272568,0.03945592020047153,17.248434881421655,0.9712277296594323,0.9855090832735391,0.9899952704416957
read_delay_ns,mlp_deep,neural,0,3000.0,0.9646834215818946,1.793823665643768,0.7333183276526384,0.2539097198451339,10.099171413511932,10.15508479037667,0.04511252924350742,24.20227921051563,0.964686560320736,0.9822032928854708,0.9934013933742665
read_delay_ns,mlp_deep,neural,1,3000.0,0.9723127451264357,1.5303504755071422,0.6441750544619366,0.2111417032599059,8.305107009552867,7.850424035882734,0.03842849864476757,19.28324474646166,0.9723982313815268,0.9861866318741759,0.9942833616962455
read_delay_ns,mlp_deep,neural,2,3000.0,0.9766637577197792,1.4187996239211345,0.6002758243613076,0.20235555441574293,7.929998650211887,7.66751681233286,0.03586659261923406,19.297801383886128,0.9767619214123342,0.9883752318126928,0.9943384108134916
read_delay_ns,mlp_deep,neural,3,3000.0,0.9731284234631633,1.4900083398676036,0.6566985903562654,0.2275143451398245,8.650559618257251,8.326604357940273,0.03748204713991579,19.291784751645174,0.9731553247491262,0.9864868054617031,0.994418943934818
read_delay_ns,mlp_deep,neural,4,3000.0,0.9686350924375401,1.6288135087458817,0.6684057615187463,0.22766138081606946,8.378413012812542,7.96915403988064,0.0411030990249648,20.59338032681691,0.9686372444541884,0.9842174817051783,0.993568667950645
log10_total_power_nw,ridge,linear,0,3000.0,0.8657363573592752,0.13982850432138252,0.10659179888055859,0.08762817747267088,97.01492771793949,36.58457475570056,0.05677739346125615,0.9163314448107106,0.8658393340653332,0.9305112888848638,0.9423839029315447
log10_total_power_nw,ridge,linear,1,3000.0,0.8664654661510391,0.14192276393151557,0.1069161623091941,0.08719348396833712,84.27634626358052,37.833152818233465,0.05081246710988335,1.1498554331967483,0.8666862248101215,0.9309598768332352,0.9455135148348349
log10_total_power_nw,ridge,linear,2,3000.0,0.8617735036953712,0.1469921008317126,0.110080933538409,0.08896050087810256,124.9328844203244,37.63464555374185,0.0484140342331041,1.5058567956983588,0.8618163854264731,0.9283423651896137,0.9420624637847179
log10_total_power_nw,ridge,linear,3,3000.0,0.8622762237732542,0.1458336814434462,0.1104492655654525,0.09102535829571354,82.84724890017388,37.833784729101815,0.049799115299988185,1.225203851474241,0.862285034495441,0.9285933397406818,0.9402569578063285
log10_total_power_nw,ridge,linear,4,3000.0,0.8660975124060604,0.13961167551430936,0.10584813664385827,0.08642696632249486,92.6733658724707,37.63181652227695,0.04583167559918414,1.213138545512758,0.8660992377278167,0.9306769173310248,0.9433829670425518
log10_total_power_nw,elasticnet,linear,0,3000.0,0.8646281502295119,0.14040438807853237,0.10728508292269544,0.08941650504626325,98.13388467291703,36.924181306017424,0.057011231181442946,0.9326865075651453,0.8647240283373496,0.9299333208870209,0.941475129941681
log10_total_power_nw,elasticnet,linear,1,3000.0,0.8657237454948677,0.14231637474538983,0.10710755610632593,0.08950406399966632,84.83316610405282,37.77804970157636,0.050953391201128725,1.174245573457468,0.8659206472079761,0.9305635186057071,0.9449762952195881
log10_total_power_nw,elasticnet,linear,2,3000.0,0.8602766439854863,0.14778584911441753,0.11084832091456709,0.09209640829875326,120.77362038561057,37.96766110721092,0.048675467033328784,1.5063407591664588,0.8603255606497964,0.9275536017517388,0.9406510182945576
log10_total_power_nw,elasticnet,linear,3,3000.0,0.861634361977633,0.14617311542851816,0.11077797233621016,0.09215598851458132,83.5325517994444,38.13025561172705,0.04991502482097143,1.22795585887719,0.8616497918379107,0.9282643541295112,0.9390859430095491
log10_total_power_nw,elasticnet,linear,4,3000.0,0.8650767039081311,0.14014283142421782,0.10633411995840618,0.08768496545895954,93.44185545914566,37.953796702165405,0.046006043289177366,1.2412590994481492,0.8650786190637727,0.9301031233673343,0.9423451433716824
log10_total_power_nw,poly2_ridge,linear,0,3000.0,0.9422696978547322,0.09168924880944658,0.06667430800858644,0.0512426305466403,55.82254114353022,27.146966309889336,0.03723043867976838,0.7289206424775341,0.9424874692863543,0.9708222650039529,0.9741341926815767
log10_total_power_nw,poly2_ridge,linear,1,3000.0,0.9432656983525204,0.09250775036784445,0.06632580818902556,0.04949687971840022,53.35288503536818,27.256807365154796,0.03312045857029413,0.7978396661260074,0.9433398610099011,0.9712595642273706,0.9746622496291386
log10_total_power_nw,poly2_ridge,linear,2,3000.0,0.9370981032924749,0.09915856144376092,0.06839313862078487,0.05080312737740339,67.3601348655854,28.56952874675277,0.032659346734146985,1.4540148779540565,0.9371002555161562,0.9680528015454413,0.9728547356505259
log10_total_power_nw,poly2_ridge,linear,3,3000.0,0.9360850154130681,0.09934699208119623,0.06866282161459969,0.051660320520724445,58.3340235382622,28.228622215477696,0.033924894882922406,1.1348694294876076,0.9361239361012251,0.9675462860525262,0.9731719899079988
log10_total_power_nw,poly2_ridge,linear,4,3000.0,0.9431885596968683,0.09093798281666199,0.06525255751739108,0.04993006065401673,58.1044456785221,26.6096050158734,0.029853091532235462,1.2071388168978894,0.9431908461617126,0.9711811578023668,0.9738152828683647
log10_total_power_nw,knn,neighbour,0,3000.0,0.7913666210862951,0.17430441807928213,0.12756180659606164,0.09726190321046536,108.1923519763419,40.32564495185837,0.07077634546227005,1.0091355916897247,0.7918088121875728,0.9090262268920237,0.9181397651266403
log10_total_power_nw,knn,neighbour,1,3000.0,0.7857510004674411,0.17976894278646258,0.13025048548225196,0.09955410989993088,147.0786213398635,41.6901085641226,0.06436249717574173,1.313753230504554,0.7857699900229966,0.9037935836506122,0.9169760685528964
log10_total_power_nw,knn,neighbour,2,3000.0,0.790537108659872,0.1809472111930883,0.13099540794226788,0.09871327089951672,160.35489659929698,41.99969326583607,0.05959765475504312,1.441168596654986,0.7907138721207547,0.9079117118803525,0.9185249309472144
log10_total_power_nw,knn,neighbour,3,3000.0,0.7931266929695572,0.17873335468628115,0.13096475797795237,0.09897544408797726,147.9034417578631,41.910889570047644,0.061033657313434034,1.325696492445791,0.7931447267590849,0.9102580530847729,0.9202173395797042
log10_total_power_nw,knn,neighbour,4,3000.0,0.792398533814993,0.17383716260986756,0.12736540945035416,0.09706467408807991,127.77143228119539,42.32023844722127,0.057067207412760244,1.19634091174208,0.79313833771506,0.9089672152282773,0.9181352020150223
log10_total_power_nw,svr_rbf,kernel,0,3000.0,0.9293449761566345,0.10143504426526812,0.07423196712711631,0.05575601837740825,49.647428892838136,28.086715202503363,0.04118772096547674,0.6244292250008234,0.9294478024403653,0.9642218841673632,0.9681087257898583
log10_total_power_nw,svr_rbf,kernel,1,3000.0,0.9318339719931537,0.10140030408685101,0.07491935037289532,0.05761080446504947,70.05368674227158,27.51970374382426,0.03630425080244043,0.5701473700671518,0.9318361955308674,0.9653203147259485,0.9686867107429677
log10_total_power_nw,svr_rbf,kernel,2,3000.0,0.9240399254969438,0.10896600732926714,0.0779910193119984,0.058950473392611724,74.36621829449615,30.624734264777913,0.03588957487670426,1.2676200928596426,0.9240408595787376,0.9612741429160024,0.9667955260883916
log10_total_power_nw,svr_rbf,kernel,3,3000.0,0.9247710977161263,0.10778187655407327,0.07665045398942744,0.056758096083713794,53.136231493282246,30.063102478426085,0.03680522938623657,1.1396682547377206,0.9248316309533089,0.9616952173263352,0.9684759316084367
log10_total_power_nw,svr_rbf,kernel,4,3000.0,0.9269195598634019,0.10314020581774608,0.07474040675579481,0.05686930670960674,57.908615789292405,28.94984685531055,0.03385883334512037,1.3094611596630996,0.9269307741621136,0.9627771599096037,0.9679550457727827
log10_total_power_nw,gpr,kernel,0,3000.0,0.9382422851181322,0.0948335718895655,0.06927728170320942,0.05189884027621626,52.66642533875172,27.240459505079716,0.03850719172490497,0.7559253948619242,0.9386078263452884,0.9688236132220754,0.9723443924827102
log10_total_power_nw,gpr,kernel,1,3000.0,0.9385679480822255,0.09626153303930106,0.06944119626989442,0.052490189305532536,50.78844868554955,27.250060758556042,0.03446442167562852,0.8141886884724803,0.93866475038521,0.9688792103443071,0.9727890000876664
log10_total_power_nw,gpr,kernel,2,3000.0,0.9319564921895848,0.10313158544788356,0.0706706882154628,0.05034598674984424,70.388390927443,28.57081745724012,0.03396792127016749,1.3632177123478626,0.9319632893344572,0.965393641506026,0.970414799379422
log10_total_power_nw,gpr,kernel,3,3000.0,0.9290839894936079,0.10464669724837856,0.07095608592034405,0.050335984968870165,60.250672476956304,28.719277752794277,0.0357346320167875,1.16882730533458,0.9290972538830232,0.9639277108750404,0.9706731878525763
log10_total_power_nw,gpr,kernel,4,3000.0,0.937385440385905,0.09546959534439442,0.06784800766130719,0.05063049038113798,58.838602831819074,27.06513908507534,0.0313407278244519,1.1574468298685812,0.9374109153477069,0.9682489446623525,0.9720082755564751
log10_total_power_nw,random_forest,ensemble,0,3000.0,0.9320986986977807,0.0994387252245666,0.06792900850510157,0.04586703096692801,60.23534962312392,28.57525967230933,0.04037711520094969,0.6738491632110667,0.9321403116307577,0.9671367563394193,0.9718958542106503
log10_total_power_nw,random_forest,ensemble,1,3000.0,0.9262240540613899,0.10549033132849599,0.0705533439521627,0.047925174590668675,60.107276249269326,28.444321302009463,0.03776859921940684,0.9575070612386585,0.9262436578208907,0.9644576107425054,0.9695396228377358
log10_total_power_nw,random_forest,ensemble,2,3000.0,0.9233624078157923,0.10945088379591272,0.0738178120956108,0.051477344706742895,74.83840357160916,30.87691519697079,0.036049276151277385,1.2433882740405346,0.9233910379309508,0.963429272788554,0.9685743298415921
log10_total_power_nw,random_forest,ensemble,3,3000.0,0.9289268012295715,0.1047626099142736,0.06987325881608147,0.04763584616566652,57.93516804180834,28.692382348133407,0.03577421373862638,1.1640511760750532,0.9289500527594611,0.9658974391086469,0.972108178234242
log10_total_power_nw,random_forest,ensemble,4,3000.0,0.9292182345692934,0.10150515807018486,0.06948226992946376,0.04980230411774847,53.16306927261027,29.13343017555741,0.0333220804003588,1.2479539214406137,0.9292271348408844,0.9657769785722462,0.9707862683095853
log10_total_power_nw,extra_trees,ensemble,0,3000.0,0.9294285037245369,0.10137506885497635,0.07282197202340346,0.05417257016004626,63.793070675329155,29.922208656547284,0.041163367937568286,0.6160263746823592,0.9295005330594528,0.9666425502932492,0.9713614857068317
log10_total_power_nw,extra_trees,ensemble,1,3000.0,0.9257297374326499,0.10584314665754857,0.0730745755423963,0.05270613230682536,65.90877126484156,29.626966844582288,0.03789491734348169,0.9295789995152236,0.9257398498239346,0.9647470492170181,0.9699357579928619
log10_total_power_nw,extra_trees,ensemble,2,3000.0,0.9170983370864592,0.11383608939775886,0.07901629082341338,0.05795053355046135,83.73116884131527,32.566386178710275,0.037493608825793286,1.278832274367247,0.9171224796785938,0.9606234539133554,0.966072657119184
log10_total_power_nw,extra_trees,ensemble,3,3000.0,0.9239208541885089,0.10838924526459859,0.07490263533309871,0.0532882943336227,65.08681637029125,30.67243756152353,0.03701263294449334,1.0972378622605667,0.923948400032288,0.9637992793476715,0.9705104456122715
log10_total_power_nw,extra_trees,ensemble,4,3000.0,0.9255674820841046,0.10408994328021219,0.07426109543869,0.055628005852390805,55.078182982411384,30.691704465632448,0.0341706128515534,1.1779108875244684,0.9255691553079523,0.9647138666457453,0.969886543320727
log10_total_power_nw,hist_gbr,ensemble,0,3000.0,0.966396291505381,0.06995360553661824,0.0456505794627773,0.02773332463762268,42.69113268396562,20.084425522065146,0.02840467617716423,0.761160157082944,0.9664983545596464,0.9831168508270961,0.9849627898847542
log10_total_power_nw,hist_gbr,ensemble,1,3000.0,0.9657439173192975,0.07188265544077324,0.04714927758484966,0.02907540544908261,37.31627033777109,20.90403426930396,0.025736076188016523,0.5780039458201665,0.9657468789880781,0.9827944427131279,0.985047778338642
log10_total_power_nw,hist_gbr,ensemble,2,3000.0,0.9627160654573188,0.0763412409783077,0.04781641358734891,0.028358752176500746,57.54020186547042,22.034769247536452,0.025144122937278635,1.1226287516725195,0.9627176347592301,0.9812504147320517,0.984078808453201
log10_total_power_nw,hist_gbr,ensemble,3,3000.0,0.9621923934187586,0.07640872816669747,0.04984588759318463,0.030533581493295103,52.8496680264177,22.233142259275233,0.026091963298440234,0.8200025986606301,0.9621923936839649,0.9809757517346946,0.9840454017828222
log10_total_power_nw,hist_gbr,ensemble,4,3000.0,0.9629525990842193,0.07343553939184738,0.04749710717893178,0.030348173380987054,54.41867529417394,21.508885264120682,0.024107395076089434,1.1770123751980779,0.9629640545003033,0.9813255271978312,0.9836341741815747
log10_total_power_nw,xgboost,boosting,0,3000.0,0.9669590701089558,0.06936535769487279,0.04380009229258185,0.02560199999802494,43.91713938000659,20.37477468690953,0.02816581801783821,0.6038802898426552,0.9670705730614373,0.9835242142991358,0.9851831382409245
log10_total_power_nw,xgboost,boosting,1,3000.0,0.9651963603954044,0.07245487215508166,0.04490663164462137,0.024784531938073256,44.423539445469004,20.250797295355103,0.02594094637353202,0.6089532485136978,0.9651990938477858,0.9827594460118213,0.9858307609796212
log10_total_power_nw,xgboost,boosting,2,3000.0,0.9598689103199047,0.07920248777885296,0.04692514916658244,0.025564988987069437,49.313579926585795,21.560259070862568,0.02608651711878333,1.309332217721562,0.959873000800557,0.9800234136009748,0.9838204312004725
log10_total_power_nw,xgboost,boosting,3,3000.0,0.9626475564279756,0.07594739593237329,0.0457030888180048,0.025457951743370566,44.082000109807886,21.465489731778547,0.025934428105600572,0.90061868251553,0.9626537998367527,0.9814258196366101,0.9848782067642451
log10_total_power_nw,xgboost,boosting,4,3000.0,0.964416433748768,0.0719701076743945,0.04398845221243672,0.02496691672342713,38.31618875946524,20.146464317664698,0.023626323626730804,1.1370238088056006,0.9644235820804734,0.9822021339740566,0.9844007631556403
log10_total_power_nw,lightgbm,boosting,0,3000.0,0.9678218399998048,0.06845372767924142,0.043320401388451404,0.025704936396233256,43.16791849639851,19.645490700518863,0.027795650459086184,0.8252106613320316,0.9678705462521103,0.9838152125782081,0.9857346317482922
log10_total_power_nw,lightgbm,boosting,1,3000.0,0.9689166012116259,0.06847302478983312,0.04429141710726154,0.02665629404969312,40.33881658675229,19.89634394099607,0.02451532949095144,0.5203402780392963,0.9689166453539495,0.9844845655353766,0.9869457612161956
log10_total_power_nw,lightgbm,boosting,2,3000.0,0.9638032640372657,0.07521995199447373,0.04584963295034606,0.026400040043092904,55.11040375957108,21.50480147126699,0.024774809736491803,1.1143453526792073,0.9638048546758112,0.9818757956711627,0.9847229574136618
log10_total_power_nw,lightgbm,boosting,3,3000.0,0.9631697450277436,0.07541465367955946,0.04705719847216183,0.027383982383781896,44.505447342191516,21.78324474023803,0.025752507903007732,0.8720567916899011,0.96317104066536,0.9814918560115562,0.985029341892149
log10_total_power_nw,lightgbm,boosting,4,3000.0,0.9653447429650954,0.0710251204210188,0.044554710901866176,0.026400044277437862,44.104989479220535,20.981449083694546,0.023316103517398757,1.1316213820377958,0.9653879651737819,0.9825790289489268,0.9847233547470393
log10_total_power_nw,catboost,boosting,0,3000.0,0.973435049212602,0.06219722481193815,0.03984565338950444,0.02279308640848425,41.381668430025364,18.879247507940075,0.02525519615964022,0.5259672500352928,0.973539232716066,0.9867258600191832,0.9881985071331674
log10_total_power_nw,catboost,boosting,1,3000.0,0.9720660839120442,0.0649114297637862,0.04096397547041408,0.02305339813226792,37.51953814469475,19.426279536188616,0.023240175138637235,0.558779007789465,0.972076210355099,0.9860632444952235,0.9884927009436332
log10_total_power_nw,catboost,boosting,2,3000.0,0.9669114111409852,0.07191797824376338,0.042940501495009754,0.02385858324793061,50.21407729258074,20.612334909960328,0.02368725558018565,1.206378226976921,0.9669121055798562,0.9834471123144464,0.986933932770437
log10_total_power_nw,catboost,boosting,3,3000.0,0.9696198548881413,0.06849333300791632,0.04269593159667144,0.024516221669008048,40.311270384835254,20.07795934177072,0.023389023399676363,0.742804857034582,0.9696204580600478,0.9847732850504188,0.9872664652518294
log10_total_power_nw,catboost,boosting,4,3000.0,0.9689467771375541,0.0672327316117781,0.0408305400335735,0.02381504108988952,39.925022125795564,19.244596487995477,0.022071139347956632,1.1919740850042686,0.9689470538677774,0.9843700166528179,0.986585372731708
log10_total_power_nw,mlp,neural,0,3000.0,0.9651688343322092,0.07121975967774616,0.046773505447369405,0.03158316024087318,40.47777225588672,20.37468901791182,0.02891879833131521,0.7754040971639473,0.9654290301594104,0.9826487995697538,0.9849404161044906
log10_total_power_nw,mlp,neural,1,3000.0,0.9669731013703851,0.07058121982118214,0.04724580291758955,0.031123319974013977,42.32969336390845,20.390436001225726,0.025270124477493085,0.7417922909486074,0.966974187608556,0.9834441790477054,0.9857833055314782
log10_total_power_nw,mlp,neural,2,3000.0,0.9608015892391168,0.07827671234012479,0.04854906215038664,0.03198032905034033,41.56351642826016,21.585179716194187,0.025781599211432197,1.1723812985315347,0.9608020435024596,0.9804413962612276,0.9843203569244839
log10_total_power_nw,mlp,neural,3,3000.0,0.9618245884093771,0.07677949341589378,0.04969068516435954,0.033294432812632224,50.12021260958268,21.89335238514559,0.02621857178292203,0.9227171562787699,0.9619496813771858,0.9808090921277475,0.9853941121549012
log10_total_power_nw,mlp,neural,4,3000.0,0.9639540304401208,0.0724362188820129,0.04538442754644721,0.029737303291296244,56.676630416218885,20.628528978963633,0.023779338462932818,1.1661089197799104,0.9640022367100392,0.9819868137035601,0.9855698228410912
log10_total_power_nw,mlp_deep,neural,0,3000.0,0.9738688709105152,0.061687275163930536,0.03768445687887643,0.023866067839500515,34.26720244826835,17.643426107558746,0.02504813099827791,0.579991481203068,0.9746632977833845,0.9872503891447132,0.9901772562419171
log10_total_power_nw,mlp_deep,neural,1,3000.0,0.977849561897366,0.05780247349509032,0.034991386176166095,0.021188241041973165,30.16785759190448,16.842151244074017,0.02069496254143179,0.5839299146444126,0.978125617270978,0.9890119507179134,0.9906536460726272
log10_total_power_nw,mlp_deep,neural,2,3000.0,0.9704830695933456,0.0679256718452838,0.03900575565713561,0.02338440718065199,40.33117683942906,18.148098716987747,0.022372330100847704,0.9989723060746396,0.9705024953125361,0.9851815255236229,0.9883743733749302
log10_total_power_nw,mlp_deep,neural,3,3000.0,0.9727609538098541,0.0648558755056579,0.035441866762265684,0.019780485040135465,28.51767142933558,17.04305485299751,0.022146908658000446,0.8228564509897283,0.9728341423711144,0.9863249889775311,0.9905389962821104
log10_total_power_nw,mlp_deep,neural,4,3000.0,0.9731277120086435,0.0625431483261137,0.03582757705690973,0.02257196892704963,30.33734997925984,16.800728099966097,0.020531644466513867,1.0033127478135357,0.9734844741602686,0.9866613754759226,0.9897500748611193
read_margin_mv,ridge,linear,0,3000.0,0.5978199795501711,25.583547854805186,12.378379489150563,7.2561417664577395,31.234252743520102,21.547756946506258,0.07551580905475226,317.0474683459376,0.5978734495282935,0.7732235606441565,0.8538226022272478
read_margin_mv,ridge,linear,1,3000.0,0.6018425780409802,24.645925374849202,12.341288430282733,7.307290946102139,30.372263884147195,21.631723565953532,0.07434937426045346,286.19423780548857,0.6018426078476173,0.7760605194842211,0.8375342809622567
read_margin_mv,ridge,linear,2,3000.0,0.6311614221146089,23.908075801404824,12.060987456779195,7.400463669507296,117.83847562259646,21.744542284196896,0.07602101096496526,288.59755467860646,0.6311627420829522,0.7946127681208849,0.862189441074836
read_margin_mv,ridge,linear,3,3000.0,0.5785383471064381,26.61137106384358,13.096846472657775,7.5271951628549445,35.91830350650836,22.244576831260016,0.08205940000075111,291.38553724387486,0.5785908885358104,0.7608022477362623,0.8374564854131094
read_margin_mv,ridge,linear,4,3000.0,0.6434497723080348,23.57859761540569,12.302754001306306,7.551749201436504,35.7348304300539,21.705783584496494,0.06564508235469299,278.69069197317754,0.643680568227337,0.8024838302345049,0.855118544786226
read_margin_mv,elasticnet,linear,0,3000.0,0.5973812450667071,25.59749847965817,12.330863839391192,7.259671217951642,31.098382308710843,21.505512519516984,0.07555698757809748,316.5916349374544,0.5974327234486884,0.7729404653885229,0.8546622094334212
read_margin_mv,elasticnet,linear,1,3000.0,0.6016043463575207,24.653297537163272,12.29340316202485,7.1570439067547795,30.273620745202436,21.585554565474126,0.07437161386585116,286.35068161623286,0.6016044599946956,0.7758758891911129,0.8385109752962561
read_margin_mv,elasticnet,linear,2,3000.0,0.631148095644954,23.908507707647708,12.006706021816484,7.282034820592166,117.08970307233461,21.641626685174874,0.07602238430632066,289.10580437546514,0.6311492613703169,0.7946473131740128,0.8631669962957591
read_margin_mv,elasticnet,linear,3,3000.0,0.578254362624848,26.62033503928888,13.05041477009274,7.488779598529735,35.76677993530121,22.1958858598623,0.08208704150952185,291.32694181538125,0.5783071430210014,0.7605925026818143,0.8384178315223824
read_margin_mv,elasticnet,linear,4,3000.0,0.6437898111626369,23.56735158160213,12.228513663865995,7.466310525314093,35.618882154148096,21.607957880355535,0.06561377231551084,278.86536951948966,0.6440125497914374,0.8027501343759652,0.8567112949669146
read_margin_mv,poly2_ridge,linear,0,3000.0,0.7415368426339787,20.50925324877079,9.913942534596567,6.089862339937934,31.394513110512612,20.075077813802757,0.060537844906402884,268.1898349530261,0.7416306043969589,0.8611988021634861,0.8936472578473951
read_margin_mv,poly2_ridge,linear,1,3000.0,0.7376674310453613,20.00524283193068,10.154560138269531,6.145621288785815,30.465422920792832,20.468609757701294,0.06034982512769897,230.45008335899234,0.737713908283693,0.859004003496822,0.8739215662376904
read_margin_mv,poly2_ridge,linear,2,3000.0,0.7599998982151561,19.28555615953033,9.2354733234973,5.758014027323128,30.727781040085596,19.04657546841019,0.06132268813464951,245.633070141825,0.7600834060719165,0.8718463964986379,0.904373028702348
read_margin_mv,poly2_ridge,linear,3,3000.0,0.7334693188369135,21.16224910818385,10.319275109011203,6.199463330333225,31.056609545127696,20.413483231824056,0.06525636955412019,247.19188832608046,0.7334946810826783,0.8567669240564936,0.8754427017308758
read_margin_mv,poly2_ridge,linear,4,3000.0,0.764018773978971,19.182108293690604,9.969366395925244,6.059247091612665,32.62911972351413,20.58261445620416,0.05340483345172406,243.5665345942314,0.7643136806237141,0.8742510826514466,0.8737155960070692
read_margin_mv,knn,neighbour,0,3000.0,0.6296182767894614,24.551345563212575,13.203623585927348,7.889357382463356,40.97335548751851,23.787028223153538,0.07246902322191302,279.99605578077404,0.6306443086095448,0.8066930783347008,0.8440672595671708
read_margin_mv,knn,neighbour,1,3000.0,0.6593600688596954,22.79635961737639,12.617729543397031,7.423711648261127,37.99206034834335,23.183750722246025,0.06876978840071551,253.23294119158322,0.6594405548283306,0.824319479530679,0.8463531990826438
read_margin_mv,knn,neighbour,2,3000.0,0.6582236920772705,23.01428207102441,12.657020591117247,7.505026761126086,121.01209784199534,23.34792744853933,0.0731789962607257,259.22837691766017,0.6583415701104465,0.8259658755811492,0.8573885194244214
read_margin_mv,knn,neighbour,3,3000.0,0.6269256407596384,25.037209226497367,13.487604785642992,7.8466315837640295,41.43155970408058,23.710169883987124,0.07720528047542467,260.08683467191463,0.6279921286522331,0.8049838880528838,0.8348395773378763
read_margin_mv,knn,neighbour,4,3000.0,0.6746081705813374,22.524799492233036,12.71988756259948,7.764895838156804,43.39697569458076,23.24635523488092,0.0627112070789348,230.37546921408926,0.6747799932050269,0.8372992730531558,0.8506860858389437
read_margin_mv,svr_rbf,kernel,0,3000.0,0.6698119014188558,23.18095013803482,6.282123404025584,2.2406841864941462,13.320027186290401,11.148463983780493,0.0684239814691214,318.7884675367499,0.6739049906535848,0.8224673865874964,0.9108885309106014
read_margin_mv,svr_rbf,kernel,1,3000.0,0.6833692961665874,21.978306949139736,6.100646609061088,2.194248044170024,12.358701645040492,11.064898653599416,0.0663019685452859,289.1718949256208,0.6875293212429516,0.8310880018722302,0.9049499428998269
read_margin_mv,svr_rbf,kernel,2,3000.0,0.7015492815342254,21.50615487581781,5.9521629200689405,2.167868318767548,29.78715069584673,11.203489905700936,0.0683835725304468,294.5739148687308,0.7048727403651571,0.8406692808837873,0.9176177730790631
read_margin_mv,svr_rbf,kernel,3,3000.0,0.6700435382605742,23.54596730432609,6.566557288713593,2.3385370255413704,14.693105805163082,11.730920014734881,0.07260685459591017,289.2014921276917,0.6744673119718552,0.8228845283115482,0.8988027010527957
read_margin_mv,svr_rbf,kernel,4,3000.0,0.7380270553071466,20.210908356051227,5.573224140395736,2.1413048693063743,12.68064392036557,10.337498115616224,0.05626911172313619,299.1239049262855,0.7402576843515776,0.8610322365730932,0.9255041263266347
read_margin_mv,gpr,kernel,0,3000.0,0.7276970955431561,21.05119052949514,10.447414271340191,6.403589616222906,33.40231317637505,21.1008701532319,0.062137499201541824,265.32185401964483,0.7277643414447966,0.8531148577946293,0.8629712754853033
read_margin_mv,gpr,kernel,1,3000.0,0.7216048405986781,20.608603378882883,8.80343476101209,4.8725883107216035,26.370151656532276,18.31905552496493,0.06216998316344145,267.17302866618087,0.7217612483269209,0.8502764615115183,0.8750318774758704
read_margin_mv,gpr,kernel,2,3000.0,0.7380452007868432,20.148356864597968,9.721760332739144,5.897470472293193,60.30618683048479,21.13679898548681,0.06406615366509895,263.05382391526575,0.7382223932910645,0.8593354411361065,0.8746632053649445
read_margin_mv,gpr,kernel,3,3000.0,0.7390017405645327,20.941463213603743,9.276079722819134,4.945771230622821,26.54500108499167,18.739716134541492,0.0645755493891461,254.91364324633852,0.7391954972321848,0.8598669696408965,0.8674059268173625
read_margin_mv,gpr,kernel,4,3000.0,0.7597066760234124,19.356572763282347,9.080879883280465,5.210259225620014,32.73910275576483,19.038086222699008,0.053890559306209784,268.63191305884953,0.7597282022366695,0.8717261651524484,0.872822040572367
read_margin_mv,random_forest,ensemble,0,3000.0,0.796490101569209,18.198822697940223,8.56001847338999,4.392010433531773,32.11592846624061,17.174380891625923,0.053718070209750834,223.75020177678553,0.7966252746804816,0.8938610330306552,0.9064861421899308
read_margin_mv,random_forest,ensemble,1,3000.0,0.804771313947606,17.25796313577669,8.262030509157993,4.32177959771823,29.511656697077992,16.850450398088988,0.05206210522183816,199.4982663521825,0.8047713347881235,0.8982248827415559,0.9056389109786753
read_margin_mv,random_forest,ensemble,2,3000.0,0.8046672448131442,17.398587539704028,8.164688300330313,4.030606628021246,114.00464415070579,17.04603286263549,0.05532265436656468,231.57661077480157,0.8046791582569695,0.8988823618876612,0.907483640607329
read_margin_mv,random_forest,ensemble,3,3000.0,0.7994562472143748,18.356622910045115,8.508413780739602,4.065385263888881,33.53438436534748,16.70933613732782,0.05660487986223956,257.0060408744589,0.7995135094392652,0.8960067273969339,0.8993591466716008
read_margin_mv,random_forest,ensemble,4,3000.0,0.8347093490343515,16.053944489234237,8.217989122462981,4.447681192460292,36.63407951335987,16.949357995889102,0.04469572471201097,208.63190972619043,0.8347392823864965,0.9161143513221762,0.9134956727421202
read_margin_mv,extra_trees,ensemble,0,3000.0,0.8324414353637078,16.51329885749097,7.925465578180553,4.086280208333267,31.83902963074729,16.427293193766687,0.04874285343313431,212.94681416666643,0.8325035240850336,0.9159028664592271,0.9296260834765532
read_margin_mv,extra_trees,ensemble,1,3000.0,0.8385137851911318,15.695872013545102,7.6852466579662675,3.8269059375000225,29.219597740909915,16.1526650355104,0.04734974422466303,173.28970500000003,0.8385159469227041,0.9182246216143346,0.9194637147830695
read_margin_mv,extra_trees,ensemble,2,3000.0,0.8241838362633179,16.50653262057677,7.793585189859126,3.819463437500005,131.7261154553374,16.45316805900813,0.05248616859700142,199.87561729166669,0.8241881406551739,0.9107425210558753,0.9197239662045477
read_margin_mv,extra_trees,ensemble,3,3000.0,0.8331905005315909,16.741663452173796,8.028347450646825,3.9008010416667,33.923039573673805,16.165230944798214,0.051624955910913546,187.13714958333338,0.8331905224551983,0.9158688654940474,0.915589548960901
read_margin_mv,extra_trees,ensemble,4,3000.0,0.850092270552318,15.288667126198375,7.822177558559524,4.098414270833381,35.53361979288802,16.388515266065028,0.04256511896776399,192.3782783333333,0.8501628034897093,0.925200071011994,0.9194834407547325
read_margin_mv,hist_gbr,ensemble,0,3000.0,0.8923920638272407,13.233437669983575,5.203733899117402,2.4876263553568103,15.881837068005602,11.238027057979764,0.039061578085103126,160.8887386083378,0.8924160772450416,0.9449827408713166,0.9538378815512
read_margin_mv,hist_gbr,ensemble,1,3000.0,0.9061754074204367,11.963990648646808,4.962547944254835,2.3538162095303434,16.1665255458551,11.022102250859762,0.03609177601797593,144.49769748489845,0.9062031885277659,0.9525012950737006,0.9569739899648011
read_margin_mv,hist_gbr,ensemble,2,3000.0,0.9043951623553346,12.172124585122733,4.866578693541446,2.4409060303779047,26.10898438221075,11.215421848106477,0.03870396029521398,188.5637412978399,0.9044472368029185,0.9514034687871685,0.9642349040934985
read_margin_mv,hist_gbr,ensemble,3,3000.0,0.9020829918278803,12.826769349308515,5.220057275522224,2.419865416314959,17.698569769875512,11.20982561402343,0.03955290369019629,173.16213371665688,0.9021142873613822,0.9505563465107586,0.9512977105752841
read_margin_mv,hist_gbr,ensemble,4,3000.0,0.9181655511812548,11.296026245230616,4.953598071662255,2.4931931578073048,19.36982533210336,11.163913632484805,0.0314492229454919,155.34406693850244,0.9183393469365779,0.9585399924908585,0.9540206060061154
read_margin_mv,xgboost,boosting,0,3000.0,0.8620186759509689,14.985135667120675,5.624454027171353,2.248520660400338,17.62989201355184,11.523661337446523,0.04423212332081999,194.61388940429686,0.8620258239784628,0.9292830312851416,0.9438650963047109
read_margin_mv,xgboost,boosting,1,3000.0,0.8868574990087008,13.13804086993831,5.255760284536681,2.1497784423827966,17.687077032079436,11.368682665037042,0.039633533853226384,155.8590971069336,0.8868585164935743,0.9429457171337348,0.9495345186689506
read_margin_mv,xgboost,boosting,2,3000.0,0.8785673962656477,13.718104544797466,5.193461200447083,2.174927040100062,42.94641057072263,11.334113416868245,0.043619745256007175,194.56380505371098,0.8785780724365919,0.9383396282240292,0.9532727379731931
read_margin_mv,xgboost,boosting,3,3000.0,0.8845858120114658,13.92572510453651,5.501918956673504,2.2140103302001997,18.864618432724605,11.648089153181381,0.04294166745156096,185.8841965942383,0.8846075753088442,0.9419757621972015,0.9469135552932756
read_margin_mv,xgboost,boosting,4,3000.0,0.9076666120805189,11.998777428984981,5.148562961359979,2.2465625457763743,19.85610741880417,11.409648755074777,0.03340574979602315,174.87673974609373,0.9077879517530894,0.9540643918785645,0.9520580453390294
read_margin_mv,lightgbm,boosting,0,3000.0,0.8753828697739865,14.240964309746538,5.178415366593954,2.1751675744602164,15.572504597279737,11.056823517015872,0.042035527975779675,182.6124049357088,0.8754266931296971,0.9359901171632964,0.9545503600763129
read_margin_mv,lightgbm,boosting,1,3000.0,0.8966388683722485,12.557302288238281,4.936611311703806,2.0367400839798826,16.430270811202046,11.111902358764603,0.03788161951032399,143.3246326441395,0.8966419267040604,0.9475638032767877,0.9524578778924015
read_margin_mv,lightgbm,boosting,2,3000.0,0.8833385057499611,13.445910683371501,4.954120325209618,2.1130290478215414,16.181097276352894,11.100641197847162,0.04275424471569001,194.65644756041016,0.88334377028128,0.9402383067071115,0.9545395512266095
read_margin_mv,lightgbm,boosting,3,3000.0,0.8923102610760806,13.45164445323331,5.141036765380644,2.1472832035896445,16.128314195440147,11.05972235084265,0.041479782090428165,185.2929633981928,0.8923939376817591,0.94571703882642,0.9516540363935643
read_margin_mv,lightgbm,boosting,4,3000.0,0.9101328401565754,11.837448979641493,4.831461459085881,2.1064249380976126,19.340929745323006,10.99489493428336,0.032956595884664625,160.35512991206124,0.9102763479895064,0.954466720728291,0.9521213542351002
read_margin_mv,catboost,boosting,0,3000.0,0.9262418977841739,10.956084977413113,4.037660346156644,1.6427908189908447,14.04755801358225,9.349914204517075,0.0323394404027732,135.19037000332372,0.9262419974301339,0.9628868699330181,0.9688950459226723
read_margin_mv,catboost,boosting,1,3000.0,0.9390498256058657,9.642845258819383,3.8809865976361966,1.7255172826844571,14.620944785412416,9.366992663250612,0.02908957566735261,103.37445047635404,0.939054119626255,0.9698430360032948,0.9671248275709524
read_margin_mv,catboost,boosting,2,3000.0,0.9302691704124868,10.39534412522718,3.8451411876838915,1.6479690803831595,15.083518978294375,9.12476888809461,0.03305429413445507,154.8732437632591,0.9302828375709561,0.9652015408243824,0.9743184745595531
read_margin_mv,catboost,boosting,3,3000.0,0.9352208753686734,10.432917069643366,4.091719944276316,1.67456018197149,15.351816640585406,9.246116224803199,0.03217116896903232,131.9431157381689,0.9352258439731507,0.9678624046899363,0.9643305918344661
read_margin_mv,catboost,boosting,4,3000.0,0.9370131832262671,9.910200525455478,3.902688964848198,1.6757100355380956,18.473019761486206,9.617931409496798,0.027590950923221527,124.25840794886277,0.9371108098549797,0.9682143384498892,0.9627008558797303
read_margin_mv,mlp,neural,0,3000.0,0.9646570984115459,7.584057653950444,2.892358739960396,1.414302757672381,9.527646850233758,8.255349676422874,0.02238611520600278,118.59354440723574,0.9647274756513704,0.9822907242410637,0.9875338960330043
read_margin_mv,mlp,neural,1,3000.0,0.9546684379678472,8.31606860358871,3.4998176004528454,1.7860644649192174,12.233793141785418,9.710831810843528,0.025087087929544078,105.14629175294952,0.9546766809058902,0.9771912160396106,0.9753897647390508
read_margin_mv,mlp,neural,2,3000.0,0.9609552098643456,7.778717529017947,3.3022196250330276,1.6687474621594163,22.62265775369118,9.583463630032234,0.024734151567818507,104.68618669613721,0.9609726378885175,0.9803653144232476,0.9818441907382751
read_margin_mv,mlp,neural,3,3000.0,0.9589207293764301,8.30805914632529,3.228817630955165,1.578854704386437,10.51470923702489,8.563536214451792,0.02561891106935463,141.21120275612043,0.958952025872843,0.9792882731327532,0.9788945106010092
read_margin_mv,mlp,neural,4,3000.0,0.9677299394145958,7.093449844273772,3.123254628132066,1.6403502214585846,12.196029301779564,8.708895754375657,0.01974884625462166,112.65670076657334,0.967747456256435,0.983777418872449,0.9843744956718177
read_margin_mv,mlp_deep,neural,0,3000.0,0.9546204078844251,8.593712474916305,2.4416239073073394,1.0467956614213572,6.273139469669019,5.258838486794824,0.02536634691991448,171.76260925471286,0.9547865355146696,0.9773009540313432,0.9850286008604604
read_margin_mv,mlp_deep,neural,1,3000.0,0.951549324996298,8.597409981098735,2.9476481201478526,1.3810482649482054,9.421249585316234,6.383129303998049,0.025935810590726464,153.31105928943964,0.9517812863906259,0.9755935055650671,0.9758769299059155
read_margin_mv,mlp_deep,neural,2,3000.0,0.9301116745921278,10.40707709782085,3.1831028792682963,1.4894247138382113,11.999992857802532,7.191562659720815,0.033091601713935916,169.7488467103947,0.9301387541757388,0.9644910938315041,0.9725758145860164
read_margin_mv,mlp_deep,neural,3,3000.0,0.9506558610925072,9.105546257948655,2.7239663151322024,1.1509855445540254,6.994232346879045,5.868916098128018,0.02807805959391372,180.5782720993985,0.95088375235772,0.9751331418890034,0.9759970444938864
read_margin_mv,mlp_deep,neural,4,3000.0,0.9680099826438954,7.062603897974877,2.127906371400288,0.9474203665059164,5.953356950208812,5.0053754524743805,0.0196629681749272,125.78175082457675,0.9680782228307172,0.9840142033792358,0.9886568746020742
write_efficiency,ridge,linear,0,3000.0,0.6905434729001327,0.0684272450311941,0.05456702055199962,0.04873653207615514,6.529349532404301,6.358996947823665,0.11004970400441065,0.41573080550785046,0.690555130244159,0.8310039555041417,0.8307774816419423
write_efficiency,ridge,linear,1,3000.0,0.6841706711727505,0.06883558516098351,0.05494934207600514,0.04823402823442635,6.5511092024541515,6.375650626212102,0.10350458242836974,0.4361658348939279,0.6844391297616154,0.8276923369693874,0.8262058895784321
write_efficiency,ridge,linear,2,3000.0,0.6882058855502888,0.06809381976258386,0.05396836456930725,0.047385329989986846,6.4667670493180065,6.3058731916124975,0.10214243599722485,0.40883647616478913,0.6888020083639959,0.8300439140678867,0.8446898302988699
write_efficiency,ridge,linear,3,3000.0,0.6878531280443679,0.06918572331704716,0.05474314625255058,0.047801847600829395,6.61715701170291,6.422625745337522,0.09780931794734578,0.3943665741122474,0.6878775664936243,0.8295584432438645,0.8413911237101248
write_efficiency,ridge,linear,4,3000.0,0.6909818367108989,0.06788780119651869,0.053599627147949955,0.0485174688553186,6.426473109524254,6.238733919419059,0.10104026669671422,0.39524350310222833,0.6912422328325906,0.8314757748883721,0.830567799396422
write_efficiency,elasticnet,linear,0,3000.0,0.6878415273125197,0.06872532384913851,0.05452609487918317,0.04889197869927597,6.549649706052127,6.366027596140832,0.11052909617736476,0.4334730969639823,0.6878504335408535,0.8295046043674859,0.829351875705764
write_efficiency,elasticnet,linear,1,3000.0,0.684126129130493,0.0688404390000147,0.05476021934250254,0.04815170205473218,6.558302598427234,6.369864807925531,0.10351188090024185,0.4497365487771656,0.684416694805416,0.8273699676891323,0.8261944220216023
write_efficiency,elasticnet,linear,2,3000.0,0.6848120131286162,0.0684634166239268,0.05406283989793769,0.04742284655339313,6.501124027694476,6.325245261289824,0.10269684055091448,0.4226403794167007,0.685406138211426,0.8282161621529789,0.8434278906030989
write_efficiency,elasticnet,linear,3,3000.0,0.6813709867894375,0.06990039846021513,0.05491542143043993,0.048175939042789995,6.666323699342976,6.454616432868534,0.09881966928799525,0.4148349947976505,0.6813853800305726,0.8258510872256805,0.8400700484522275
write_efficiency,elasticnet,linear,4,3000.0,0.6867073427399325,0.06835571767003781,0.05355828387631542,0.04794931271567282,6.4489769111046975,6.246634595748782,0.10173668644286712,0.4195782819420864,0.6868997196393327,0.8287954248770901,0.8293563090395897
write_efficiency,poly2_ridge,linear,0,3000.0,0.9388380067745408,0.030420759074341722,0.02200193387913758,0.0169767896239833,2.610626422102971,2.582050982539091,0.04892489139661589,0.2199566033565289,0.9388544515244871,0.9689450872062002,0.92032504048056
write_efficiency,poly2_ridge,linear,1,3000.0,0.9315577170789918,0.032044169738514594,0.02256771725245361,0.017803611546789777,2.689252135719528,2.6529659824180407,0.048183194786418325,0.3004807429874796,0.9315909432359328,0.9651908070076771,0.9104153096017009
write_efficiency,poly2_ridge,linear,2,3000.0,0.9315921098714192,0.03189531079033846,0.022823460272262855,0.018081995828755193,2.710076508113959,2.6795948051443523,0.047843765445566476,0.2723057596571653,0.9316222524101608,0.9652188250101075,0.9211343365704818
write_efficiency,poly2_ridge,linear,3,3000.0,0.930282495584957,0.03269700009416895,0.02287712588008633,0.017669470703204126,2.7392810131753778,2.7018489727683743,0.046224439448000545,0.29669779326030343,0.9302873853942628,0.9645370083525229,0.9258637268737473
write_efficiency,poly2_ridge,linear,4,3000.0,0.9329152161549439,0.03163091474269317,0.022523485451290924,0.017527306173822532,2.668981890807753,2.641289006956044,0.04707761932384752,0.28164138697530894,0.9329166696031582,0.9658920959006712,0.9141545713505077
write_efficiency,knn,neighbour,0,3000.0,0.7389209945671755,0.06285143622333458,0.041671533199384714,0.026697025987153455,5.468903031340325,5.158370653300414,0.10108228015722237,0.37149536993160287,0.7442946261921324,0.8931134223453882,0.8663568953729882
write_efficiency,knn,neighbour,1,3000.0,0.7407189745042619,0.062369483537544436,0.040992121454068754,0.025460381354135475,5.376018459068234,5.0750259110527445,0.09378183296806862,0.37612011509490206,0.7458698465618776,0.8895365515326381,0.8617386313042922
write_efficiency,knn,neighbour,2,3000.0,0.7396553580422386,0.06222258682568608,0.04174598575900334,0.027768409082368495,5.439742153297067,5.144868052933837,0.09333543946548668,0.4363651105924845,0.7434064741188745,0.8877624771331138,0.8669193767688196
write_efficiency,knn,neighbour,3,3000.0,0.7247793848567955,0.06496470530488464,0.04235937477515397,0.026031449738918244,5.601881338352988,5.260664814971512,0.09184197565446915,0.3661182072498038,0.7300671937189733,0.8827177531350787,0.8713636248181804
write_efficiency,knn,neighbour,4,3000.0,0.7349710711580417,0.06287042263688744,0.041170160426538,0.02554440733147484,5.39765772647064,5.087637174042893,0.09357269139086509,0.3994698457951984,0.739820214876586,0.8859613492196865,0.8596434261826028
write_efficiency,svr_rbf,kernel,0,3000.0,0.9323237477790188,0.031999808666389996,0.024151139487126907,0.019475083407679228,2.8485354934778786,2.8271072507004265,0.05146443452938383,0.20562792529831175,0.9323497858125054,0.9659100595393048,0.912446859160762
write_efficiency,svr_rbf,kernel,1,3000.0,0.9272624629151793,0.033034373573680935,0.024386991740375185,0.01894134129999564,2.875092257726132,2.8465261027706563,0.049672114132976806,0.21639975452081317,0.9272859221302945,0.9632861665233134,0.9102122526902502
write_efficiency,svr_rbf,kernel,2,3000.0,0.9296879932865663,0.03233616310841252,0.02394459552655299,0.018641011431405063,2.8170471723500716,2.7983844848664243,0.04850505496993314,0.23373436455373964,0.9299604415307559,0.9647134529893409,0.9165248613916511
write_efficiency,svr_rbf,kernel,3,3000.0,0.919373853903077,0.03516211117222378,0.025464356259724454,0.019785828390979365,3.053237980388617,3.0075517863701213,0.049709419031202795,0.2782958282236363,0.919375665807597,0.9594454619440377,0.9179027682114186
write_efficiency,svr_rbf,kernel,4,3000.0,0.9254735935676337,0.03333917352426719,0.02463982878527522,0.018873315399966395,2.910295175567891,2.882675098728823,0.04962009263768486,0.2347122855102899,0.9254745170370923,0.9623558419629135,0.9081392231265802
write_efficiency,gpr,kernel,0,3000.0,0.945670244609271,0.028671347620715517,0.020356536029642498,0.014975949854718229,2.4113098119254346,2.3944087802987735,0.04611135984838939,0.2039461017284221,0.9456913783890344,0.9724752018475493,0.9250492978943663
write_efficiency,gpr,kernel,1,3000.0,0.9418616690154673,0.029533713662583946,0.020962971707932817,0.015903508853043813,2.4605302495725243,2.4351076787088775,0.04440834915626529,0.2787902068090884,0.9419116269870007,0.9705215781938212,0.9174767086085229
write_efficiency,gpr,kernel,2,3000.0,0.9382751836812163,0.030297280201655515,0.020390422479123493,0.015245255351348241,2.4343901794394505,2.3941922016624706,0.04544667951772072,0.3258278352663069,0.9382899073765171,0.9686547581299927,0.9276304608478289
write_efficiency,gpr,kernel,3,3000.0,0.9369064436558364,0.031104949167168824,0.021295873991885702,0.01590252068317416,2.54193771656259,2.5100405925131466,0.04397372343548249,0.28029308746666937,0.9369916762979512,0.9679881437244672,0.9297033624114845
write_efficiency,gpr,kernel,4,3000.0,0.9400279535061978,0.029907091104876427,0.02120008526264058,0.015965344325169384,2.4950631307782403,2.474529756533756,0.04451198018053652,0.27606249782989223,0.9400400094011654,0.969563898458912,0.9248118089790898
write_efficiency,random_forest,ensemble,0,3000.0,0.8233368073356494,0.05170139589107496,0.03082642354184587,0.0187981987630354,3.9449576283664536,3.7661096077898892,0.0831499691655548,0.47444312183605286,0.8239932961555367,0.908093478439985,0.8598998017666446
write_efficiency,random_forest,ensemble,1,3000.0,0.8139143240858098,0.05283762059741359,0.030786134077466106,0.017253391640254856,3.955148929783317,3.7686201673540602,0.07944925351696949,0.4144608135126904,0.8139735529063981,0.9023944043780991,0.854695356299484
write_efficiency,random_forest,ensemble,2,3000.0,0.8052732721321693,0.05381291566731252,0.031865417396773524,0.01871566714773193,4.101293460308674,3.895163214678542,0.08072072199117233,0.46655084361877885,0.8053214638124397,0.897643921119975,0.8621053526783725
write_efficiency,random_forest,ensemble,3,3000.0,0.8028259457947996,0.054987234149436987,0.031712628041861333,0.017874895378893252,4.1168738083794265,3.892268725338541,0.07773661400230304,0.4501718645343236,0.8028367561158527,0.8961036331276603,0.8599174142130459
write_efficiency,random_forest,ensemble,4,3000.0,0.8119284833370727,0.05296161898757941,0.03137456545582311,0.018874277045186683,4.025318702166904,3.8299491278042974,0.07882500262019389,0.4268249628024431,0.8121609300260882,0.9015140642138101,0.8611126001236222
write_efficiency,extra_trees,ensemble,0,3000.0,0.818875014652455,0.05235020818444629,0.03129708374103717,0.0188469424940787,4.017677241335266,3.8280834072403236,0.08419343658569406,0.5168737893243442,0.8194619989179832,0.9054837164515132,0.8669242874360318
write_efficiency,extra_trees,ensemble,1,3000.0,0.8075602475555238,0.05373214458747535,0.03148806597306779,0.018527088193096786,4.058168045185406,3.85490378666836,0.08079430392726193,0.45857868722666656,0.8075765174446673,0.898855246836243,0.85865834118426
write_efficiency,extra_trees,ensemble,2,3000.0,0.7959680940903745,0.05508365931491483,0.03270279516667561,0.019322869518425878,4.229097151061353,4.0068462299149825,0.08262686930596021,0.45634837169552367,0.7959723251418145,0.8923533287301417,0.867540022615558
write_efficiency,extra_trees,ensemble,3,3000.0,0.7941887251100609,0.056178685557961835,0.032413096738374884,0.019178832519763767,4.210651767074873,3.973268114146402,0.0794209940166767,0.4793700485699259,0.7942067494324963,0.8912132297915388,0.863874236874915
write_efficiency,extra_trees,ensemble,4,3000.0,0.8010233173077091,0.05447545072419866,0.03219763101067311,0.01984884799308545,4.13571434374621,3.928935280074957,0.08107810199454514,0.4424551495586415,0.8012614729653283,0.8952178290989704,0.863573967063774
write_efficiency,hist_gbr,ensemble,0,3000.0,0.9821220390996093,0.016447057963895756,0.009374785947597386,0.005402137097951676,1.1591471065351293,1.1519269927226474,0.02645136246308011,0.16520752819928597,0.9821222554848805,0.9911064304541192,0.9644954316106034
write_efficiency,hist_gbr,ensemble,1,3000.0,0.9760239296816564,0.018966001552554356,0.009767736196028184,0.005042623714575978,1.2139023604192956,1.194781310864867,0.02851821578100903,0.2424828000323319,0.9760352129980796,0.9880949759110929,0.965868059318673
write_efficiency,hist_gbr,ensemble,2,3000.0,0.9764954666607002,0.01869603691557069,0.009811502048168327,0.005499321534023605,1.2248649883819955,1.2084672648350658,0.028044523874687238,0.23664304234495526,0.9764958929207874,0.9883062133561373,0.9664258718250966
write_efficiency,hist_gbr,ensemble,3,3000.0,0.9765399315401352,0.018967130385867396,0.010150816465441121,0.005378766041442717,1.2768464025502406,1.2564266368028034,0.0268142327277362,0.1936588234372606,0.9765453776523014,0.9885071792141789,0.9642143338015925
write_efficiency,hist_gbr,ensemble,4,3000.0,0.9788440089822898,0.017763004514081405,0.009533671922199347,0.005058929925099431,1.195811553871414,1.1791311643874436,0.02643742589691888,0.21027318344645746,0.9788440362941851,0.9894718078228618,0.9660280028920001
write_efficiency,xgboost,boosting,0,3000.0,0.9760195981440603,0.019048354272152644,0.010316084425611806,0.005037527850260459,1.3056967487370656,1.2871991366284663,0.030634957588398008,0.17075497955283536,0.9760219445815956,0.9883766903888734,0.9695204752732794
write_efficiency,xgboost,boosting,1,3000.0,0.9699317770874208,0.021239322560199413,0.010657506216067768,0.004802016396841191,1.3600183043550282,1.3304278181871017,0.031936493421442474,0.24670528644895984,0.9699672324162013,0.9852079706670898,0.9704543247105815
write_efficiency,xgboost,boosting,2,3000.0,0.9672429190977945,0.02207121986280972,0.0111333621695567,0.005014118429713388,1.4279532466985396,1.3988238780191011,0.03310738287377543,0.244761464907582,0.9672446946075016,0.9839357274342927,0.9691131306758048
write_efficiency,xgboost,boosting,3,3000.0,0.968527671792041,0.02196855177061618,0.011447156336188235,0.005509269096287295,1.483564698312703,1.449126155716036,0.03105740551599442,0.20304748188601784,0.9685522117398528,0.9848803515464777,0.9675914152807332
write_efficiency,xgboost,boosting,4,3000.0,0.9718344627568761,0.020495511389050623,0.010545059075734518,0.005075306867515894,1.3597082934426317,1.3305358020018867,0.03050433067997809,0.23067282335521355,0.9718506610132301,0.986326986954124,0.9688051410790617
write_efficiency,lightgbm,boosting,0,3000.0,0.9826133623480053,0.01621948397879925,0.008938139382952109,0.004668138070775707,1.1106044702556057,1.1003359085137063,0.02608536132292669,0.16097379856628857,0.9826134520729751,0.9914472398580977,0.969210166356685
write_efficiency,lightgbm,boosting,1,3000.0,0.9770690988708159,0.018548010831514947,0.009436826840776449,0.00468606345273026,1.1806535485034801,1.162050498589954,0.027889704307779928,0.22556343253567834,0.9770711994397623,0.988670647977362,0.9698301864255762
write_efficiency,lightgbm,boosting,2,3000.0,0.9766521318192722,0.018633625239768355,0.009538646514209314,0.004805345388546101,1.201558696239647,1.1819263520830965,0.027950904797018422,0.2647793007226723,0.9766521579205193,0.9884849423442239,0.9713639954848882
write_efficiency,lightgbm,boosting,3,3000.0,0.9774050997559982,0.01861410700901241,0.009637391605676126,0.004779665738280425,1.2233843960587065,1.2032022522525905,0.026315156125596418,0.1907234121081599,0.9774061339527411,0.9890224953014264,0.9694074837119425
write_efficiency,lightgbm,boosting,4,3000.0,0.9801975309462203,0.01718539073180384,0.009064720816871265,0.004514312279805532,1.1465074030331672,1.1284731867046607,0.025577739037418477,0.23114825571411712,0.9801980051076733,0.9902824525006932,0.9685759076195452
write_efficiency,catboost,boosting,0,3000.0,0.9870560467070368,0.013994671222236703,0.007762528243643547,0.004349649207784079,0.9495806477099695,0.9434417407341691,0.022507254602228972,0.14888573493112656,0.9870564940567255,0.9935933536527769,0.9714212626023624
write_efficiency,catboost,boosting,1,3000.0,0.983316442535202,0.01582089727688528,0.008233434360510652,0.004412212612396826,1.0152377454825046,0.9994917288137919,0.02378908180204313,0.1906077131180821,0.9833336454122651,0.9918488947782014,0.9697683188631463
write_efficiency,catboost,boosting,2,3000.0,0.984806707101278,0.015031409122383857,0.008072712730229826,0.004562612597114102,0.9948048757030651,0.9813013921626103,0.022547490353520088,0.16473344669841328,0.9848085670913685,0.9925776382746492,0.9704255900472876
write_efficiency,catboost,boosting,3,3000.0,0.9820570517842143,0.0165876129833254,0.008458525386916457,0.004569070383393048,1.0566718343104238,1.040106622898341,0.023450258730963278,0.1844722423174543,0.9820646235154973,0.9912425361739748,0.9709815643312848
write_efficiency,catboost,boosting,4,3000.0,0.9857441074101143,0.014581323539319272,0.007686488347267368,0.0042004624599306095,0.9503911008286329,0.9373581072219819,0.02170199642994841,0.17767602122838688,0.9857582688770018,0.9930000758852817,0.9701672820185867
write_efficiency,mlp,neural,0,3000.0,0.9867547276861253,0.014156623342953938,0.008724658336962081,0.005839265085656742,1.0634360579444249,1.0713857429784501,0.022767717856882776,0.1799345411244727,0.9868379937737317,0.9934782919547224,0.9564407164934128
write_efficiency,mlp,neural,1,3000.0,0.9903867992883328,0.0120093854738843,0.007366813853143763,0.004743858914158017,0.9006663000381908,0.8961396592692961,0.0180579045821823,0.10872059327476413,0.9904035297373655,0.9952103414112111,0.972089735565526
write_efficiency,mlp,neural,2,3000.0,0.9939888843260988,0.009454776846936937,0.005677533957001794,0.003688357312739532,0.6950981810421314,0.694723237148709,0.014182402196314302,0.09416539219852471,0.9939914688587896,0.9969986300907377,0.9797913248657025
write_efficiency,mlp,neural,3,3000.0,0.9806138565645717,0.01724180396540653,0.01050368193503332,0.006760406650455741,1.2856576388551892,1.2772840467831428,0.024375102335928434,0.22213686228247354,0.9806672349501478,0.9903094313343703,0.951775432863937
write_efficiency,mlp,neural,4,3000.0,0.9884604447433245,0.013118804941068431,0.007899032073918365,0.0051429728411183095,0.9571856239311983,0.9530888417496226,0.019525268555254077,0.13843614504455598,0.9885614475988095,0.9942842923532833,0.9628674500963832
write_efficiency,mlp_deep,neural,0,3000.0,0.9937741975410794,0.0097057008150942,0.006018559117266056,0.003878794309336242,0.7295743286201273,0.7314570701348605,0.015609418461455844,0.10547853662838408,0.9938694560192706,0.9969331063145412,0.9762813111423678
write_efficiency,mlp_deep,neural,1,3000.0,0.9941475290529014,0.009370362951413696,0.0057316176540164795,0.003886074471894818,0.6974850718383395,0.6955247416898367,0.014089740099108988,0.1213731821571492,0.9941475654840514,0.9970696408771931,0.9796605395178376
write_efficiency,mlp_deep,neural,2,3000.0,0.9922276427202074,0.010751031105253413,0.0065784313434135155,0.004611294480401207,0.7927683330419882,0.7887938126153601,0.016126816066440196,0.11325728916808286,0.9922289040113583,0.99611870658929,0.964071555563506
write_efficiency,mlp_deep,neural,3,3000.0,0.9892542194872151,0.012836776356811233,0.008354053436314055,0.005853556527809223,1.0080660037481823,1.006792726228151,0.01814762179111244,0.14401655337294605,0.9893181208153417,0.9946532382512253,0.9663213722579302
write_efficiency,mlp_deep,neural,4,3000.0,0.99601249124626,0.0077117077702860345,0.003962010705792092,0.0024110175568644587,0.4878503013439453,0.485119541688065,0.011477658667147722,0.1281955286298323,0.9961283781438887,0.9980623117622952,0.9908214883134986
energy_per_access_fj,ridge,linear,0,3000.0,0.8339351778299575,18.30173645276784,12.686852376273029,8.723731346293254,56.15131481035799,46.23334437927395,0.054532434795416265,113.61825815891731,0.8339817842536474,0.9133110007155751,0.9263463704829299
energy_per_access_fj,ridge,linear,1,3000.0,0.8487252345719882,16.682701509990064,11.651329077910376,8.072254449433203,55.612536624359244,43.90799929863503,0.0539911219870017,96.64364039047737,0.8488825084034466,0.9217597252769557,0.9197752417528046
energy_per_access_fj,ridge,linear,2,3000.0,0.8325346143313497,16.595289543760888,11.741058277587465,8.23942414178926,56.781479203751964,46.472590762856846,0.0591846856631549,95.58224728581891,0.832785297407602,0.913078925925806,0.918312379368042
energy_per_access_fj,ridge,linear,3,3000.0,0.83111501377816,17.81235478716891,12.21076717856056,8.230362380412792,56.278246577553624,44.758547989876135,0.05668881083624961,108.41520210561356,0.831120668275402,0.9118056483071957,0.9160588840065425
energy_per_access_fj,ridge,linear,4,3000.0,0.8325944408939769,16.825195626924565,12.045648148399982,8.926208371114676,59.57945911359219,47.54108445723076,0.05558363341035861,101.54254292711536,0.8326460079977855,0.9130246439569444,0.9202959724773301
energy_per_access_fj,elasticnet,linear,0,3000.0,0.8337409864891605,18.31243408368112,12.686944930966817,8.744047972943903,56.09743645990554,46.15204848225613,0.054564309796007016,114.20077007134361,0.8337880157287686,0.9132379784953338,0.9270537954504215
energy_per_access_fj,elasticnet,linear,1,3000.0,0.8482402197696426,16.70942401698881,11.664081716110367,8.094721849232215,55.75662515220606,43.89948422380967,0.0540776054701656,95.72505089003107,0.8483884708924241,0.9215548997510193,0.9204270751585637
energy_per_access_fj,elasticnet,linear,2,3000.0,0.8326792041434308,16.58812380038773,11.746833166878242,8.248224934572434,56.8109604713106,46.498193290745824,0.0591591300819784,95.1517432818475,0.8329212181569058,0.9130917624095378,0.9193414892601655
energy_per_access_fj,elasticnet,linear,3,3000.0,0.830844852121121,17.82659611326685,12.223665077447206,8.224339625346044,56.34849045435764,44.7938209620612,0.0567341346494607,109.00411112450479,0.8308507005743699,0.9116918832468428,0.916954630328292
energy_per_access_fj,elasticnet,linear,4,3000.0,0.8330632772340698,16.801618769919475,12.031410477379177,8.880910879379453,59.53429379344088,47.48326080546017,0.055505745021670744,101.88256199470561,0.8331139694236415,0.9131954884239437,0.9214250379361152
energy_per_access_fj,poly2_ridge,linear,0,3000.0,0.9667263066718985,8.192264760933316,4.963624717462502,2.7781041865249003,18.79753781642825,17.163861538473306,0.024409932087882277,76.5321656757225,0.966727568668992,0.9832685430851014,0.9713845252649471
energy_per_access_fj,poly2_ridge,linear,1,3000.0,0.9647376588418108,8.054502241859277,4.9586978541746625,2.914988984188213,21.408777932497273,18.72044285402264,0.02606721775992873,115.2643580669539,0.9648626531706903,0.9822892323744663,0.9700830522314502
energy_per_access_fj,poly2_ridge,linear,2,3000.0,0.9559569731756246,8.510613854650508,4.8820815683823025,2.662208369341701,19.84725537724624,18.433314985027444,0.030351866079814802,115.52674808566812,0.9560497826462185,0.9778689346978506,0.9689047258783028
energy_per_access_fj,poly2_ridge,linear,3,3000.0,0.9586243976161555,8.816535901029935,5.1807173480647295,2.9295093724826167,22.235323597718363,19.215376327129608,0.02805911637716303,104.5775189761048,0.9586247517098524,0.9790939440565004,0.9675346066149562
energy_per_access_fj,poly2_ridge,linear,4,3000.0,0.9595676073554456,8.268750840467561,4.917643723612679,2.8583971973905165,21.650741233996328,19.17668660245699,0.02731660455362884,109.188464135866,0.9595709102578729,0.979608117641458,0.9687472791941419
energy_per_access_fj,knn,neighbour,0,3000.0,0.8481591075020625,17.500394897962224,11.037421894650297,6.659404592366816,41.361767492405576,29.13988089649576,0.05214473206572877,163.09756756262112,0.8492874813424264,0.9423032491970711,0.9189462398829153
energy_per_access_fj,knn,neighbour,1,3000.0,0.8530493996810794,16.442536613221886,10.671934989911106,6.584665770125582,44.664111317460204,29.33948156009633,0.05321386344583308,127.71908298012448,0.853652048126982,0.9446492563521068,0.9034206154911792
energy_per_access_fj,knn,neighbour,2,3000.0,0.8522697709285,15.586801072830617,10.356735179314782,6.536347874583434,43.31126692763166,29.286378759151845,0.05558805825936468,91.49239570256296,0.8522818946102239,0.9376961338782216,0.9061541789060198
energy_per_access_fj,knn,neighbour,3,3000.0,0.849087495409735,16.837919500213868,10.66516434866651,6.265781318092374,42.91793506891183,29.195755956871523,0.053587616282559675,156.11896081005273,0.8493401908300633,0.9385286219670985,0.904930772103419
energy_per_access_fj,knn,neighbour,4,3000.0,0.8603265847770885,15.368520502929528,10.153407200165411,6.446418454557291,45.44350500181423,29.435846407316056,0.050771368644737656,129.04529641294755,0.8603501621851894,0.9420343601742927,0.9076167612907511
energy_per_access_fj,svr_rbf,kernel,0,3000.0,0.9414095098302421,10.870938540943426,5.552703025722183,2.4285136749236944,18.902568783432123,16.144724566953023,0.032391393498583616,127.5283516896464,0.9414153877030121,0.9715467504835644,0.9665403340600369
energy_per_access_fj,svr_rbf,kernel,1,3000.0,0.9470018524776094,9.87446284807952,5.348728346813591,2.464818086326307,18.9588772535258,16.544516562773982,0.03195725391762974,96.59402677548516,0.9470669909121372,0.9746204606729596,0.9662386175820684
energy_per_access_fj,svr_rbf,kernel,2,3000.0,0.9380893949645024,10.090317485489189,5.3667116704693525,2.5291252725573052,20.019681929216787,17.434604352295196,0.03598564924374168,104.09117270441436,0.9382498166331292,0.968818424697389,0.9641594973510551
energy_per_access_fj,svr_rbf,kernel,3,3000.0,0.9382721347920752,10.768778502440677,5.565336091694133,2.401353159836841,19.627700528610944,17.105283594833686,0.03427223714980576,119.52333260672384,0.9382740288256699,0.9697269619245702,0.9649139165459906
energy_per_access_fj,svr_rbf,kernel,4,3000.0,0.9438324785113408,9.74580718103614,5.153247380504124,2.334254528999381,19.725770647049618,16.684227154748083,0.032196200605946274,103.13490414395193,0.9439780446292714,0.9716783905630172,0.9644351596039065
energy_per_access_fj,gpr,kernel,0,3000.0,0.9566219972711408,9.353803681518228,5.651245990673097,3.2087261074640763,20.3362160341978,18.722289255051297,0.027870890320594425,70.07169854823502,0.9567771788736893,0.9788754689306375,0.9671722687969186
energy_per_access_fj,gpr,kernel,1,3000.0,0.9597437331328025,8.605971123886626,5.449734568588924,3.2429362654655822,22.148697889898685,19.589014904713217,0.027851966091231327,81.3146792554907,0.959898019632302,0.9797760846613336,0.9655480539497836
energy_per_access_fj,gpr,kernel,2,3000.0,0.9548302217410237,8.618789748292748,5.312469216918851,3.2104245930370086,19.85599768678865,19.29759489809697,0.030737659665679287,88.4312847985376,0.9548551404272819,0.9772026951159386,0.9677788910865434
energy_per_access_fj,gpr,kernel,3,3000.0,0.9535644916310488,9.340086917082456,5.583522357728141,3.0983656842677965,22.710915863691916,20.080111400535216,0.029725346635135836,96.58770522665125,0.9536141955273941,0.9765324770526176,0.9668975438775047
energy_per_access_fj,gpr,kernel,4,3000.0,0.9538550124504385,8.833594333378647,5.363326967093573,3.1246274343668166,22.180050163293295,19.673194889312544,0.029182618735000655,117.77040585852602,0.9538577578163844,0.9766587840837738,0.9652808663645406
energy_per_access_fj,random_forest,ensemble,0,3000.0,0.9403420555296522,10.969519829850258,5.807602430628717,2.9419443837246693,17.921453962605263,15.128612569942263,0.03268512943578464,109.37518080090143,0.940423256600339,0.9740297527914458,0.9758452653161406
energy_per_access_fj,random_forest,ensemble,1,3000.0,0.94619101119807,9.949712930686603,5.625107885192163,2.9738764881844326,19.47391524499826,15.652868194961503,0.03220078979742343,102.81076938826818,0.9462275329355023,0.9761904648218597,0.9737158553017616
energy_per_access_fj,random_forest,ensemble,2,3000.0,0.940811861743296,9.86596673713693,5.382553061248575,2.833110081718791,18.22421573781763,15.146494742198218,0.0351855349411555,100.84302357504279,0.9409009716614384,0.9714682909113707,0.9741025864558428
energy_per_access_fj,random_forest,ensemble,3,3000.0,0.9427395152135938,10.3717807057732,5.5692610124173845,2.9045436499581294,18.49593008495182,15.297778624642477,0.0330087695585414,105.63063746985537,0.9427398571727136,0.9739709788338738,0.9739293348810371
energy_per_access_fj,random_forest,ensemble,4,3000.0,0.9429575864432919,9.821416554197917,5.53793392838082,3.0266673164125732,19.25712777406179,15.883925173981181,0.03244598335875337,113.74094244693536,0.9429575864626875,0.9731615777496613,0.9742672104741343
energy_per_access_fj,extra_trees,ensemble,0,3000.0,0.9370606067826254,11.267167498668535,6.175803340229264,3.419254678749077,18.94631452237707,16.268629533909202,0.03357200987654115,116.29604685809491,0.9371001167764736,0.9739431583665507,0.9759284919920546
energy_per_access_fj,extra_trees,ensemble,1,3000.0,0.9422120005188604,10.311027981186026,5.945497160437107,3.487221390495435,20.275161583829263,16.68758789961417,0.0333701330812778,95.05527090151445,0.942214984455763,0.976176423207281,0.9747150469683384
energy_per_access_fj,extra_trees,ensemble,2,3000.0,0.9386741426934908,10.042552740449757,5.780261621126723,3.3080472405202297,19.441116966718848,16.537843063811053,0.03581530322998368,92.96688351530955,0.9388920440933516,0.97151032091512,0.9743170744796749
energy_per_access_fj,extra_trees,ensemble,3,3000.0,0.9399733079088517,10.619352109007227,6.008700037933246,3.504110463497881,19.759997046934092,16.691036721553512,0.03379667933319447,101.81548093064754,0.9399769370611166,0.9746337234777814,0.9740529300058809
energy_per_access_fj,extra_trees,ensemble,4,3000.0,0.9427714251079984,9.837429890489199,5.846092934210816,3.516851228757705,20.12201572789199,16.95725482827803,0.032498884937660844,110.11297080041787,0.9427953489362346,0.9746876397369892,0.9748771972085774
energy_per_access_fj,hist_gbr,ensemble,0,3000.0,0.9772172653712601,6.778855876240558,3.6690597570399297,1.9007387011130654,12.049095416032282,11.26015181288822,0.0201984941162622,77.81683054677961,0.9772179696735303,0.988606543827829,0.9833288941476548
energy_per_access_fj,hist_gbr,ensemble,1,3000.0,0.9744654575378978,6.8540485360344,3.575236268183003,1.7718851200077115,13.405928283894605,11.77317822227891,0.022182125022872513,108.5198214208835,0.9745169994338828,0.9872339907164148,0.9824777807197533
energy_per_access_fj,hist_gbr,ensemble,2,3000.0,0.9693525242915414,7.09936756171989,3.563916447503012,1.757783894169049,12.58386213515251,11.720214520581052,0.025318861502212076,120.23107840928228,0.9694041438713564,0.9846352935827094,0.9805959560662172
energy_per_access_fj,hist_gbr,ensemble,3,3000.0,0.9736242409215322,7.039280951133532,3.6708279457529653,1.8002061292957956,12.744789964733572,11.829419117847863,0.022402903548130404,95.36151387526279,0.9736254864456914,0.9867316474435106,0.9816617161846349
energy_per_access_fj,hist_gbr,ensemble,4,3000.0,0.9741257613392432,6.614682062622549,3.505570564668862,1.8405447078018078,12.754512311024671,11.702101895805264,0.021852231085297144,96.87078990688231,0.9741257719928247,0.9869783387589485,0.9823162984795886
energy_per_access_fj,xgboost,boosting,0,3000.0,0.9758732098551182,6.975948217247653,3.4313944368303178,1.5275731430412591,10.727328669513545,9.72979633063111,0.020785756710846214,86.980093562456,0.9758748439278481,0.9880521371499209,0.98521875268933
energy_per_access_fj,xgboost,boosting,1,3000.0,0.9765706072073288,6.565437206426338,3.27578619229994,1.4500542374431022,11.178760921717926,10.109398089334116,0.021248076691769282,87.74563902902678,0.9766120199988829,0.9885264300370605,0.9844420533824503
energy_per_access_fj,xgboost,boosting,2,3000.0,0.9668572202587647,7.382726373430454,3.37276378598382,1.4275597097151511,11.251970692575593,10.167177908763412,0.02632941947751898,137.85421152268896,0.9669390523623869,0.9833325803449856,0.9829225981025106
energy_per_access_fj,xgboost,boosting,3,3000.0,0.9719384772833695,7.260749143717212,3.490746431638721,1.4745681690076182,11.142531815670907,10.10278441553529,0.02310773840155844,74.7027134423169,0.9719393291983922,0.9860323663588001,0.9837450716365351
energy_per_access_fj,xgboost,boosting,4,3000.0,0.9710723890895268,6.994094055180799,3.3009266177122094,1.4447719295700425,11.521259549722215,10.27609918877997,0.023105654675338712,97.99586294693411,0.9710739864167307,0.9854561760211448,0.9834524172724908
energy_per_access_fj,lightgbm,boosting,0,3000.0,0.9779428321051717,6.670038631500415,3.406344023619166,1.547020797651049,10.892648366031755,10.062132217890474,0.019874258800191343,78.94048847334065,0.9779480283222534,0.9890644067335798,0.9852210468023384
energy_per_access_fj,lightgbm,boosting,1,3000.0,0.976434812343322,6.584436088491222,3.3266525174774433,1.5895325293870144,11.710176177202438,10.658940341874638,0.021309563793157956,95.1684889904112,0.9765168358954583,0.9883560132644406,0.9845313307257033
energy_per_access_fj,lightgbm,boosting,2,3000.0,0.9702160844960807,6.998632717322405,3.3351572513205063,1.5223345103311043,11.448197291956308,10.626610275327804,0.024959605335860134,112.26607008688822,0.9702492778191131,0.9850237325263984,0.9824847838316426
energy_per_access_fj,lightgbm,boosting,3,3000.0,0.9746495616650284,6.901103677896189,3.4269714280997454,1.5881124506712894,11.637089755677883,10.756551427832637,0.021963146682852656,94.63147108068127,0.9746543320802988,0.9872659146155613,0.9840834564537173
energy_per_access_fj,lightgbm,boosting,4,3000.0,0.9734700068524411,6.6979785675529095,3.2458289527549806,1.4756606511790826,11.384784383853772,10.486430851988064,0.022127409008756423,108.56082617647535,0.9734708175316186,0.9866466137135467,0.9841039133448791
energy_per_access_fj,catboost,boosting,0,3000.0,0.979831848363355,6.378029502061705,3.2253457361140367,1.4612473784107003,10.543369365792229,9.873485776125305,0.019004179130326218,72.98862686061369,0.9798319299351725,0.9900071411594535,0.9860106575567397
energy_per_access_fj,catboost,boosting,1,3000.0,0.9795455686835313,6.134467078153189,3.1393037954380256,1.4684898364792018,11.24487992315589,10.586050027204513,0.019853304942456646,90.22524593813152,0.9795889531599274,0.9898017662642172,0.9855801321755702
energy_per_access_fj,catboost,boosting,2,3000.0,0.9753360092528132,6.368746776161574,3.076102395163497,1.4541043819218746,10.721948987128496,10.132656577793075,0.02271320877056129,103.45349766844657,0.975360682539547,0.9876035825699246,0.9853227157025238
energy_per_access_fj,catboost,boosting,3,3000.0,0.9787284311117767,6.321579103375264,3.1889981450258995,1.5147229309438917,10.905929374445696,10.336137667165062,0.02011877745865328,101.73280379682377,0.9787307048451545,0.9893433830728774,0.9859211913245766
energy_per_access_fj,catboost,boosting,4,3000.0,0.9781785354013333,6.074592262002121,3.11240309134274,1.4841552798223336,11.228054422320792,10.567091140707948,0.020067993079866783,95.13560248213689,0.9781786147032457,0.9890299682303214,0.985044034338226
energy_per_access_fj,mlp,neural,0,3000.0,0.9897448610851748,4.54803971679075,2.484628893466712,1.4722279840280983,9.24060887904021,8.98755172059532,0.01355148348589331,46.98906906648528,0.9897460013138357,0.9948634988430107,0.9906136385126265
energy_per_access_fj,mlp,neural,1,3000.0,0.987121405739052,4.867627833862402,2.5455534061839034,1.4489358730735713,10.062425132824647,10.03847496682829,0.015753365125427236,67.85347111162649,0.9872115458749421,0.9935858226607612,0.9884818316090924
energy_per_access_fj,mlp,neural,2,3000.0,0.9898661624427093,4.082340977229493,2.085070508506496,1.1967366290755113,8.644034841589413,8.906182827220057,0.014559075144186313,53.28055166606704,0.9898746545337468,0.9949964702818357,0.9914171999352444
energy_per_access_fj,mlp,neural,3,3000.0,0.9879957628510024,4.7489008113626525,2.254434217245617,1.2073146754030901,8.697760515053371,8.669799568607997,0.015113641233408071,77.72978505613541,0.9879988054754187,0.993981617784432,0.9906923229658136
energy_per_access_fj,mlp,neural,4,3000.0,0.9903188949870619,4.046109669793352,2.1420489879173625,1.2468817392786704,9.532586579735058,9.13255710567279,0.013366707978361215,76.01688755764785,0.9903752609984396,0.9952800493463715,0.9915994990666108
energy_per_access_fj,mlp_deep,neural,0,3000.0,0.9930218490570638,3.7516615685807473,1.7949019179518217,0.9636892625106492,6.897436538930051,6.435199420709154,0.011178569880026776,47.013650043398826,0.9930613700802731,0.9965260579326707,0.9941791326865702
energy_per_access_fj,mlp_deep,neural,1,3000.0,0.9914267389323578,3.971514565858472,1.7892458754239857,0.8831648022524661,7.0498158524785515,6.646073914879754,0.012853225676309936,75.58576806279207,0.9914342302368154,0.9957139402181984,0.9928086787565198
energy_per_access_fj,mlp_deep,neural,2,3000.0,0.9863838422211652,4.732052940585756,2.316985492437926,1.2646282877055892,8.522021739336223,8.226304604496386,0.01687617833310225,88.79947029067463,0.98638508792287,0.9931785290833308,0.9910820403424488
energy_per_access_fj,mlp_deep,neural,3,3000.0,0.9877764529149127,4.792084200680981,2.0480436340245367,0.9513692700960803,7.518195340501202,7.339066630567823,0.015251074774205174,85.71099793663191,0.9877986920996572,0.9938963288308641,0.9916247764027528
energy_per_access_fj,mlp_deep,neural,4,3000.0,0.9894424944580688,4.225283402128658,2.005370892928614,1.0916795611368322,8.234238414655053,7.586141036830567,0.01395862543808776,73.47004282716453,0.9895575809810518,0.9948245742464096,0.9914975430552825
